origen,destino,salida_utc,llegada_utc,capacidad,asignado,residual
"OMDB","OOMS","2025-09-15T14:40:00Z","2025-09-15T16:08:00Z",320,0,320
"OOMS","OMDB","2025-09-15T14:42:00Z","2025-09-15T16:10:00Z",320,0,320
"EHAM","EDDI","2025-09-15T14:49:00Z","2025-09-15T16:35:00Z",360,0,360
"SABE","SUAA","2025-09-15T14:26:00Z","2025-09-15T16:39:00Z",340,0,340
"OSDI","OJAI","2025-09-15T14:25:00Z","2025-09-15T16:43:00Z",320,0,320
"LKPR","EDDI","2025-09-15T14:27:00Z","2025-09-15T16:44:00Z",340,0,340
"EDDI","LATI","2025-09-15T14:23:00Z","2025-09-15T17:01:00Z",360,0,360
"EKCH","LDZA","2025-09-15T14:38:00Z","2025-09-15T17:04:00Z",340,0,340
"SGAS","SUAA","2025-09-15T14:52:00Z","2025-09-15T17:07:00Z",300,0,300
"OJAI","OERK","2025-09-15T14:29:00Z","2025-09-15T17:09:00Z",360,0,360
"EHAM","EBCI","2025-09-15T15:57:00Z","2025-09-15T17:13:00Z",320,0,320
"LATI","LOWW","2025-09-15T14:18:00Z","2025-09-15T17:19:00Z",300,0,300
"LBSF","LATI","2025-09-15T15:59:00Z","2025-09-15T17:25:00Z",360,0,360
"LOWW","LATI","2025-09-15T14:24:00Z","2025-09-15T17:25:00Z",360,0,360
"SBBR","SGAS","2025-09-15T14:36:00Z","2025-09-15T17:31:00Z",300,0,300
"LDZA","LBSF","2025-09-15T15:45:00Z","2025-09-15T17:34:00Z",340,0,340
"UBBB","OSDI","2025-09-15T14:43:00Z","2025-09-15T17:34:00Z",360,0,360
"LATI","UMMS","2025-09-15T14:43:00Z","2025-09-15T17:35:00Z",340,0,340
"EDDI","EKCH","2025-09-15T15:11:00Z","2025-09-15T17:36:00Z",320,0,320
"OPKC","OAKB","2025-09-15T14:15:00Z","2025-09-15T17:40:00Z",360,0,360
"SPIM","SLLP","2025-09-15T14:22:00Z","2025-09-15T17:42:00Z",320,0,320
"LOWW","UMMS","2025-09-15T14:28:00Z","2025-09-15T17:44:00Z",340,0,340
"EDDI","LKPR","2025-09-15T15:32:00Z","2025-09-15T17:49:00Z",340,0,340
"VIDP","OAKB","2025-09-15T14:33:00Z","2025-09-15T17:49:00Z",300,0,300
"SGAS","SABE","2025-09-15T14:37:00Z","2025-09-15T17:52:00Z",340,0,340
"OMDB","OPKC","2025-09-15T14:21:00Z","2025-09-15T17:53:00Z",360,0,360
"LOWW","LKPR","2025-09-15T15:35:00Z","2025-09-15T17:55:00Z",340,0,340
"OJAI","OERK","2025-09-15T15:20:00Z","2025-09-15T18:00:00Z",320,0,320
"SLLP","SUAA","2025-09-15T14:13:00Z","2025-09-15T18:09:00Z",360,0,360
"OSDI","OERK","2025-09-15T15:26:00Z","2025-09-15T18:11:00Z",320,0,320
"LKPR","LOWW","2025-09-15T16:52:00Z","2025-09-15T18:12:00Z",340,0,340
"SLLP","SPIM","2025-09-15T15:54:00Z","2025-09-15T18:14:00Z",300,0,300
"LOWW","LBSF","2025-09-15T15:16:00Z","2025-09-15T18:21:00Z",360,0,360
"LBSF","EKCH","2025-09-15T14:18:00Z","2025-09-15T18:22:00Z",360,0,360
"OMDB","VIDP","2025-09-15T14:38:00Z","2025-09-15T18:24:00Z",360,0,360
"LOWW","EDDI","2025-09-15T16:51:00Z","2025-09-15T18:28:00Z",320,0,320
"EBCI","LKPR","2025-09-15T16:38:00Z","2025-09-15T18:31:00Z",320,0,320
"OERK","OJAI","2025-09-15T15:52:00Z","2025-09-15T18:32:00Z",320,0,320
"OMDB","OERK","2025-09-15T15:23:00Z","2025-09-15T18:32:00Z",300,0,300
"LDZA","EBCI","2025-09-15T15:23:00Z","2025-09-15T18:42:00Z",300,0,300
"OAKB","VIDP","2025-09-15T15:26:00Z","2025-09-15T18:42:00Z",340,0,340
"OPKC","OMDB","2025-09-15T15:17:00Z","2025-09-15T18:49:00Z",340,0,340
"LDZA","LOWW","2025-09-15T16:29:00Z","2025-09-15T18:54:00Z",300,0,300
"LDZA","OJAI","2025-09-15T14:07:00Z","2025-09-15T18:58:00Z",300,0,300
"EKCH","LDZA","2025-09-15T16:35:00Z","2025-09-15T19:01:00Z",360,0,360
"OAKB","UBBB","2025-09-15T15:48:00Z","2025-09-15T19:04:00Z",300,0,300
"LKPR","UMMS","2025-09-15T16:52:00Z","2025-09-15T19:09:00Z",300,0,300
"SEQM","SPIM","2025-09-15T16:32:00Z","2025-09-15T19:13:00Z",320,0,320
"SABE","SBBR","2025-09-15T15:15:00Z","2025-09-15T19:14:00Z",320,0,320
"EKCH","EBCI","2025-09-15T17:19:00Z","2025-09-15T19:17:00Z",300,0,300
"LDZA","UMMS","2025-09-15T16:44:00Z","2025-09-15T19:17:00Z",340,0,340
"SVMI","SLLP","2025-09-15T14:42:00Z","2025-09-15T19:20:00Z",340,0,340
"SVMI","SPIM","2025-09-15T14:55:00Z","2025-09-15T19:21:00Z",340,0,340
"EKCH","EDDI","2025-09-15T17:02:00Z","2025-09-15T19:27:00Z",300,0,300
"LKPR","LATI","2025-09-15T16:08:00Z","2025-09-15T19:29:00Z",320,0,320
"OJAI","OYSN","2025-09-15T15:58:00Z","2025-09-15T19:29:00Z",320,0,320
"OSDI","LBSF","2025-09-15T16:36:00Z","2025-09-15T19:30:00Z",320,0,320
"EBCI","LATI","2025-09-15T16:39:00Z","2025-09-15T19:34:00Z",360,292,68
"LATI","OSDI","2025-09-15T15:23:00Z","2025-09-15T19:34:00Z",360,0,360
"UMMS","EBCI","2025-09-15T15:27:00Z","2025-09-15T19:34:00Z",320,0,320
"OERK","VIDP","2025-09-15T14:40:00Z","2025-09-15T19:35:00Z",320,0,320
"LKPR","EHAM","2025-09-15T17:41:00Z","2025-09-15T19:36:00Z",300,0,300
"OYSN","OPKC","2025-09-15T14:23:00Z","2025-09-15T19:39:00Z",340,0,340
"SEQM","SVMI","2025-09-15T15:31:00Z","2025-09-15T19:41:00Z",360,0,360
"OSDI","OPKC","2025-09-15T14:47:00Z","2025-09-15T19:46:00Z",360,0,360
"EBCI","EHAM","2025-09-15T17:32:00Z","2025-09-15T19:48:00Z",340,340,0
"LOWW","OSDI","2025-09-15T15:50:00Z","2025-09-15T19:48:00Z",340,0,340
"LOWW","EKCH","2025-09-15T16:49:00Z","2025-09-15T19:51:00Z",300,0,300
"EHAM","LOWW","2025-09-15T16:40:00Z","2025-09-15T19:52:00Z",340,0,340
"EDDI","LOWW","2025-09-15T17:17:00Z","2025-09-15T19:54:00Z",360,0,360
"UBBB","OOMS","2025-09-15T15:23:00Z","2025-09-15T19:56:00Z",340,107,233
"SLLP","SBBR","2025-09-15T15:07:00Z","2025-09-15T19:57:00Z",300,0,300
"UMMS","LDZA","2025-09-15T17:29:00Z","2025-09-15T20:02:00Z",320,0,320
"UBBB","EBCI","2025-09-15T14:26:00Z","2025-09-15T20:06:00Z",360,0,360
"EHAM","LATI","2025-09-15T16:02:00Z","2025-09-15T20:08:00Z",320,0,320
"OAKB","OERK","2025-09-15T15:01:00Z","2025-09-15T20:08:00Z",360,0,360
"OERK","LDZA","2025-09-15T14:39:00Z","2025-09-15T20:08:00Z",360,0,360
"LOWW","OERK","2025-09-15T14:26:00Z","2025-09-15T20:09:00Z",340,0,340
"SEQM","SLLP","2025-09-15T16:32:00Z","2025-09-15T20:09:00Z",320,0,320
"OYSN","OSDI","2025-09-15T16:29:00Z","2025-09-15T20:11:00Z",340,0,340
"UBBB","UMMS","2025-09-15T16:25:00Z","2025-09-15T20:11:00Z",340,0,340
"OYSN","VIDP","2025-09-15T14:35:00Z","2025-09-15T20:13:00Z",340,0,340
"LBSF","OSDI","2025-09-15T17:21:00Z","2025-09-15T20:15:00Z",320,0,320
"SCEL","SLLP","2025-09-15T16:53:00Z","2025-09-15T20:16:00Z",360,0,360
"VIDP","OOMS","2025-09-15T16:47:00Z","2025-09-15T20:16:00Z",320,0,320
"EDDI","EBCI","2025-09-15T18:28:00Z","2025-09-15T20:18:00Z",320,0,320
"UMMS","LOWW","2025-09-15T17:03:00Z","2025-09-15T20:19:00Z",320,0,320
"LDZA","EHAM","2025-09-15T17:52:00Z","2025-09-15T20:20:00Z",340,0,340
"OSDI","OMDB","2025-09-15T16:48:00Z","2025-09-15T20:22:00Z",340,0,340
"SCEL","SABE","2025-09-15T17:58:00Z","2025-09-15T20:22:00Z",360,0,360
"SBBR","SABE","2025-09-15T16:24:00Z","2025-09-15T20:23:00Z",320,0,320
"LKPR","UBBB","2025-09-15T15:40:00Z","2025-09-15T20:26:00Z",320,0,320
"OERK","LOWW","2025-09-15T14:43:00Z","2025-09-15T20:26:00Z",340,0,340
"OOMS","OPKC","2025-09-15T17:18:00Z","2025-09-15T20:27:00Z",340,0,340
"SKBO","SGAS","2025-09-15T14:47:00Z","2025-09-15T20:27:00Z",320,0,320
"OERK","OSDI","2025-09-15T17:43:00Z","2025-09-15T20:28:00Z",360,0,360
"OOMS","OAKB","2025-09-15T16:26:00Z","2025-09-15T20:28:00Z",300,0,300
"OERK","LBSF","2025-09-15T15:49:00Z","2025-09-15T20:29:00Z",360,0,360
"OAKB","OPKC","2025-09-15T17:06:00Z","2025-09-15T20:31:00Z",340,0,340
"EHAM","OSDI","2025-09-15T14:22:00Z","2025-09-15T20:32:00Z",340,0,340
"OSDI","VIDP","2025-09-15T14:38:00Z","2025-09-15T20:35:00Z",320,0,320
"OERK","OPKC","2025-09-15T16:56:00Z","2025-09-15T20:36:00Z",300,0,300
"UBBB","LDZA","2025-09-15T15:04:00Z","2025-09-15T20:36:00Z",340,0,340
"UBBB","OAKB","2025-09-15T16:21:00Z","2025-09-15T20:37:00Z",320,0,320
"OOMS","VIDP","2025-09-15T16:10:00Z","2025-09-15T20:39:00Z",360,0,360
"SABE","SGAS","2025-09-15T17:25:00Z","2025-09-15T20:40:00Z",300,0,300
"EDDI","EKCH","2025-09-15T18:18:00Z","2025-09-15T20:43:00Z",340,0,340
"EDDI","OJAI","2025-09-15T15:02:00Z","2025-09-15T20:44:00Z",340,0,340
"OPKC","UBBB","2025-09-15T15:44:00Z","2025-09-15T20:44:00Z",300,0,300
"LOWW","OSDI","2025-09-15T16:52:00Z","2025-09-15T20:50:00Z",320,0,320
"SABE","SCEL","2025-09-15T17:26:00Z","2025-09-15T20:50:00Z",360,0,360
"OERK","UBBB","2025-09-15T16:34:00Z","2025-09-15T20:51:00Z",320,0,320
"EBCI","EKCH","2025-09-15T18:55:00Z","2025-09-15T20:53:00Z",340,0,340
"LOWW","EHAM","2025-09-15T17:43:00Z","2025-09-15T20:55:00Z",360,0,360
"OJAI","UBBB","2025-09-15T16:48:00Z","2025-09-15T20:55:00Z",360,0,360
"SBBR","SUAA","2025-09-15T16:02:00Z","2025-09-15T20:55:00Z",320,0,320
"LKPR","EBCI","2025-09-15T18:03:00Z","2025-09-15T20:56:00Z",360,0,360
"LOWW","LDZA","2025-09-15T18:31:00Z","2025-09-15T20:56:00Z",340,0,340
"SABE","SPIM","2025-09-15T15:02:00Z","2025-09-15T20:56:00Z",300,0,300
"LATI","LOWW","2025-09-15T17:57:00Z","2025-09-15T20:58:00Z",360,0,360
"LBSF","EHAM","2025-09-15T16:42:00Z","2025-09-15T20:58:00Z",300,0,300
"LBSF","UMMS","2025-09-15T17:22:00Z","2025-09-15T20:58:00Z",340,0,340
"OMDB","LBSF","2025-09-15T14:36:00Z","2025-09-15T20:59:00Z",340,0,340
"LBSF","LDZA","2025-09-15T19:11:00Z","2025-09-15T21:00:00Z",360,0,360
"OMDB","UBBB","2025-09-15T17:50:00Z","2025-09-15T21:00:00Z",340,0,340
"OSDI","EHAM","2025-09-15T15:50:00Z","2025-09-15T21:00:00Z",300,0,300
"SKBO","SABE","2025-09-15T14:17:00Z","2025-09-15T21:00:00Z",300,0,300
"LATI","EBCI","2025-09-15T18:07:00Z","2025-09-15T21:02:00Z",300,0,300
"LDZA","OJAI","2025-09-15T17:15:00Z","2025-09-15T21:06:00Z",340,0,340
"LATI","OMDB","2025-09-15T15:23:00Z","2025-09-15T21:07:00Z",340,0,340
"LOWW","UMMS","2025-09-15T18:52:00Z","2025-09-15T21:08:00Z",360,0,360
"OJAI","OMDB","2025-09-15T17:32:00Z","2025-09-15T21:08:00Z",340,0,340
"EBCI","OSDI","2025-09-15T15:06:00Z","2025-09-15T21:09:00Z",320,0,320
"OJAI","OSDI","2025-09-15T19:51:00Z","2025-09-15T21:09:00Z",300,0,300
"SKBO","SEQM","2025-09-15T19:22:00Z","2025-09-15T21:09:00Z",320,0,320
"LDZA","EKCH","2025-09-15T18:44:00Z","2025-09-15T21:10:00Z",320,0,320
"EBCI","EDDI","2025-09-15T19:21:00Z","2025-09-15T21:11:00Z",360,0,360
"LKPR","OSDI","2025-09-15T16:54:00Z","2025-09-15T21:11:00Z",300,0,300
"OAKB","OJAI","2025-09-15T15:13:00Z","2025-09-15T21:13:00Z",360,0,360
"UMMS","EDDI","2025-09-15T18:57:00Z","2025-09-15T21:13:00Z",320,0,320
"UMMS","EKCH","2025-09-15T18:53:00Z","2025-09-15T21:13:00Z",300,0,300
"SBBR","SGAS","2025-09-15T18:19:00Z","2025-09-15T21:14:00Z",320,0,320
"LATI","EKCH","2025-09-15T17:12:00Z","2025-09-15T21:15:00Z",300,0,300
"OYSN","LBSF","2025-09-15T15:45:00Z","2025-09-15T21:17:00Z",340,0,340
"SGAS","SLLP","2025-09-15T18:23:00Z","2025-09-15T21:17:00Z",320,0,320
"UBBB","LATI","2025-09-15T16:00:00Z","2025-09-15T21:17:00Z",360,0,360
"SKBO","SVMI","2025-09-15T18:56:00Z","2025-09-15T21:19:00Z",360,0,360
"UBBB","LBSF","2025-09-15T17:28:00Z","2025-09-15T21:19:00Z",320,0,320
"OAKB","OSDI","2025-09-15T16:32:00Z","2025-09-15T21:22:00Z",360,0,360
"OJAI","LDZA","2025-09-15T17:31:00Z","2025-09-15T21:22:00Z",320,0,320
"EHAM","OJAI","2025-09-15T15:05:00Z","2025-09-15T21:24:00Z",360,0,360
"SVMI","SEQM","2025-09-15T17:15:00Z","2025-09-15T21:25:00Z",320,0,320
"UBBB","OMDB","2025-09-15T17:15:00Z","2025-09-15T21:25:00Z",320,0,320
"OPKC","OOMS","2025-09-15T18:18:00Z","2025-09-15T21:27:00Z",300,0,300
"SCEL","SPIM","2025-09-15T16:23:00Z","2025-09-15T21:27:00Z",300,0,300
"LBSF","OAKB","2025-09-15T14:21:00Z","2025-09-15T21:28:00Z",320,0,320
"LBSF","EKCH","2025-09-15T17:25:00Z","2025-09-15T21:29:00Z",320,0,320
"OOMS","LBSF","2025-09-15T15:38:00Z","2025-09-15T21:29:00Z",340,0,340
"SUAA","SBBR","2025-09-15T17:36:00Z","2025-09-15T21:29:00Z",340,0,340
"LOWW","OMDB","2025-09-15T14:09:00Z","2025-09-15T21:30:00Z",360,0,360
"EBCI","LBSF","2025-09-15T17:24:00Z","2025-09-15T21:33:00Z",340,0,340
"EKCH","UMMS","2025-09-15T18:13:00Z","2025-09-15T21:33:00Z",320,0,320
"LATI","OOMS","2025-09-15T14:21:00Z","2025-09-15T21:33:00Z",320,0,320
"SABE","SEQM","2025-09-15T14:10:00Z","2025-09-15T21:35:00Z",320,0,320
"LATI","LBSF","2025-09-15T19:10:00Z","2025-09-15T21:36:00Z",360,0,360
"OYSN","OPKC","2025-09-15T16:21:00Z","2025-09-15T21:37:00Z",360,0,360
"SBBR","SLLP","2025-09-15T17:47:00Z","2025-09-15T21:37:00Z",340,0,340
"EBCI","OJAI","2025-09-15T15:29:00Z","2025-09-15T21:40:00Z",360,0,360
"EHAM","EBCI","2025-09-15T19:25:00Z","2025-09-15T21:41:00Z",320,0,320
"UMMS","OAKB","2025-09-15T15:51:00Z","2025-09-15T21:41:00Z",360,0,360
"LKPR","OERK","2025-09-15T14:41:00Z","2025-09-15T21:42:00Z",320,0,320
"OERK","LKPR","2025-09-15T14:41:00Z","2025-09-15T21:42:00Z",300,0,300
"OOMS","LATI","2025-09-15T14:33:00Z","2025-09-15T21:45:00Z",320,0,320
"SUAA","SPIM","2025-09-15T15:41:00Z","2025-09-15T21:45:00Z",340,0,340
"OPKC","OSDI","2025-09-15T16:49:00Z","2025-09-15T21:48:00Z",300,0,300
"SVMI","SLLP","2025-09-15T16:11:00Z","2025-09-15T21:49:00Z",340,0,340
"LBSF","UBBB","2025-09-15T17:59:00Z","2025-09-15T21:50:00Z",300,0,300
"OAKB","UMMS","2025-09-15T15:06:00Z","2025-09-15T21:56:00Z",320,0,320
"OMDB","LDZA","2025-09-15T14:44:00Z","2025-09-15T21:56:00Z",300,0,300
"SVMI","SKBO","2025-09-15T18:35:00Z","2025-09-15T21:58:00Z",340,0,340
"SBBR","SEQM","2025-09-15T15:13:00Z","2025-09-15T21:59:00Z",360,0,360
"OYSN","UBBB","2025-09-15T17:27:00Z","2025-09-15T22:01:00Z",320,0,320
"OPKC","OERK","2025-09-15T18:22:00Z","2025-09-15T22:02:00Z",360,0,360
"OYSN","LOWW","2025-09-15T15:24:00Z","2025-09-15T22:02:00Z",320,0,320
"VIDP","OMDB","2025-09-15T18:16:00Z","2025-09-15T22:02:00Z",300,0,300
"EDDI","LKPR","2025-09-15T20:46:00Z","2025-09-15T22:03:00Z",300,0,300
"LATI","UMMS","2025-09-15T19:15:00Z","2025-09-15T22:07:00Z",340,0,340
"UBBB","EKCH","2025-09-15T16:02:00Z","2025-09-15T22:07:00Z",320,0,320
"OAKB","EHAM","2025-09-15T14:17:00Z","2025-09-15T22:08:00Z",360,0,360
"EHAM","LKPR","2025-09-15T20:16:00Z","2025-09-15T22:11:00Z",360,0,360
"UMMS","OERK","2025-09-15T16:44:00Z","2025-09-15T22:12:00Z",320,0,320
"SEQM","SGAS","2025-09-15T16:44:00Z","2025-09-15T22:14:00Z",320,0,320
"LATI","LKPR","2025-09-15T19:54:00Z","2025-09-15T22:15:00Z",340,0,340
"LKPR","OOMS","2025-09-15T14:10:00Z","2025-09-15T22:15:00Z",300,0,300
"OPKC","OOMS","2025-09-15T19:06:00Z","2025-09-15T22:15:00Z",360,0,360
"LKPR","EDDI","2025-09-15T20:59:00Z","2025-09-15T22:16:00Z",360,0,360
"SEQM","SPIM","2025-09-15T19:35:00Z","2025-09-15T22:16:00Z",300,0,300
"SUAA","SGAS","2025-09-15T19:01:00Z","2025-09-15T22:16:00Z",340,0,340
"EKCH","LKPR","2025-09-15T20:34:00Z","2025-09-15T22:17:00Z",360,0,360
"LATI","VIDP","2025-09-15T14:29:00Z","2025-09-15T22:17:00Z",360,0,360
"LDZA","UBBB","2025-09-15T17:45:00Z","2025-09-15T22:17:00Z",300,0,300
"OMDB","OAKB","2025-09-15T18:11:00Z","2025-09-15T22:17:00Z",300,0,300
"SABE","SKBO","2025-09-15T15:35:00Z","2025-09-15T22:18:00Z",360,0,360
"LDZA","LATI","2025-09-15T20:41:00Z","2025-09-15T22:19:00Z",360,0,360
"OOMS","UBBB","2025-09-15T18:46:00Z","2025-09-15T22:19:00Z",320,0,320
"SGAS","SABE","2025-09-15T19:04:00Z","2025-09-15T22:19:00Z",320,0,320
"OJAI","LOWW","2025-09-15T17:13:00Z","2025-09-15T22:20:00Z",340,0,340
"OJAI","OPKC","2025-09-15T16:20:00Z","2025-09-15T22:24:00Z",300,0,300
"SABE","SEQM","2025-09-15T15:59:00Z","2025-09-15T22:24:00Z",360,0,360
"UBBB","EDDI","2025-09-15T17:30:00Z","2025-09-15T22:24:00Z",300,0,300
"SUAA","SABE","2025-09-15T20:12:00Z","2025-09-15T22:25:00Z",360,0,360
"OAKB","OOMS","2025-09-15T18:26:00Z","2025-09-15T22:28:00Z",340,0,340
"VIDP","OERK","2025-09-15T17:34:00Z","2025-09-15T22:29:00Z",360,0,360
"VIDP","UMMS","2025-09-15T14:26:00Z","2025-09-15T22:32:00Z",360,0,360
"EBCI","LDZA","2025-09-15T19:17:00Z","2025-09-15T22:36:00Z",360,0,360
"LATI","LDZA","2025-09-15T20:00:00Z","2025-09-15T22:38:00Z",320,0,320
"OSDI","LDZA","2025-09-15T18:55:00Z","2025-09-15T22:39:00Z",300,0,300
"UBBB","OYSN","2025-09-15T17:06:00Z","2025-09-15T22:40:00Z",320,0,320
"LDZA","LKPR","2025-09-15T20:58:00Z","2025-09-15T22:41:00Z",340,0,340
"SPIM","SVMI","2025-09-15T17:15:00Z","2025-09-15T22:41:00Z",320,242,78
"SABE","SLLP","2025-09-15T18:54:00Z","2025-09-15T22:42:00Z",300,0,300
"SCEL","SGAS","2025-09-15T19:46:00Z","2025-09-15T22:42:00Z",320,0,320
"OSDI","OPKC","2025-09-15T17:44:00Z","2025-09-15T22:43:00Z",320,0,320
"SBBR","SPIM","2025-09-15T16:38:00Z","2025-09-15T22:43:00Z",320,0,320
"UBBB","LKPR","2025-09-15T17:57:00Z","2025-09-15T22:43:00Z",320,0,320
"SVMI","SGAS","2025-09-15T15:43:00Z","2025-09-15T22:45:00Z",300,0,300
"OOMS","OSDI","2025-09-15T17:46:00Z","2025-09-15T22:48:00Z",320,0,320
"SABE","SVMI","2025-09-15T14:34:00Z","2025-09-15T22:48:00Z",340,0,340
"SEQM","SLLP","2025-09-15T18:15:00Z","2025-09-15T22:52:00Z",320,0,320
"EKCH","EHAM","2025-09-15T20:06:00Z","2025-09-15T22:53:00Z",300,0,300
"OMDB","LATI","2025-09-15T16:09:00Z","2025-09-15T22:53:00Z",340,0,340
"UMMS","OSDI","2025-09-15T18:59:00Z","2025-09-15T22:53:00Z",300,0,300
"OAKB","LATI","2025-09-15T15:22:00Z","2025-09-15T22:55:00Z",340,0,340
"EHAM","LDZA","2025-09-15T19:28:00Z","2025-09-15T22:56:00Z",320,0,320
"OMDB","LOWW","2025-09-15T15:35:00Z","2025-09-15T22:56:00Z",360,0,360
"SABE","SUAA","2025-09-15T20:46:00Z","2025-09-15T22:59:00Z",360,0,360
"SGAS","SVMI","2025-09-15T16:58:00Z","2025-09-15T23:00:00Z",300,0,300
"SBBR","SVMI","2025-09-15T17:39:00Z","2025-09-15T23:01:00Z",360,0,360
"OPKC","EKCH","2025-09-15T14:58:00Z","2025-09-15T23:03:00Z",320,0,320
"OOMS","LKPR","2025-09-15T15:59:00Z","2025-09-15T23:04:00Z",320,0,320
"EDDI","EHAM","2025-09-15T21:19:00Z","2025-09-15T23:05:00Z",360,0,360
"OMDB","UMMS","2025-09-15T17:19:00Z","2025-09-15T23:09:00Z",360,0,360
"LOWW","LATI","2025-09-15T20:10:00Z","2025-09-15T23:11:00Z",300,0,300
"LOWW","OERK","2025-09-15T17:28:00Z","2025-09-15T23:11:00Z",340,0,340
"OAKB","EDDI","2025-09-15T15:07:00Z","2025-09-15T23:11:00Z",360,0,360
"OERK","OMDB","2025-09-15T20:02:00Z","2025-09-15T23:11:00Z",300,0,300
"OJAI","EBCI","2025-09-15T17:03:00Z","2025-09-15T23:14:00Z",340,0,340
"LBSF","OPKC","2025-09-15T16:37:00Z","2025-09-15T23:16:00Z",300,0,300
"OJAI","EKCH","2025-09-15T17:14:00Z","2025-09-15T23:17:00Z",300,0,300
"OMDB","OPKC","2025-09-15T20:45:00Z","2025-09-15T23:17:00Z",360,0,360
"OPKC","EDDI","2025-09-15T15:25:00Z","2025-09-15T23:19:00Z",360,0,360
"EDDI","LBSF","2025-09-15T20:39:00Z","2025-09-15T23:20:00Z",360,0,360
"SLLP","SABE","2025-09-15T19:32:00Z","2025-09-15T23:20:00Z",320,0,320
"LDZA","OSDI","2025-09-15T19:38:00Z","2025-09-15T23:22:00Z",320,0,320
"OMDB","EDDI","2025-09-15T16:36:00Z","2025-09-15T23:25:00Z",360,0,360
"OPKC","OAKB","2025-09-15T20:00:00Z","2025-09-15T23:25:00Z",320,0,320
"LKPR","VIDP","2025-09-15T14:12:00Z","2025-09-15T23:27:00Z",320,0,320
"SEQM","SBBR","2025-09-15T17:41:00Z","2025-09-15T23:27:00Z",320,0,320
"LBSF","EDDI","2025-09-15T20:47:00Z","2025-09-15T23:28:00Z",320,0,320
"OSDI","UMMS","2025-09-15T19:35:00Z","2025-09-15T23:29:00Z",340,0,340
"OAKB","LBSF","2025-09-15T16:23:00Z","2025-09-15T23:30:00Z",300,0,300
"OSDI","LATI","2025-09-15T19:19:00Z","2025-09-15T23:30:00Z",360,0,360
"EHAM","UMMS","2025-09-15T19:31:00Z","2025-09-15T23:33:00Z",300,0,300
"EKCH","OOMS","2025-09-15T15:02:00Z","2025-09-15T23:33:00Z",300,0,300
"LATI","EDDI","2025-09-15T20:55:00Z","2025-09-15T23:33:00Z",360,0,360
"LDZA","EBCI","2025-09-15T20:17:00Z","2025-09-15T23:36:00Z",340,0,340
"VIDP","OAKB","2025-09-15T20:20:00Z","2025-09-15T23:36:00Z",360,0,360
"OPKC","OYSN","2025-09-15T18:21:00Z","2025-09-15T23:37:00Z",300,0,300
"OYSN","OAKB","2025-09-15T17:31:00Z","2025-09-15T23:38:00Z",300,0,300
"VIDP","UBBB","2025-09-15T18:07:00Z","2025-09-15T23:38:00Z",300,0,300
"LBSF","LOWW","2025-09-15T20:34:00Z","2025-09-15T23:39:00Z",340,0,340
"LDZA","EDDI","2025-09-15T20:38:00Z","2025-09-15T23:39:00Z",320,0,320
"OOMS","OMDB","2025-09-15T21:13:00Z","2025-09-15T23:41:00Z",300,0,300
"LDZA","LBSF","2025-09-15T21:53:00Z","2025-09-15T23:42:00Z",340,0,340
"SLLP","SPIM","2025-09-15T20:24:00Z","2025-09-15T23:44:00Z",320,0,320
"OAKB","LDZA","2025-09-15T16:58:00Z","2025-09-15T23:46:00Z",300,0,300
"UMMS","LATI","2025-09-15T20:54:00Z","2025-09-15T23:46:00Z",360,0,360
"LATI","EHAM","2025-09-15T19:42:00Z","2025-09-15T23:48:00Z",320,0,320
"OERK","LKPR","2025-09-15T16:47:00Z","2025-09-15T23:48:00Z",360,0,360
"EHAM","EKCH","2025-09-15T21:02:00Z","2025-09-15T23:49:00Z",300,0,300
"LOWW","EBCI","2025-09-15T20:41:00Z","2025-09-15T23:49:00Z",300,0,300
"EBCI","OMDB","2025-09-15T15:21:00Z","2025-09-15T23:50:00Z",360,0,360
"LKPR","LBSF","2025-09-15T20:25:00Z","2025-09-15T23:50:00Z",300,0,300
"OJAI","VIDP","2025-09-15T16:46:00Z","2025-09-15T23:52:00Z",300,0,300
"LKPR","LDZA","2025-09-15T21:10:00Z","2025-09-15T23:53:00Z",360,0,360
"LOWW","LBSF","2025-09-15T20:49:00Z","2025-09-15T23:54:00Z",340,0,340
"VIDP","OSDI","2025-09-15T17:59:00Z","2025-09-15T23:56:00Z",320,0,320
"LBSF","OAKB","2025-09-15T16:50:00Z","2025-09-15T23:57:00Z",360,0,360
"OPKC","UMMS","2025-09-15T16:12:00Z","2025-09-15T23:58:00Z",360,0,360
"OPKC","OMDB","2025-09-15T21:28:00Z","2025-09-16T00:00:00Z",320,0,320
"UBBB","LOWW","2025-09-15T19:26:00Z","2025-09-16T00:00:00Z",300,0,300
"LBSF","EDDI","2025-09-15T21:20:00Z","2025-09-16T00:01:00Z",300,0,300
"OJAI","EDDI","2025-09-15T19:20:00Z","2025-09-16T00:02:00Z",320,0,320
"OJAI","LKPR","2025-09-15T19:37:00Z","2025-09-16T00:03:00Z",360,0,360
"UBBB","OERK","2025-09-15T20:47:00Z","2025-09-16T00:04:00Z",360,0,360
"EKCH","LBSF","2025-09-15T20:01:00Z","2025-09-16T00:05:00Z",360,0,360
"OAKB","OOMS","2025-09-15T20:03:00Z","2025-09-16T00:05:00Z",340,0,340
"EKCH","OAKB","2025-09-15T16:56:00Z","2025-09-16T00:06:00Z",340,0,340
"OERK","OMDB","2025-09-15T21:57:00Z","2025-09-16T00:06:00Z",340,0,340
"EDDI","OOMS","2025-09-15T16:51:00Z","2025-09-16T00:07:00Z",360,0,360
"LBSF","EBCI","2025-09-15T20:00:00Z","2025-09-16T00:09:00Z",300,0,300
"OERK","OSDI","2025-09-15T21:24:00Z","2025-09-16T00:09:00Z",360,0,360
"SEQM","SABE","2025-09-15T17:44:00Z","2025-09-16T00:09:00Z",320,0,320
"OPKC","EHAM","2025-09-15T15:31:00Z","2025-09-16T00:11:00Z",300,0,300
"OYSN","EHAM","2025-09-15T16:22:00Z","2025-09-16T00:11:00Z",360,0,360
"SGAS","SBBR","2025-09-15T21:19:00Z","2025-09-16T00:14:00Z",300,0,300
"SGAS","SCEL","2025-09-15T21:20:00Z","2025-09-16T00:16:00Z",340,0,340
"OYSN","OJAI","2025-09-15T20:46:00Z","2025-09-16T00:17:00Z",320,0,320
"UMMS","UBBB","2025-09-15T20:31:00Z","2025-09-16T00:17:00Z",300,0,300
"EDDI","OYSN","2025-09-15T16:05:00Z","2025-09-16T00:18:00Z",320,0,320
"SLLP","SGAS","2025-09-15T21:26:00Z","2025-09-16T00:20:00Z",300,0,300
"VIDP","OJAI","2025-09-15T17:15:00Z","2025-09-16T00:21:00Z",320,0,320
"SKBO","SABE","2025-09-15T17:41:00Z","2025-09-16T00:24:00Z",360,0,360
"LBSF","OMDB","2025-09-15T18:04:00Z","2025-09-16T00:27:00Z",360,0,360
"OSDI","LKPR","2025-09-15T19:10:00Z","2025-09-16T00:27:00Z",360,0,360
"EDDI","LATI","2025-09-15T21:50:00Z","2025-09-16T00:28:00Z",320,0,320
"SBBR","SKBO","2025-09-15T18:53:00Z","2025-09-16T00:28:00Z",360,0,360
"SPIM","SLLP","2025-09-15T21:09:00Z","2025-09-16T00:29:00Z",300,0,300
"OERK","LOWW","2025-09-15T18:47:00Z","2025-09-16T00:30:00Z",300,0,300
"OERK","OAKB","2025-09-15T19:24:00Z","2025-09-16T00:31:00Z",360,0,360
"OSDI","LOWW","2025-09-15T20:33:00Z","2025-09-16T00:31:00Z",300,0,300
"EBCI","OAKB","2025-09-15T16:40:00Z","2025-09-16T00:32:00Z",300,0,300
"EHAM","LKPR","2025-09-15T22:37:00Z","2025-09-16T00:32:00Z",320,0,320
"OERK","VIDP","2025-09-15T19:37:00Z","2025-09-16T00:32:00Z",360,0,360
"OOMS","UMMS","2025-09-15T17:18:00Z","2025-09-16T00:34:00Z",360,0,360
"UBBB","VIDP","2025-09-15T19:03:00Z","2025-09-16T00:34:00Z",320,83,237
"SABE","SLLP","2025-09-15T20:47:00Z","2025-09-16T00:35:00Z",300,0,300
"LDZA","LKPR","2025-09-15T22:53:00Z","2025-09-16T00:36:00Z",300,0,300
"OMDB","OERK","2025-09-15T21:27:00Z","2025-09-16T00:36:00Z",340,0,340
"SEQM","SCEL","2025-09-15T18:52:00Z","2025-09-16T00:36:00Z",300,0,300
"LBSF","OJAI","2025-09-15T20:39:00Z","2025-09-16T00:41:00Z",360,0,360
"VIDP","OYSN","2025-09-15T18:03:00Z","2025-09-16T00:41:00Z",340,0,340
"SLLP","SVMI","2025-09-15T19:04:00Z","2025-09-16T00:42:00Z",300,0,300
"UBBB","OOMS","2025-09-15T20:10:00Z","2025-09-16T00:43:00Z",360,0,360
"EKCH","VIDP","2025-09-15T15:21:00Z","2025-09-16T00:47:00Z",300,0,300
"EBCI","VIDP","2025-09-15T14:39:00Z","2025-09-16T00:48:00Z",340,0,340
"OPKC","OSDI","2025-09-15T19:49:00Z","2025-09-16T00:48:00Z",360,0,360
"OSDI","OAKB","2025-09-15T19:58:00Z","2025-09-16T00:48:00Z",320,0,320
"OJAI","LBSF","2025-09-15T20:47:00Z","2025-09-16T00:49:00Z",360,0,360
"OOMS","EKCH","2025-09-15T16:18:00Z","2025-09-16T00:49:00Z",320,0,320
"SLLP","SEQM","2025-09-15T20:12:00Z","2025-09-16T00:49:00Z",320,0,320
"UMMS","VIDP","2025-09-15T16:43:00Z","2025-09-16T00:49:00Z",320,0,320
"LATI","VIDP","2025-09-15T16:02:00Z","2025-09-16T00:50:00Z",360,0,360
"OAKB","OPKC","2025-09-15T21:26:00Z","2025-09-16T00:51:00Z",300,0,300
"OAKB","OYSN","2025-09-15T18:46:00Z","2025-09-16T00:53:00Z",320,0,320
"EBCI","LOWW","2025-09-15T21:46:00Z","2025-09-16T00:54:00Z",320,0,320
"OSDI","LBSF","2025-09-15T21:00:00Z","2025-09-16T00:54:00Z",300,0,300
"EHAM","OYSN","2025-09-15T16:06:00Z","2025-09-16T00:55:00Z",360,0,360
"LKPR","OAKB","2025-09-15T17:56:00Z","2025-09-16T00:55:00Z",340,0,340
"EHAM","VIDP","2025-09-15T14:49:00Z","2025-09-16T00:56:00Z",320,0,320
"OYSN","LKPR","2025-09-15T17:00:00Z","2025-09-16T00:57:00Z",340,0,340
"SLLP","SBBR","2025-09-15T20:07:00Z","2025-09-16T00:57:00Z",360,0,360
"UBBB","EBCI","2025-09-15T18:17:00Z","2025-09-16T00:57:00Z",360,0,360
"EDDI","LDZA","2025-09-15T21:58:00Z","2025-09-16T00:59:00Z",300,0,300
"SLLP","SCEL","2025-09-15T20:36:00Z","2025-09-16T00:59:00Z",340,0,340
"SBBR","SGAS","2025-09-15T22:05:00Z","2025-09-16T01:00:00Z",360,0,360
"OPKC","LKPR","2025-09-15T17:16:00Z","2025-09-16T01:01:00Z",300,0,300
"OSDI","LATI","2025-09-15T21:50:00Z","2025-09-16T01:01:00Z",300,0,300
"LATI","UBBB","2025-09-15T20:45:00Z","2025-09-16T01:02:00Z",300,0,300
"OOMS","EDDI","2025-09-15T17:46:00Z","2025-09-16T01:02:00Z",360,0,360
"SABE","SBBR","2025-09-15T21:06:00Z","2025-09-16T01:05:00Z",360,0,360
"SVMI","SGAS","2025-09-15T18:03:00Z","2025-09-16T01:05:00Z",300,0,300
"OYSN","LATI","2025-09-15T19:22:00Z","2025-09-16T01:06:00Z",360,0,360
"EKCH","OPKC","2025-09-15T16:02:00Z","2025-09-16T01:07:00Z",320,0,320
"LOWW","EHAM","2025-09-15T22:55:00Z","2025-09-16T01:07:00Z",360,0,360
"OSDI","UBBB","2025-09-15T22:16:00Z","2025-09-16T01:07:00Z",300,0,300
"UMMS","OOMS","2025-09-15T18:51:00Z","2025-09-16T01:07:00Z",360,0,360
"OSDI","EBCI","2025-09-15T19:06:00Z","2025-09-16T01:09:00Z",340,0,340
"SUAA","SBBR","2025-09-15T21:16:00Z","2025-09-16T01:09:00Z",320,0,320
"OPKC","OERK","2025-09-15T21:30:00Z","2025-09-16T01:10:00Z",360,0,360
"SUAA","SLLP","2025-09-15T21:14:00Z","2025-09-16T01:10:00Z",320,0,320
"OOMS","OPKC","2025-09-15T22:04:00Z","2025-09-16T01:13:00Z",360,0,360
"OJAI","OAKB","2025-09-15T19:14:00Z","2025-09-16T01:14:00Z",340,0,340
"LKPR","OYSN","2025-09-15T18:19:00Z","2025-09-16T01:16:00Z",300,0,300
"EBCI","OYSN","2025-09-15T17:38:00Z","2025-09-16T01:17:00Z",300,0,300
"LKPR","EDDI","2025-09-15T23:00:00Z","2025-09-16T01:17:00Z",300,0,300
"OSDI","UMMS","2025-09-15T21:24:00Z","2025-09-16T01:18:00Z",300,0,300
"EBCI","UMMS","2025-09-15T21:13:00Z","2025-09-16T01:20:00Z",340,0,340
"EKCH","LATI","2025-09-15T21:17:00Z","2025-09-16T01:20:00Z",320,0,320
"LBSF","UMMS","2025-09-15T22:44:00Z","2025-09-16T01:20:00Z",340,0,340
"VIDP","LDZA","2025-09-15T16:16:00Z","2025-09-16T01:20:00Z",320,0,320
"EKCH","OERK","2025-09-15T18:47:00Z","2025-09-16T01:21:00Z",360,0,360
"SBBR","SLLP","2025-09-15T21:31:00Z","2025-09-16T01:21:00Z",320,0,320
"OAKB","EKCH","2025-09-15T17:12:00Z","2025-09-16T01:22:00Z",300,0,300
"SVMI","SBBR","2025-09-15T19:00:00Z","2025-09-16T01:22:00Z",360,0,360
"EHAM","LBSF","2025-09-15T21:11:00Z","2025-09-16T01:27:00Z",360,0,360
"SCEL","SBBR","2025-09-15T20:38:00Z","2025-09-16T01:29:00Z",360,0,360
"EKCH","LKPR","2025-09-15T23:47:00Z","2025-09-16T01:30:00Z",340,0,340
"LOWW","LDZA","2025-09-15T23:05:00Z","2025-09-16T01:30:00Z",320,0,320
"LKPR","OMDB","2025-09-15T18:54:00Z","2025-09-16T01:31:00Z",320,0,320
"EKCH","UMMS","2025-09-15T22:12:00Z","2025-09-16T01:32:00Z",320,0,320
"LOWW","VIDP","2025-09-15T16:28:00Z","2025-09-16T01:32:00Z",360,0,360
"UBBB","LDZA","2025-09-15T20:00:00Z","2025-09-16T01:32:00Z",320,0,320
"LOWW","OJAI","2025-09-15T20:26:00Z","2025-09-16T01:33:00Z",300,0,300
"SGAS","SCEL","2025-09-15T22:37:00Z","2025-09-16T01:33:00Z",340,0,340
"OSDI","OOMS","2025-09-15T20:33:00Z","2025-09-16T01:35:00Z",320,0,320
"SGAS","SBBR","2025-09-15T22:40:00Z","2025-09-16T01:35:00Z",300,0,300
"UMMS","EBCI","2025-09-15T21:29:00Z","2025-09-16T01:36:00Z",360,0,360
"OMDB","EHAM","2025-09-15T17:06:00Z","2025-09-16T01:39:00Z",320,0,320
"OMDB","EKCH","2025-09-15T17:37:00Z","2025-09-16T01:41:00Z",360,0,360
"UMMS","OPKC","2025-09-15T18:55:00Z","2025-09-16T01:41:00Z",300,0,300
"VIDP","EKCH","2025-09-15T16:16:00Z","2025-09-16T01:42:00Z",360,0,360
"SCEL","SUAA","2025-09-15T22:05:00Z","2025-09-16T01:43:00Z",300,0,300
"SEQM","SUAA","2025-09-15T18:10:00Z","2025-09-16T01:43:00Z",360,0,360
"EKCH","OJAI","2025-09-15T19:41:00Z","2025-09-16T01:44:00Z",320,0,320
"OJAI","OYSN","2025-09-15T21:13:00Z","2025-09-16T01:44:00Z",320,0,320
"OMDB","VIDP","2025-09-15T21:58:00Z","2025-09-16T01:44:00Z",320,0,320
"LATI","LOWW","2025-09-15T22:44:00Z","2025-09-16T01:45:00Z",360,0,360
"OSDI","EKCH","2025-09-15T20:53:00Z","2025-09-16T01:45:00Z",300,0,300
"SGAS","SUAA","2025-09-15T22:32:00Z","2025-09-16T01:47:00Z",360,0,360
"LBSF","OERK","2025-09-15T20:08:00Z","2025-09-16T01:48:00Z",300,0,300
"OYSN","EBCI","2025-09-15T17:09:00Z","2025-09-16T01:48:00Z",300,0,300
"OSDI","VIDP","2025-09-15T19:52:00Z","2025-09-16T01:49:00Z",300,0,300
"UBBB","OSDI","2025-09-15T22:00:00Z","2025-09-16T01:51:00Z",340,0,340
"SPIM","SEQM","2025-09-15T22:11:00Z","2025-09-16T01:52:00Z",300,0,300
"SCEL","SKBO","2025-09-15T18:41:00Z","2025-09-16T01:53:00Z",360,0,360
"SGAS","SABE","2025-09-15T22:38:00Z","2025-09-16T01:53:00Z",300,0,300
"UMMS","LOWW","2025-09-15T22:37:00Z","2025-09-16T01:53:00Z",320,0,320
"LKPR","OJAI","2025-09-15T20:28:00Z","2025-09-16T01:54:00Z",360,0,360
"SUAA","SEQM","2025-09-15T18:21:00Z","2025-09-16T01:54:00Z",360,0,360
"OJAI","EHAM","2025-09-15T19:36:00Z","2025-09-16T01:55:00Z",320,0,320
"SPIM","SABE","2025-09-15T20:03:00Z","2025-09-16T01:57:00Z",340,0,340
"EBCI","OPKC","2025-09-15T16:19:00Z","2025-09-16T01:58:00Z",300,50,250
"LBSF","VIDP","2025-09-15T17:37:00Z","2025-09-16T01:59:00Z",360,0,360
"EDDI","OSDI","2025-09-15T21:29:00Z","2025-09-16T02:00:00Z",340,0,340
"OPKC","LOWW","2025-09-15T18:29:00Z","2025-09-16T02:00:00Z",320,0,320
"OJAI","OERK","2025-09-15T23:22:00Z","2025-09-16T02:02:00Z",300,0,300
"EHAM","OAKB","2025-09-15T18:12:00Z","2025-09-16T02:03:00Z",340,0,340
"EBCI","LOWW","2025-09-15T23:56:00Z","2025-09-16T02:04:00Z",360,0,360
"VIDP","EBCI","2025-09-15T16:56:00Z","2025-09-16T02:05:00Z",340,0,340
"OOMS","UBBB","2025-09-15T22:33:00Z","2025-09-16T02:06:00Z",340,0,340
"EHAM","UMMS","2025-09-15T22:09:00Z","2025-09-16T02:11:00Z",300,0,300
"UBBB","EHAM","2025-09-15T20:30:00Z","2025-09-16T02:11:00Z",360,0,360
"EBCI","OJAI","2025-09-15T20:01:00Z","2025-09-16T02:12:00Z",340,0,340
"OERK","OPKC","2025-09-15T22:32:00Z","2025-09-16T02:12:00Z",300,0,300
"LOWW","OMDB","2025-09-15T19:52:00Z","2025-09-16T02:13:00Z",300,0,300
"LDZA","UMMS","2025-09-15T23:41:00Z","2025-09-16T02:14:00Z",320,0,320
"OERK","EKCH","2025-09-15T19:40:00Z","2025-09-16T02:14:00Z",340,0,340
"LBSF","OYSN","2025-09-15T20:43:00Z","2025-09-16T02:15:00Z",340,0,340
"EHAM","EBCI","2025-09-16T00:00:00Z","2025-09-16T02:16:00Z",300,0,300
"LATI","OERK","2025-09-15T21:22:00Z","2025-09-16T02:18:00Z",300,0,300
"SVMI","EKCH","2025-09-15T14:50:00Z","2025-09-16T02:19:00Z",360,0,360
"EHAM","LBSF","2025-09-15T22:04:00Z","2025-09-16T02:20:00Z",340,0,340
"EHAM","LDZA","2025-09-15T23:52:00Z","2025-09-16T02:20:00Z",320,0,320
"EKCH","LBSF","2025-09-15T22:18:00Z","2025-09-16T02:22:00Z",360,0,360
"LATI","OAKB","2025-09-15T19:49:00Z","2025-09-16T02:22:00Z",320,0,320
"LKPR","OERK","2025-09-15T19:21:00Z","2025-09-16T02:22:00Z",340,0,340
"OERK","UMMS","2025-09-15T20:54:00Z","2025-09-16T02:22:00Z",300,0,300
"OYSN","VIDP","2025-09-15T20:46:00Z","2025-09-16T02:24:00Z",320,0,320
"SVMI","SEQM","2025-09-15T22:14:00Z","2025-09-16T02:24:00Z",360,0,360
"VIDP","OMDB","2025-09-15T22:38:00Z","2025-09-16T02:24:00Z",300,0,300
"LOWW","OYSN","2025-09-15T19:47:00Z","2025-09-16T02:25:00Z",360,0,360
"SPIM","SLLP","2025-09-15T23:05:00Z","2025-09-16T02:25:00Z",320,0,320
"SVMI","SCEL","2025-09-15T18:23:00Z","2025-09-16T02:25:00Z",300,0,300
"LATI","LKPR","2025-09-15T23:05:00Z","2025-09-16T02:26:00Z",300,0,300
"UMMS","EDDI","2025-09-15T23:14:00Z","2025-09-16T02:30:00Z",340,0,340
"OYSN","OPKC","2025-09-15T21:15:00Z","2025-09-16T02:31:00Z",300,0,300
"SUAA","SABE","2025-09-16T00:18:00Z","2025-09-16T02:31:00Z",360,0,360
"EHAM","LATI","2025-09-15T22:28:00Z","2025-09-16T02:34:00Z",320,0,320
"LDZA","OERK","2025-09-15T20:05:00Z","2025-09-16T02:34:00Z",300,0,300
"OMDB","OJAI","2025-09-15T22:58:00Z","2025-09-16T02:34:00Z",300,0,300
"OJAI","OMDB","2025-09-15T22:00:00Z","2025-09-16T02:36:00Z",320,0,320
"UBBB","OAKB","2025-09-15T22:24:00Z","2025-09-16T02:40:00Z",320,0,320
"EKCH","OSDI","2025-09-15T21:49:00Z","2025-09-16T02:41:00Z",320,0,320
"SVMI","EBCI","2025-09-15T15:58:00Z","2025-09-16T02:41:00Z",320,0,320
"OAKB","VIDP","2025-09-15T23:26:00Z","2025-09-16T02:42:00Z",300,0,300
"SEQM","SKBO","2025-09-16T00:55:00Z","2025-09-16T02:42:00Z",360,0,360
"LBSF","EHAM","2025-09-15T22:27:00Z","2025-09-16T02:43:00Z",300,0,300
"LBSF","LATI","2025-09-16T00:17:00Z","2025-09-16T02:43:00Z",300,0,300
"LATI","LBSF","2025-09-16T00:20:00Z","2025-09-16T02:46:00Z",300,0,300
"SCEL","SPIM","2025-09-15T21:42:00Z","2025-09-16T02:46:00Z",360,0,360
"OMDB","OOMS","2025-09-16T00:19:00Z","2025-09-16T02:47:00Z",300,0,300
"OYSN","OJAI","2025-09-15T22:16:00Z","2025-09-16T02:47:00Z",320,0,320
"VIDP","OSDI","2025-09-15T20:50:00Z","2025-09-16T02:47:00Z",300,0,300
"EDDI","UBBB","2025-09-15T21:54:00Z","2025-09-16T02:48:00Z",340,0,340
"SKBO","SEQM","2025-09-16T00:01:00Z","2025-09-16T02:48:00Z",340,0,340
"SVMI","SUAA","2025-09-15T18:31:00Z","2025-09-16T02:48:00Z",360,0,360
"LOWW","UBBB","2025-09-15T21:15:00Z","2025-09-16T02:49:00Z",300,0,300
"UBBB","OERK","2025-09-15T22:32:00Z","2025-09-16T02:49:00Z",340,0,340
"LOWW","UMMS","2025-09-15T23:34:00Z","2025-09-16T02:50:00Z",300,0,300
"OPKC","LATI","2025-09-15T18:47:00Z","2025-09-16T02:50:00Z",340,0,340
"SABE","SGAS","2025-09-15T23:35:00Z","2025-09-16T02:50:00Z",340,0,340
"EKCH","UBBB","2025-09-15T20:46:00Z","2025-09-16T02:51:00Z",320,0,320
"EBCI","VIDP","2025-09-15T16:43:00Z","2025-09-16T02:52:00Z",320,0,320
"UBBB","OPKC","2025-09-15T21:53:00Z","2025-09-16T02:53:00Z",340,0,340
"LKPR","UBBB","2025-09-15T21:08:00Z","2025-09-16T02:54:00Z",360,0,360
"SKBO","SCEL","2025-09-15T19:42:00Z","2025-09-16T02:54:00Z",320,0,320
"EHAM","OPKC","2025-09-15T17:18:00Z","2025-09-16T02:58:00Z",320,0,320
"LATI","OMDB","2025-09-15T20:14:00Z","2025-09-16T02:58:00Z",340,0,340
"OERK","VIDP","2025-09-15T21:04:00Z","2025-09-16T02:59:00Z",300,0,300
"OSDI","OMDB","2025-09-15T22:25:00Z","2025-09-16T02:59:00Z",340,0,340
"SPIM","SUAA","2025-09-15T20:55:00Z","2025-09-16T02:59:00Z",340,84,256
"SVMI","EHAM","2025-09-15T16:14:00Z","2025-09-16T03:00:00Z",360,0,360
"EDDI","OMDB","2025-09-15T20:12:00Z","2025-09-16T03:01:00Z",360,0,360
"EHAM","SBBR","2025-09-15T14:48:00Z","2025-09-16T03:01:00Z",340,0,340
"LDZA","EDDI","2025-09-16T00:00:00Z","2025-09-16T03:01:00Z",340,0,340
"OMDB","LBSF","2025-09-15T21:38:00Z","2025-09-16T03:01:00Z",360,0,360
"OMDB","LDZA","2025-09-15T20:49:00Z","2025-09-16T03:01:00Z",340,0,340
"OPKC","LATI","2025-09-15T19:58:00Z","2025-09-16T03:01:00Z",360,0,360
"EKCH","LOWW","2025-09-16T00:01:00Z","2025-09-16T03:03:00Z",300,0,300
"LDZA","UBBB","2025-09-15T22:31:00Z","2025-09-16T03:03:00Z",340,0,340
"LOWW","OSDI","2025-09-15T23:05:00Z","2025-09-16T03:03:00Z",300,0,300
"EBCI","EHAM","2025-09-16T01:48:00Z","2025-09-16T03:04:00Z",360,0,360
"LDZA","VIDP","2025-09-15T18:00:00Z","2025-09-16T03:04:00Z",340,0,340
"OERK","EBCI","2025-09-15T20:15:00Z","2025-09-16T03:04:00Z",360,0,360
"EKCH","LATI","2025-09-15T23:02:00Z","2025-09-16T03:05:00Z",340,0,340
"EBCI","UBBB","2025-09-15T21:27:00Z","2025-09-16T03:07:00Z",300,0,300
"LATI","OYSN","2025-09-15T21:24:00Z","2025-09-16T03:08:00Z",320,0,320
"EKCH","LDZA","2025-09-16T00:44:00Z","2025-09-16T03:10:00Z",320,0,320
"LDZA","OSDI","2025-09-15T23:26:00Z","2025-09-16T03:10:00Z",300,0,300
"OAKB","LDZA","2025-09-15T20:22:00Z","2025-09-16T03:10:00Z",320,0,320
"OPKC","LKPR","2025-09-15T19:25:00Z","2025-09-16T03:10:00Z",360,0,360
"EKCH","OMDB","2025-09-15T19:07:00Z","2025-09-16T03:11:00Z",360,0,360
"EHAM","OJAI","2025-09-15T21:53:00Z","2025-09-16T03:12:00Z",300,0,300
"OOMS","OSDI","2025-09-15T22:10:00Z","2025-09-16T03:12:00Z",300,0,300
"OPKC","OYSN","2025-09-15T22:56:00Z","2025-09-16T03:12:00Z",300,0,300
"LBSF","LDZA","2025-09-16T01:25:00Z","2025-09-16T03:14:00Z",340,0,340
"OAKB","OERK","2025-09-15T22:08:00Z","2025-09-16T03:15:00Z",320,0,320
"EHAM","LOWW","2025-09-16T00:05:00Z","2025-09-16T03:17:00Z",320,0,320
"EDDI","SVMI","2025-09-15T15:47:00Z","2025-09-16T03:19:00Z",340,0,340
"LATI","EDDI","2025-09-16T00:41:00Z","2025-09-16T03:19:00Z",360,0,360
"OJAI","EDDI","2025-09-15T22:38:00Z","2025-09-16T03:20:00Z",340,0,340
"EBCI","SKBO","2025-09-15T14:18:00Z","2025-09-16T03:23:00Z",300,0,300
"LKPR","EBCI","2025-09-16T01:31:00Z","2025-09-16T03:24:00Z",300,0,300
"OMDB","EBCI","2025-09-15T19:55:00Z","2025-09-16T03:24:00Z",340,0,340
"SLLP","SEQM","2025-09-15T23:47:00Z","2025-09-16T03:24:00Z",320,0,320
"LATI","OERK","2025-09-15T22:29:00Z","2025-09-16T03:25:00Z",340,0,340
"SPIM","SKBO","2025-09-15T23:09:00Z","2025-09-16T03:25:00Z",340,0,340
"OPKC","UBBB","2025-09-15T22:26:00Z","2025-09-16T03:26:00Z",320,0,320
"VIDP","OERK","2025-09-15T22:31:00Z","2025-09-16T03:26:00Z",320,0,320
"EDDI","EKCH","2025-09-16T01:02:00Z","2025-09-16T03:27:00Z",300,0,300
"LATI","EBCI","2025-09-16T00:32:00Z","2025-09-16T03:27:00Z",360,0,360
"OMDB","OYSN","2025-09-15T23:27:00Z","2025-09-16T03:27:00Z",340,0,340
"EHAM","EDDI","2025-09-16T01:43:00Z","2025-09-16T03:29:00Z",300,0,300
"LATI","SBBR","2025-09-15T14:55:00Z","2025-09-16T03:29:00Z",320,0,320
"VIDP","OOMS","2025-09-15T23:00:00Z","2025-09-16T03:29:00Z",340,0,340
"EHAM","UBBB","2025-09-15T21:49:00Z","2025-09-16T03:30:00Z",360,0,360
"OOMS","LOWW","2025-09-15T20:43:00Z","2025-09-16T03:32:00Z",340,0,340
"SLLP","SUAA","2025-09-15T23:36:00Z","2025-09-16T03:32:00Z",300,0,300
"OOMS","LBSF","2025-09-15T21:43:00Z","2025-09-16T03:34:00Z",300,0,300
"SABE","SUAA","2025-09-16T01:21:00Z","2025-09-16T03:34:00Z",320,0,320
"SCEL","SGAS","2025-09-16T00:38:00Z","2025-09-16T03:34:00Z",360,0,360
"UBBB","LBSF","2025-09-15T23:43:00Z","2025-09-16T03:34:00Z",320,0,320
"SVMI","SPIM","2025-09-15T22:09:00Z","2025-09-16T03:35:00Z",320,0,320
"EDDI","OSDI","2025-09-15T22:05:00Z","2025-09-16T03:36:00Z",300,0,300
"OYSN","EKCH","2025-09-15T19:02:00Z","2025-09-16T03:36:00Z",300,0,300
"VIDP","LKPR","2025-09-15T18:21:00Z","2025-09-16T03:36:00Z",320,0,320
"LDZA","OMDB","2025-09-15T20:25:00Z","2025-09-16T03:37:00Z",320,0,320
"OYSN","EDDI","2025-09-15T19:24:00Z","2025-09-16T03:37:00Z",360,0,360
"EDDI","UBBB","2025-09-15T22:44:00Z","2025-09-16T03:38:00Z",360,0,360
"SEQM","EBCI","2025-09-15T14:46:00Z","2025-09-16T03:38:00Z",320,0,320
"SEQM","SLLP","2025-09-15T23:01:00Z","2025-09-16T03:38:00Z",320,0,320
"EKCH","EHAM","2025-09-16T01:53:00Z","2025-09-16T03:40:00Z",360,0,360
"EBCI","OMDB","2025-09-15T19:12:00Z","2025-09-16T03:41:00Z",360,0,360
"SKBO","SVMI","2025-09-16T00:18:00Z","2025-09-16T03:41:00Z",360,0,360
"EDDI","UMMS","2025-09-16T00:27:00Z","2025-09-16T03:43:00Z",300,0,300
"SCEL","SVMI","2025-09-15T19:42:00Z","2025-09-16T03:44:00Z",300,0,300
"EDDI","EBCI","2025-09-16T01:55:00Z","2025-09-16T03:45:00Z",300,0,300
"LATI","OPKC","2025-09-15T19:42:00Z","2025-09-16T03:45:00Z",320,0,320
"LDZA","OOMS","2025-09-15T20:05:00Z","2025-09-16T03:45:00Z",300,0,300
"EDDI","VIDP","2025-09-15T18:25:00Z","2025-09-16T03:46:00Z",340,0,340
"LDZA","EHAM","2025-09-16T00:18:00Z","2025-09-16T03:46:00Z",340,0,340
"LATI","OJAI","2025-09-15T23:31:00Z","2025-09-16T03:47:00Z",300,0,300
"LDZA","LOWW","2025-09-16T01:23:00Z","2025-09-16T03:48:00Z",340,0,340
"EBCI","OOMS","2025-09-15T19:54:00Z","2025-09-16T03:51:00Z",300,0,300
"SGAS","SEQM","2025-09-15T21:22:00Z","2025-09-16T03:52:00Z",320,0,320
"EKCH","SVMI","2025-09-15T15:24:00Z","2025-09-16T03:53:00Z",300,0,300
"LOWW","OPKC","2025-09-15T19:22:00Z","2025-09-16T03:53:00Z",320,0,320
"SBBR","SUAA","2025-09-15T23:00:00Z","2025-09-16T03:53:00Z",340,0,340
"EHAM","EKCH","2025-09-16T01:08:00Z","2025-09-16T03:55:00Z",340,0,340
"LBSF","OJAI","2025-09-15T23:53:00Z","2025-09-16T03:55:00Z",360,0,360
"EHAM","SVMI","2025-09-15T16:11:00Z","2025-09-16T03:57:00Z",320,0,320
"EBCI","EKCH","2025-09-16T01:00:00Z","2025-09-16T03:58:00Z",300,0,300
"LKPR","LDZA","2025-09-16T01:15:00Z","2025-09-16T03:58:00Z",300,0,300
"VIDP","UMMS","2025-09-15T19:52:00Z","2025-09-16T03:58:00Z",320,0,320
"EBCI","LATI","2025-09-16T00:04:00Z","2025-09-16T03:59:00Z",300,0,300
"LKPR","LATI","2025-09-16T00:38:00Z","2025-09-16T03:59:00Z",300,0,300
"UBBB","OYSN","2025-09-15T22:25:00Z","2025-09-16T03:59:00Z",320,0,320
"UMMS","EHAM","2025-09-15T23:57:00Z","2025-09-16T03:59:00Z",320,0,320
"LDZA","EKCH","2025-09-16T01:34:00Z","2025-09-16T04:00:00Z",320,0,320
"OOMS","OAKB","2025-09-16T00:58:00Z","2025-09-16T04:00:00Z",300,0,300
"SABE","SVMI","2025-09-15T20:46:00Z","2025-09-16T04:00:00Z",300,0,300
"OSDI","OERK","2025-09-16T01:17:00Z","2025-09-16T04:02:00Z",300,0,300
"EBCI","SVMI","2025-09-15T17:20:00Z","2025-09-16T04:03:00Z",360,0,360
"SGAS","EBCI","2025-09-15T14:08:00Z","2025-09-16T04:03:00Z",360,0,360
"SLLP","SBBR","2025-09-16T00:13:00Z","2025-09-16T04:03:00Z",320,0,320
"UMMS","OPKC","2025-09-15T21:17:00Z","2025-09-16T04:03:00Z",360,0,360
"SLLP","SKBO","2025-09-16T00:09:00Z","2025-09-16T04:04:00Z",300,0,300
"OYSN","VIDP","2025-09-15T22:27:00Z","2025-09-16T04:05:00Z",360,0,360
"SBBR","EBCI","2025-09-15T15:04:00Z","2025-09-16T04:06:00Z",300,0,300
"SBBR","SVMI","2025-09-15T22:45:00Z","2025-09-16T04:07:00Z",320,0,320
"UBBB","UMMS","2025-09-16T00:26:00Z","2025-09-16T04:12:00Z",300,0,300
"LATI","OSDI","2025-09-16T00:02:00Z","2025-09-16T04:13:00Z",360,0,360
"OSDI","EKCH","2025-09-15T23:21:00Z","2025-09-16T04:13:00Z",340,0,340
"OOMS","LKPR","2025-09-15T20:10:00Z","2025-09-16T04:15:00Z",320,0,320
"SEQM","LKPR","2025-09-15T14:29:00Z","2025-09-16T04:15:00Z",320,0,320
"SVMI","SKBO","2025-09-16T01:52:00Z","2025-09-16T04:15:00Z",360,0,360
"OMDB","OAKB","2025-09-16T00:11:00Z","2025-09-16T04:17:00Z",320,0,320
"OYSN","UMMS","2025-09-15T21:41:00Z","2025-09-16T04:17:00Z",340,0,340
"VIDP","EHAM","2025-09-15T18:10:00Z","2025-09-16T04:17:00Z",360,0,360
"SKBO","SGAS","2025-09-15T22:38:00Z","2025-09-16T04:18:00Z",340,0,340
"EDDI","LATI","2025-09-16T01:41:00Z","2025-09-16T04:19:00Z",320,0,320
"LBSF","UBBB","2025-09-16T00:28:00Z","2025-09-16T04:19:00Z",320,0,320
"OJAI","LKPR","2025-09-15T23:53:00Z","2025-09-16T04:19:00Z",320,0,320
"EKCH","EBCI","2025-09-16T02:22:00Z","2025-09-16T04:20:00Z",340,0,340
"OAKB","EBCI","2025-09-15T20:28:00Z","2025-09-16T04:20:00Z",320,0,320
"SVMI","LOWW","2025-09-15T16:32:00Z","2025-09-16T04:20:00Z",320,0,320
"EDDI","EHAM","2025-09-16T02:35:00Z","2025-09-16T04:21:00Z",340,0,340
"LOWW","LATI","2025-09-16T01:20:00Z","2025-09-16T04:21:00Z",300,0,300
"OJAI","EBCI","2025-09-15T22:10:00Z","2025-09-16T04:21:00Z",360,0,360
"UMMS","LATI","2025-09-16T01:30:00Z","2025-09-16T04:22:00Z",320,0,320
"LKPR","OSDI","2025-09-15T23:06:00Z","2025-09-16T04:23:00Z",340,0,340
"LKPR","SBBR","2025-09-15T15:37:00Z","2025-09-16T04:23:00Z",360,0,360
"OERK","OAKB","2025-09-15T23:16:00Z","2025-09-16T04:23:00Z",340,0,340
"OSDI","VIDP","2025-09-15T22:27:00Z","2025-09-16T04:24:00Z",360,0,360
"OERK","LKPR","2025-09-15T21:24:00Z","2025-09-16T04:25:00Z",320,0,320
"OSDI","LKPR","2025-09-15T23:08:00Z","2025-09-16T04:25:00Z",300,0,300
"SLLP","SGAS","2025-09-16T01:31:00Z","2025-09-16T04:25:00Z",360,0,360
"SVMI","LKPR","2025-09-15T16:52:00Z","2025-09-16T04:29:00Z",360,0,360
"EBCI","EDDI","2025-09-16T02:41:00Z","2025-09-16T04:31:00Z",360,0,360
"LOWW","OERK","2025-09-15T22:48:00Z","2025-09-16T04:31:00Z",340,0,340
"EKCH","EDDI","2025-09-16T02:07:00Z","2025-09-16T04:32:00Z",340,0,340
"OJAI","LDZA","2025-09-16T00:41:00Z","2025-09-16T04:32:00Z",300,0,300
"LDZA","EBCI","2025-09-16T01:14:00Z","2025-09-16T04:33:00Z",300,0,300
"SVMI","EDDI","2025-09-15T16:01:00Z","2025-09-16T04:33:00Z",320,0,320
"LDZA","LATI","2025-09-16T02:56:00Z","2025-09-16T04:34:00Z",340,0,340
"UBBB","EHAM","2025-09-15T22:53:00Z","2025-09-16T04:34:00Z",340,0,340
"EHAM","OMDB","2025-09-15T20:03:00Z","2025-09-16T04:36:00Z",360,0,360
"OPKC","UMMS","2025-09-15T21:50:00Z","2025-09-16T04:36:00Z",340,0,340
"LBSF","LKPR","2025-09-16T01:12:00Z","2025-09-16T04:37:00Z",360,0,360
"EDDI","LKPR","2025-09-16T02:21:00Z","2025-09-16T04:38:00Z",360,0,360
"OPKC","EKCH","2025-09-15T19:33:00Z","2025-09-16T04:38:00Z",340,0,340
"OMDB","OOMS","2025-09-16T02:13:00Z","2025-09-16T04:41:00Z",320,0,320
"EKCH","SKBO","2025-09-15T15:54:00Z","2025-09-16T04:42:00Z",320,0,320
"SCEL","SKBO","2025-09-15T21:30:00Z","2025-09-16T04:42:00Z",340,0,340
"VIDP","OYSN","2025-09-15T22:04:00Z","2025-09-16T04:42:00Z",300,0,300
"EDDI","OJAI","2025-09-15T23:01:00Z","2025-09-16T04:43:00Z",340,0,340
"LATI","SVMI","2025-09-15T15:34:00Z","2025-09-16T04:43:00Z",300,0,300
"EBCI","OERK","2025-09-15T21:56:00Z","2025-09-16T04:45:00Z",340,0,340
"LBSF","OSDI","2025-09-16T01:51:00Z","2025-09-16T04:45:00Z",340,0,340
"LBSF","SVMI","2025-09-15T15:13:00Z","2025-09-16T04:46:00Z",300,0,300
"VIDP","OJAI","2025-09-15T21:41:00Z","2025-09-16T04:47:00Z",360,0,360
"SCEL","SEQM","2025-09-15T22:04:00Z","2025-09-16T04:48:00Z",340,0,340
"SUAA","SVMI","2025-09-15T20:32:00Z","2025-09-16T04:49:00Z",360,0,360
"LOWW","LBSF","2025-09-16T01:45:00Z","2025-09-16T04:50:00Z",320,0,320
"UBBB","EBCI","2025-09-15T22:10:00Z","2025-09-16T04:50:00Z",340,0,340
"OMDB","OSDI","2025-09-16T00:18:00Z","2025-09-16T04:52:00Z",360,0,360
"OSDI","LDZA","2025-09-16T00:08:00Z","2025-09-16T04:52:00Z",360,0,360
"OJAI","LOWW","2025-09-15T23:46:00Z","2025-09-16T04:53:00Z",360,0,360
"SBBR","SCEL","2025-09-15T23:02:00Z","2025-09-16T04:53:00Z",300,0,300
"SPIM","SUAA","2025-09-15T22:51:00Z","2025-09-16T04:55:00Z",360,0,360
"EHAM","OERK","2025-09-15T21:01:00Z","2025-09-16T04:56:00Z",300,0,300
"LATI","LDZA","2025-09-16T02:18:00Z","2025-09-16T04:56:00Z",340,0,340
"SPIM","SABE","2025-09-15T23:02:00Z","2025-09-16T04:56:00Z",340,0,340
"OMDB","EDDI","2025-09-15T21:08:00Z","2025-09-16T04:57:00Z",340,0,340
"LBSF","EBCI","2025-09-16T00:49:00Z","2025-09-16T04:58:00Z",300,0,300
"UMMS","OSDI","2025-09-16T00:04:00Z","2025-09-16T04:58:00Z",320,0,320
"LBSF","LOWW","2025-09-16T01:54:00Z","2025-09-16T04:59:00Z",360,0,360
"SBBR","SABE","2025-09-16T01:01:00Z","2025-09-16T05:00:00Z",300,0,300
"OERK","SBBR","2025-09-15T14:13:00Z","2025-09-16T05:01:00Z",360,0,360
"OOMS","VIDP","2025-09-16T01:33:00Z","2025-09-16T05:02:00Z",340,0,340
"LKPR","UBBB","2025-09-16T00:17:00Z","2025-09-16T05:03:00Z",320,0,320
"OPKC","EDDI","2025-09-15T21:09:00Z","2025-09-16T05:03:00Z",320,0,320
"OAKB","UBBB","2025-09-16T01:48:00Z","2025-09-16T05:04:00Z",320,0,320
"EHAM","VIDP","2025-09-15T19:58:00Z","2025-09-16T05:05:00Z",340,0,340
"OERK","UBBB","2025-09-16T01:48:00Z","2025-09-16T05:05:00Z",300,0,300
"OYSN","LATI","2025-09-15T23:21:00Z","2025-09-16T05:05:00Z",300,0,300
"SLLP","LOWW","2025-09-15T14:24:00Z","2025-09-16T05:05:00Z",300,0,300
"LOWW","SVMI","2025-09-15T17:18:00Z","2025-09-16T05:06:00Z",320,0,320
"UBBB","LATI","2025-09-16T00:49:00Z","2025-09-16T05:06:00Z",300,0,300
"LDZA","OPKC","2025-09-15T21:41:00Z","2025-09-16T05:07:00Z",320,0,320
"LBSF","EKCH","2025-09-16T01:04:00Z","2025-09-16T05:08:00Z",340,0,340
"OYSN","OAKB","2025-09-15T23:01:00Z","2025-09-16T05:08:00Z",300,0,300
"LATI","UMMS","2025-09-16T02:17:00Z","2025-09-16T05:09:00Z",340,0,340
"LDZA","SKBO","2025-09-15T15:59:00Z","2025-09-16T05:10:00Z",360,0,360
"EKCH","SLLP","2025-09-15T14:33:00Z","2025-09-16T05:11:00Z",340,0,340
"UMMS","EKCH","2025-09-16T02:51:00Z","2025-09-16T05:11:00Z",340,0,340
"LATI","OMDB","2025-09-15T23:28:00Z","2025-09-16T05:12:00Z",360,0,360
"LBSF","OYSN","2025-09-15T23:41:00Z","2025-09-16T05:13:00Z",360,0,360
"LKPR","EHAM","2025-09-16T03:18:00Z","2025-09-16T05:13:00Z",300,0,300
"LBSF","OAKB","2025-09-15T22:08:00Z","2025-09-16T05:15:00Z",300,0,300
"EBCI","LKPR","2025-09-16T03:23:00Z","2025-09-16T05:16:00Z",300,0,300
"EDDI","OAKB","2025-09-15T21:14:00Z","2025-09-16T05:18:00Z",320,0,320
"OMDB","LKPR","2025-09-15T22:42:00Z","2025-09-16T05:19:00Z",300,0,300
"UMMS","OAKB","2025-09-15T23:29:00Z","2025-09-16T05:19:00Z",320,0,320
"OJAI","OPKC","2025-09-15T23:16:00Z","2025-09-16T05:20:00Z",340,0,340
"OJAI","VIDP","2025-09-15T22:15:00Z","2025-09-16T05:21:00Z",300,0,300
"EDDI","LOWW","2025-09-16T03:45:00Z","2025-09-16T05:22:00Z",320,0,320
"EHAM","SPIM","2025-09-15T14:13:00Z","2025-09-16T05:22:00Z",320,0,320
"EDDI","OPKC","2025-09-15T21:30:00Z","2025-09-16T05:24:00Z",320,0,320
"LKPR","OAKB","2025-09-15T22:25:00Z","2025-09-16T05:24:00Z",360,0,360
"OOMS","LATI","2025-09-15T22:12:00Z","2025-09-16T05:24:00Z",340,0,340
"SPIM","SBBR","2025-09-15T23:19:00Z","2025-09-16T05:24:00Z",340,0,340
"UMMS","OERK","2025-09-15T23:58:00Z","2025-09-16T05:26:00Z",320,0,320
"UMMS","SEQM","2025-09-15T14:31:00Z","2025-09-16T05:26:00Z",340,0,340
"OAKB","UMMS","2025-09-15T23:40:00Z","2025-09-16T05:30:00Z",320,0,320
"VIDP","LATI","2025-09-15T21:43:00Z","2025-09-16T05:31:00Z",320,0,320
"LKPR","OPKC","2025-09-15T21:47:00Z","2025-09-16T05:32:00Z",360,0,360
"SLLP","SVMI","2025-09-16T00:54:00Z","2025-09-16T05:32:00Z",320,0,320
"SUAA","SCEL","2025-09-16T02:55:00Z","2025-09-16T05:33:00Z",360,0,360
"SABE","SPIM","2025-09-16T00:41:00Z","2025-09-16T05:35:00Z",300,0,300
"VIDP","EBCI","2025-09-15T19:26:00Z","2025-09-16T05:35:00Z",360,0,360
"OSDI","OOMS","2025-09-16T00:34:00Z","2025-09-16T05:36:00Z",320,0,320
"SGAS","LBSF","2025-09-15T14:41:00Z","2025-09-16T05:36:00Z",320,0,320
"LATI","EHAM","2025-09-16T01:32:00Z","2025-09-16T05:38:00Z",340,0,340
"SPIM","SCEL","2025-09-16T00:34:00Z","2025-09-16T05:38:00Z",300,0,300
"OERK","OJAI","2025-09-16T02:59:00Z","2025-09-16T05:39:00Z",320,0,320
"OYSN","EDDI","2025-09-15T21:27:00Z","2025-09-16T05:40:00Z",360,0,360
"EDDI","LBSF","2025-09-16T02:01:00Z","2025-09-16T05:42:00Z",360,0,360
"OAKB","EKCH","2025-09-15T21:32:00Z","2025-09-16T05:42:00Z",300,0,300
"OERK","LOWW","2025-09-15T23:59:00Z","2025-09-16T05:42:00Z",300,0,300
"SBBR","EHAM","2025-09-15T16:30:00Z","2025-09-16T05:43:00Z",320,0,320
"SBBR","OJAI","2025-09-15T15:59:00Z","2025-09-16T05:43:00Z",340,0,340
"SUAA","SPIM","2025-09-15T23:39:00Z","2025-09-16T05:43:00Z",300,0,300
"UBBB","VIDP","2025-09-16T00:12:00Z","2025-09-16T05:43:00Z",300,0,300
"VIDP","LOWW","2025-09-15T20:39:00Z","2025-09-16T05:43:00Z",340,0,340
"SCEL","SLLP","2025-09-16T01:21:00Z","2025-09-16T05:44:00Z",360,0,360
"EBCI","LBSF","2025-09-16T01:36:00Z","2025-09-16T05:45:00Z",340,0,340
"OYSN","EKCH","2025-09-15T21:11:00Z","2025-09-16T05:45:00Z",360,0,360
"EBCI","SGAS","2025-09-15T15:51:00Z","2025-09-16T05:46:00Z",300,0,300
"LOWW","EDDI","2025-09-16T03:09:00Z","2025-09-16T05:46:00Z",360,0,360
"VIDP","UBBB","2025-09-16T00:15:00Z","2025-09-16T05:46:00Z",360,0,360
"LOWW","EBCI","2025-09-16T02:39:00Z","2025-09-16T05:47:00Z",320,0,320
"LOWW","UBBB","2025-09-16T00:13:00Z","2025-09-16T05:47:00Z",360,0,360
"SKBO","LKPR","2025-09-15T16:48:00Z","2025-09-16T05:47:00Z",360,0,360
"SEQM","SGAS","2025-09-15T23:18:00Z","2025-09-16T05:48:00Z",360,0,360
"LBSF","OOMS","2025-09-15T23:58:00Z","2025-09-16T05:49:00Z",340,0,340
"OMDB","LATI","2025-09-15T23:05:00Z","2025-09-16T05:49:00Z",340,0,340
"SVMI","EBCI","2025-09-15T18:06:00Z","2025-09-16T05:49:00Z",340,0,340
"LDZA","LBSF","2025-09-16T03:01:00Z","2025-09-16T05:50:00Z",320,0,320
"OMDB","UBBB","2025-09-16T01:40:00Z","2025-09-16T05:50:00Z",340,0,340
"SPIM","SEQM","2025-09-16T02:09:00Z","2025-09-16T05:50:00Z",320,0,320
"SGAS","EDDI","2025-09-15T14:07:00Z","2025-09-16T05:51:00Z",340,0,340
"LKPR","OERK","2025-09-15T22:51:00Z","2025-09-16T05:52:00Z",360,0,360
"SGAS","SVMI","2025-09-15T22:50:00Z","2025-09-16T05:52:00Z",300,0,300
"UBBB","LKPR","2025-09-16T00:06:00Z","2025-09-16T05:52:00Z",360,0,360
"LBSF","OERK","2025-09-16T00:14:00Z","2025-09-16T05:54:00Z",300,0,300
"SBBR","SEQM","2025-09-15T23:11:00Z","2025-09-16T05:57:00Z",300,0,300
"OOMS","OAKB","2025-09-16T02:58:00Z","2025-09-16T06:00:00Z",360,0,360
"SEQM","SVMI","2025-09-16T02:50:00Z","2025-09-16T06:00:00Z",320,0,320
"SGAS","SLLP","2025-09-16T03:06:00Z","2025-09-16T06:00:00Z",320,0,320
"UMMS","SBBR","2025-09-15T15:59:00Z","2025-09-16T06:01:00Z",340,0,340
"EBCI","LDZA","2025-09-16T03:43:00Z","2025-09-16T06:02:00Z",340,0,340
"EKCH","OERK","2025-09-15T23:28:00Z","2025-09-16T06:02:00Z",340,0,340
"OJAI","EHAM","2025-09-16T00:43:00Z","2025-09-16T06:02:00Z",360,0,360
"EDDI","LDZA","2025-09-16T03:03:00Z","2025-09-16T06:04:00Z",360,0,360
"OERK","LATI","2025-09-16T01:08:00Z","2025-09-16T06:04:00Z",300,0,300
"SABE","LKPR","2025-09-15T14:21:00Z","2025-09-16T06:04:00Z",340,0,340
"EHAM","OMDB","2025-09-15T22:32:00Z","2025-09-16T06:05:00Z",340,0,340
"EBCI","OSDI","2025-09-16T00:03:00Z","2025-09-16T06:06:00Z",320,0,320
"LKPR","SPIM","2025-09-15T15:09:00Z","2025-09-16T06:06:00Z",300,0,300
"LOWW","SABE","2025-09-15T14:23:00Z","2025-09-16T06:06:00Z",320,0,320
"LBSF","OMDB","2025-09-16T00:44:00Z","2025-09-16T06:07:00Z",340,0,340
"SVMI","OSDI","2025-09-15T15:55:00Z","2025-09-16T06:07:00Z",340,0,340
"LBSF","SPIM","2025-09-15T14:24:00Z","2025-09-16T06:08:00Z",320,0,320
"OYSN","SVMI","2025-09-15T14:16:00Z","2025-09-16T06:08:00Z",320,0,320
"SUAA","SGAS","2025-09-16T03:55:00Z","2025-09-16T06:10:00Z",340,0,340
"LATI","OYSN","2025-09-16T00:28:00Z","2025-09-16T06:12:00Z",300,0,300
"SLLP","SPIM","2025-09-16T03:52:00Z","2025-09-16T06:12:00Z",340,0,340
"EHAM","SGAS","2025-09-15T15:08:00Z","2025-09-16T06:13:00Z",340,0,340
"LBSF","SKBO","2025-09-15T16:17:00Z","2025-09-16T06:13:00Z",300,0,300
"VIDP","OERK","2025-09-16T01:18:00Z","2025-09-16T06:13:00Z",360,0,360
"SGAS","EKCH","2025-09-15T15:22:00Z","2025-09-16T06:14:00Z",300,0,300
"SGAS","OSDI","2025-09-15T14:28:00Z","2025-09-16T06:14:00Z",340,0,340
"EBCI","OAKB","2025-09-15T22:23:00Z","2025-09-16T06:15:00Z",360,0,360
"SEQM","EDDI","2025-09-15T16:35:00Z","2025-09-16T06:15:00Z",340,0,340
"UBBB","OPKC","2025-09-16T01:16:00Z","2025-09-16T06:16:00Z",340,0,340
"EDDI","OPKC","2025-09-15T22:23:00Z","2025-09-16T06:17:00Z",340,0,340
"LOWW","LKPR","2025-09-16T04:57:00Z","2025-09-16T06:17:00Z",300,0,300
"UMMS","LOWW","2025-09-16T03:02:00Z","2025-09-16T06:18:00Z",340,0,340
"UMMS","LKPR","2025-09-16T03:02:00Z","2025-09-16T06:19:00Z",340,0,340
"OMDB","EKCH","2025-09-15T22:17:00Z","2025-09-16T06:21:00Z",300,0,300
"SUAA","LATI","2025-09-15T14:08:00Z","2025-09-16T06:22:00Z",340,0,340
"LOWW","SEQM","2025-09-15T16:26:00Z","2025-09-16T06:23:00Z",320,0,320
"UBBB","OMDB","2025-09-16T02:13:00Z","2025-09-16T06:23:00Z",360,0,360
"SVMI","SGAS","2025-09-15T23:22:00Z","2025-09-16T06:24:00Z",320,0,320
"UMMS","SGAS","2025-09-15T14:27:00Z","2025-09-16T06:24:00Z",340,0,340
"OPKC","VIDP","2025-09-16T03:03:00Z","2025-09-16T06:25:00Z",340,0,340
"SKBO","LDZA","2025-09-15T16:14:00Z","2025-09-16T06:25:00Z",300,0,300
"EKCH","SVMI","2025-09-15T18:57:00Z","2025-09-16T06:26:00Z",340,0,340
"OPKC","EHAM","2025-09-15T21:46:00Z","2025-09-16T06:26:00Z",300,0,300
"UMMS","LATI","2025-09-16T03:34:00Z","2025-09-16T06:26:00Z",320,0,320
"LKPR","SBBR","2025-09-15T17:41:00Z","2025-09-16T06:27:00Z",320,0,320
"SBBR","LKPR","2025-09-15T17:41:00Z","2025-09-16T06:27:00Z",300,0,300
"SKBO","SLLP","2025-09-16T02:33:00Z","2025-09-16T06:28:00Z",360,0,360
"LKPR","LOWW","2025-09-16T04:11:00Z","2025-09-16T06:31:00Z",360,0,360
"LOWW","OOMS","2025-09-15T23:43:00Z","2025-09-16T06:32:00Z",320,0,320
"SBBR","SKBO","2025-09-16T00:57:00Z","2025-09-16T06:32:00Z",360,0,360
"SPIM","LBSF","2025-09-15T14:51:00Z","2025-09-16T06:35:00Z",340,0,340
"UMMS","LDZA","2025-09-16T03:02:00Z","2025-09-16T06:35:00Z",320,0,320
"UMMS","UBBB","2025-09-16T02:49:00Z","2025-09-16T06:35:00Z",340,0,340
"SGAS","UMMS","2025-09-15T14:39:00Z","2025-09-16T06:36:00Z",320,0,320
"SEQM","LDZA","2025-09-15T16:38:00Z","2025-09-16T06:37:00Z",340,0,340
"OERK","LBSF","2025-09-16T01:59:00Z","2025-09-16T06:39:00Z",340,0,340
"OPKC","UBBB","2025-09-16T01:39:00Z","2025-09-16T06:39:00Z",300,0,300
"EDDI","SKBO","2025-09-15T17:47:00Z","2025-09-16T06:40:00Z",340,0,340
"EBCI","OOMS","2025-09-15T22:44:00Z","2025-09-16T06:41:00Z",360,0,360
"LKPR","SABE","2025-09-15T14:58:00Z","2025-09-16T06:41:00Z",320,0,320
"OSDI","LOWW","2025-09-16T02:43:00Z","2025-09-16T06:41:00Z",300,0,300
"SVMI","LATI","2025-09-15T17:32:00Z","2025-09-16T06:41:00Z",320,0,320
"OAKB","LBSF","2025-09-15T23:35:00Z","2025-09-16T06:42:00Z",320,0,320
"VIDP","EKCH","2025-09-15T21:18:00Z","2025-09-16T06:44:00Z",300,0,300
"LDZA","SUAA","2025-09-15T14:26:00Z","2025-09-16T06:45:00Z",360,0,360
"OJAI","LBSF","2025-09-16T02:43:00Z","2025-09-16T06:45:00Z",360,0,360
"SUAA","EBCI","2025-09-15T15:52:00Z","2025-09-16T06:45:00Z",360,0,360
"EHAM","SCEL","2025-09-15T14:51:00Z","2025-09-16T06:46:00Z",360,0,360
"OAKB","OYSN","2025-09-16T00:42:00Z","2025-09-16T06:49:00Z",320,0,320
"OPKC","OJAI","2025-09-16T00:45:00Z","2025-09-16T06:49:00Z",300,0,300
"LATI","SUAA","2025-09-15T14:36:00Z","2025-09-16T06:50:00Z",300,0,300
"LKPR","VIDP","2025-09-15T21:37:00Z","2025-09-16T06:52:00Z",340,0,340
"OMDB","LOWW","2025-09-15T23:34:00Z","2025-09-16T06:55:00Z",300,0,300
"OPKC","LBSF","2025-09-15T23:16:00Z","2025-09-16T06:55:00Z",300,0,300
"SVMI","OJAI","2025-09-15T15:46:00Z","2025-09-16T06:56:00Z",300,0,300
"OMDB","SBBR","2025-09-15T15:03:00Z","2025-09-16T07:00:00Z",340,0,340
"SBBR","SLLP","2025-09-16T03:10:00Z","2025-09-16T07:00:00Z",360,0,360
"SGAS","SCEL","2025-09-16T04:04:00Z","2025-09-16T07:00:00Z",360,0,360
"SVMI","LDZA","2025-09-15T19:12:00Z","2025-09-16T07:00:00Z",340,0,340
"SKBO","SPIM","2025-09-16T03:45:00Z","2025-09-16T07:01:00Z",340,0,340
"LDZA","OJAI","2025-09-16T03:11:00Z","2025-09-16T07:02:00Z",300,0,300
"LKPR","SVMI","2025-09-15T19:25:00Z","2025-09-16T07:02:00Z",300,0,300
"EBCI","SGAS","2025-09-15T17:08:00Z","2025-09-16T07:03:00Z",300,0,300
"OAKB","LKPR","2025-09-16T00:04:00Z","2025-09-16T07:03:00Z",340,0,340
"SBBR","EKCH","2025-09-15T17:04:00Z","2025-09-16T07:04:00Z",320,0,320
"LKPR","OPKC","2025-09-15T23:20:00Z","2025-09-16T07:05:00Z",300,0,300
"LOWW","SBBR","2025-09-15T18:19:00Z","2025-09-16T07:05:00Z",320,0,320
"EKCH","LDZA","2025-09-16T04:40:00Z","2025-09-16T07:06:00Z",320,0,320
"EKCH","UBBB","2025-09-16T01:01:00Z","2025-09-16T07:06:00Z",300,0,300
"LOWW","SKBO","2025-09-15T17:56:00Z","2025-09-16T07:06:00Z",360,0,360
"LATI","LKPR","2025-09-16T04:46:00Z","2025-09-16T07:07:00Z",320,0,320
"SLLP","LBSF","2025-09-15T15:57:00Z","2025-09-16T07:07:00Z",340,0,340
"OOMS","EDDI","2025-09-15T23:52:00Z","2025-09-16T07:08:00Z",300,0,300
"OJAI","SGAS","2025-09-15T15:35:00Z","2025-09-16T07:09:00Z",300,0,300
"OYSN","SBBR","2025-09-15T16:55:00Z","2025-09-16T07:10:00Z",360,0,360
"EKCH","SKBO","2025-09-15T18:23:00Z","2025-09-16T07:11:00Z",360,0,360
"SGAS","OJAI","2025-09-15T15:37:00Z","2025-09-16T07:11:00Z",360,0,360
"SLLP","SCEL","2025-09-16T03:48:00Z","2025-09-16T07:11:00Z",320,0,320
"OAKB","OJAI","2025-09-16T01:12:00Z","2025-09-16T07:12:00Z",340,0,340
"SPIM","LDZA","2025-09-15T15:11:00Z","2025-09-16T07:15:00Z",360,0,360
"VIDP","LDZA","2025-09-15T22:11:00Z","2025-09-16T07:15:00Z",320,0,320
"EKCH","OAKB","2025-09-15T23:06:00Z","2025-09-16T07:16:00Z",300,0,300
"LATI","LDZA","2025-09-16T05:39:00Z","2025-09-16T07:17:00Z",360,0,360
"SKBO","OJAI","2025-09-15T15:44:00Z","2025-09-16T07:17:00Z",300,0,300
"LOWW","OMDB","2025-09-16T00:57:00Z","2025-09-16T07:18:00Z",340,0,340
"SUAA","OJAI","2025-09-15T14:16:00Z","2025-09-16T07:18:00Z",300,0,300
"OAKB","UBBB","2025-09-16T03:03:00Z","2025-09-16T07:19:00Z",340,0,340
"SVMI","OMDB","2025-09-15T14:33:00Z","2025-09-16T07:19:00Z",320,0,320
"EBCI","OMDB","2025-09-15T23:51:00Z","2025-09-16T07:20:00Z",360,0,360
"EDDI","OOMS","2025-09-15T23:05:00Z","2025-09-16T07:21:00Z",300,0,300
"OPKC","OSDI","2025-09-16T02:22:00Z","2025-09-16T07:21:00Z",360,0,360
"OJAI","OYSN","2025-09-16T03:51:00Z","2025-09-16T07:22:00Z",340,0,340
"EBCI","LATI","2025-09-16T04:28:00Z","2025-09-16T07:23:00Z",340,0,340
"EHAM","UBBB","2025-09-16T01:42:00Z","2025-09-16T07:23:00Z",300,0,300
"OMDB","EBCI","2025-09-15T23:54:00Z","2025-09-16T07:23:00Z",320,0,320
"SBBR","OOMS","2025-09-15T14:06:00Z","2025-09-16T07:23:00Z",300,0,300
"SPIM","UMMS","2025-09-15T14:12:00Z","2025-09-16T07:23:00Z",320,0,320
"VIDP","LBSF","2025-09-15T23:01:00Z","2025-09-16T07:23:00Z",360,0,360
"SUAA","LBSF","2025-09-15T15:44:00Z","2025-09-16T07:24:00Z",340,0,340
"EBCI","UBBB","2025-09-16T01:45:00Z","2025-09-16T07:25:00Z",360,0,360
"LKPR","SGAS","2025-09-15T16:45:00Z","2025-09-16T07:25:00Z",300,0,300
"OPKC","LDZA","2025-09-15T23:59:00Z","2025-09-16T07:25:00Z",300,0,300
"VIDP","OYSN","2025-09-16T01:47:00Z","2025-09-16T07:25:00Z",340,0,340
"EKCH","SLLP","2025-09-15T16:48:00Z","2025-09-16T07:26:00Z",340,0,340
"LATI","SKBO","2025-09-15T17:54:00Z","2025-09-16T07:26:00Z",360,0,360
"VIDP","UBBB","2025-09-16T02:55:00Z","2025-09-16T07:26:00Z",300,0,300
"LATI","SEQM","2025-09-15T16:08:00Z","2025-09-16T07:27:00Z",340,0,340
"OYSN","UBBB","2025-09-16T02:53:00Z","2025-09-16T07:27:00Z",340,0,340
"OSDI","SEQM","2025-09-15T14:06:00Z","2025-09-16T07:28:00Z",300,0,300
"SGAS","SKBO","2025-09-16T01:48:00Z","2025-09-16T07:28:00Z",340,0,340
"SLLP","LDZA","2025-09-15T16:53:00Z","2025-09-16T07:28:00Z",320,0,320
"EBCI","EHAM","2025-09-16T05:13:00Z","2025-09-16T07:29:00Z",340,0,340
"LATI","EKCH","2025-09-16T03:26:00Z","2025-09-16T07:29:00Z",340,0,340
"SKBO","SCEL","2025-09-16T00:18:00Z","2025-09-16T07:30:00Z",320,0,320
"SLLP","SABE","2025-09-16T03:42:00Z","2025-09-16T07:30:00Z",340,0,340
"LATI","UBBB","2025-09-16T02:14:00Z","2025-09-16T07:31:00Z",360,0,360
"SVMI","SBBR","2025-09-16T01:09:00Z","2025-09-16T07:31:00Z",320,0,320
"UBBB","OOMS","2025-09-16T03:58:00Z","2025-09-16T07:31:00Z",360,0,360
"SVMI","SLLP","2025-09-16T02:55:00Z","2025-09-16T07:33:00Z",300,0,300
"OSDI","EBCI","2025-09-16T01:32:00Z","2025-09-16T07:35:00Z",320,0,320
"SPIM","EDDI","2025-09-15T16:41:00Z","2025-09-16T07:35:00Z",320,0,320
"SBBR","OERK","2025-09-15T16:50:00Z","2025-09-16T07:38:00Z",320,0,320
"SGAS","LKPR","2025-09-15T16:58:00Z","2025-09-16T07:38:00Z",360,0,360
"SKBO","EBCI","2025-09-15T18:33:00Z","2025-09-16T07:38:00Z",360,0,360
"LDZA","OMDB","2025-09-16T00:27:00Z","2025-09-16T07:39:00Z",300,0,300
"OERK","SVMI","2025-09-15T15:54:00Z","2025-09-16T07:39:00Z",320,0,320
"LOWW","UMMS","2025-09-16T04:25:00Z","2025-09-16T07:41:00Z",300,0,300
"SKBO","EDDI","2025-09-15T18:48:00Z","2025-09-16T07:41:00Z",320,0,320
"UMMS","EKCH","2025-09-16T04:21:00Z","2025-09-16T07:41:00Z",320,0,320
"LKPR","EBCI","2025-09-16T05:49:00Z","2025-09-16T07:42:00Z",300,0,300
"VIDP","OOMS","2025-09-16T03:14:00Z","2025-09-16T07:43:00Z",340,0,340
"OSDI","OPKC","2025-09-16T02:45:00Z","2025-09-16T07:44:00Z",300,0,300
"SPIM","SGAS","2025-09-16T02:32:00Z","2025-09-16T07:44:00Z",360,0,360
"SUAA","LDZA","2025-09-15T15:25:00Z","2025-09-16T07:44:00Z",340,0,340
"UMMS","VIDP","2025-09-15T23:39:00Z","2025-09-16T07:45:00Z",340,0,340
"SGAS","SBBR","2025-09-16T04:51:00Z","2025-09-16T07:46:00Z",300,0,300
"OSDI","EDDI","2025-09-16T02:17:00Z","2025-09-16T07:48:00Z",320,0,320
"LBSF","OPKC","2025-09-16T00:10:00Z","2025-09-16T07:49:00Z",340,0,340
"SBBR","LDZA","2025-09-15T18:15:00Z","2025-09-16T07:49:00Z",360,0,360
"EHAM","SKBO","2025-09-15T18:44:00Z","2025-09-16T07:51:00Z",300,0,300
"LDZA","LATI","2025-09-16T05:13:00Z","2025-09-16T07:51:00Z",320,0,320
"OJAI","EKCH","2025-09-16T01:48:00Z","2025-09-16T07:51:00Z",300,0,300
"SEQM","SPIM","2025-09-16T04:10:00Z","2025-09-16T07:51:00Z",340,0,340
"EHAM","OJAI","2025-09-16T01:34:00Z","2025-09-16T07:53:00Z",300,0,300
"SVMI","OYSN","2025-09-15T15:01:00Z","2025-09-16T07:53:00Z",360,0,360
"EBCI","SLLP","2025-09-15T17:09:00Z","2025-09-16T07:54:00Z",320,0,320
"SCEL","LDZA","2025-09-15T14:31:00Z","2025-09-16T07:55:00Z",320,0,320
"LBSF","SPIM","2025-09-15T15:12:00Z","2025-09-16T07:56:00Z",300,0,300
"EDDI","SABE","2025-09-15T15:08:00Z","2025-09-16T07:57:00Z",320,0,320
"OYSN","LOWW","2025-09-16T00:19:00Z","2025-09-16T07:57:00Z",340,0,340
"SKBO","SBBR","2025-09-16T01:22:00Z","2025-09-16T07:57:00Z",360,0,360
"EBCI","UMMS","2025-09-16T03:51:00Z","2025-09-16T07:58:00Z",300,0,300
"EDDI","SBBR","2025-09-15T18:08:00Z","2025-09-16T07:58:00Z",300,0,300
"LKPR","LATI","2025-09-16T04:37:00Z","2025-09-16T07:58:00Z",360,0,360
"SEQM","LOWW","2025-09-15T17:02:00Z","2025-09-16T07:59:00Z",340,0,340
"EHAM","SCEL","2025-09-15T16:05:00Z","2025-09-16T08:00:00Z",300,0,300
"LATI","UMMS","2025-09-16T05:08:00Z","2025-09-16T08:00:00Z",360,0,360
"OJAI","SKBO","2025-09-15T16:27:00Z","2025-09-16T08:00:00Z",360,0,360
"UMMS","OJAI","2025-09-16T03:51:00Z","2025-09-16T08:00:00Z",300,0,300
"OYSN","EBCI","2025-09-16T00:22:00Z","2025-09-16T08:01:00Z",300,0,300
"LDZA","OPKC","2025-09-16T00:36:00Z","2025-09-16T08:02:00Z",360,0,360
"UMMS","SKBO","2025-09-15T17:54:00Z","2025-09-16T08:02:00Z",360,0,360
"OJAI","OERK","2025-09-16T05:23:00Z","2025-09-16T08:03:00Z",320,0,320
"SGAS","LOWW","2025-09-15T17:22:00Z","2025-09-16T08:03:00Z",340,0,340
"SEQM","SPIM","2025-09-16T05:23:00Z","2025-09-16T08:04:00Z",300,0,300
"UBBB","LDZA","2025-09-16T03:33:00Z","2025-09-16T08:05:00Z",300,0,300
"EBCI","OJAI","2025-09-16T02:55:00Z","2025-09-16T08:06:00Z",340,0,340
"EHAM","EBCI","2025-09-16T06:50:00Z","2025-09-16T08:06:00Z",340,0,340
"EHAM","OPKC","2025-09-15T23:27:00Z","2025-09-16T08:07:00Z",300,0,300
"OSDI","LOWW","2025-09-16T04:09:00Z","2025-09-16T08:07:00Z",360,0,360
"OSDI","UMMS","2025-09-16T04:13:00Z","2025-09-16T08:07:00Z",340,0,340
"OAKB","OERK","2025-09-16T03:01:00Z","2025-09-16T08:08:00Z",340,0,340
"OERK","EHAM","2025-09-16T01:13:00Z","2025-09-16T08:08:00Z",320,0,320
"SBBR","SCEL","2025-09-16T03:17:00Z","2025-09-16T08:08:00Z",340,0,340
"OAKB","OSDI","2025-09-16T03:19:00Z","2025-09-16T08:09:00Z",340,0,340
"VIDP","LKPR","2025-09-15T23:54:00Z","2025-09-16T08:09:00Z",360,0,360
"OERK","OMDB","2025-09-16T05:01:00Z","2025-09-16T08:10:00Z",340,0,340
"SKBO","EKCH","2025-09-15T19:22:00Z","2025-09-16T08:10:00Z",340,0,340
"LBSF","SUAA","2025-09-15T16:31:00Z","2025-09-16T08:11:00Z",300,0,300
"OAKB","UMMS","2025-09-16T02:21:00Z","2025-09-16T08:11:00Z",360,0,360
"LBSF","OJAI","2025-09-16T04:10:00Z","2025-09-16T08:12:00Z",360,0,360
"SGAS","SABE","2025-09-16T05:57:00Z","2025-09-16T08:12:00Z",360,0,360
"LDZA","EHAM","2025-09-16T05:45:00Z","2025-09-16T08:13:00Z",320,0,320
"SGAS","SPIM","2025-09-16T03:01:00Z","2025-09-16T08:13:00Z",340,0,340
"LBSF","SBBR","2025-09-15T18:14:00Z","2025-09-16T08:14:00Z",320,0,320
"SABE","OERK","2025-09-15T15:16:00Z","2025-09-16T08:15:00Z",340,0,340
"EBCI","LOWW","2025-09-16T05:10:00Z","2025-09-16T08:18:00Z",320,0,320
"OSDI","OJAI","2025-09-16T06:00:00Z","2025-09-16T08:18:00Z",360,0,360
"LBSF","OSDI","2025-09-16T05:25:00Z","2025-09-16T08:19:00Z",320,0,320
"LOWW","OJAI","2025-09-16T03:12:00Z","2025-09-16T08:19:00Z",320,0,320
"UBBB","EDDI","2025-09-16T03:25:00Z","2025-09-16T08:19:00Z",340,0,340
"VIDP","OMDB","2025-09-16T04:33:00Z","2025-09-16T08:19:00Z",320,0,320
"SPIM","LATI","2025-09-15T16:01:00Z","2025-09-16T08:20:00Z",360,0,360
"EHAM","LDZA","2025-09-16T05:54:00Z","2025-09-16T08:22:00Z",360,0,360
"OYSN","OSDI","2025-09-16T04:40:00Z","2025-09-16T08:22:00Z",360,0,360
"OAKB","OMDB","2025-09-16T04:17:00Z","2025-09-16T08:23:00Z",360,0,360
"OYSN","UBBB","2025-09-16T03:49:00Z","2025-09-16T08:23:00Z",360,0,360
"SABE","SBBR","2025-09-16T04:24:00Z","2025-09-16T08:23:00Z",320,0,320
"EKCH","OSDI","2025-09-16T03:32:00Z","2025-09-16T08:24:00Z",300,0,300
"SGAS","OYSN","2025-09-15T16:34:00Z","2025-09-16T08:24:00Z",320,0,320
"UMMS","EDDI","2025-09-16T05:08:00Z","2025-09-16T08:24:00Z",300,0,300
"LKPR","SEQM","2025-09-15T18:39:00Z","2025-09-16T08:25:00Z",360,0,360
"SABE","SGAS","2025-09-16T05:10:00Z","2025-09-16T08:25:00Z",340,0,340
"EHAM","EKCH","2025-09-16T06:39:00Z","2025-09-16T08:26:00Z",340,0,340
"LATI","OPKC","2025-09-16T00:23:00Z","2025-09-16T08:26:00Z",300,0,300
"LOWW","SUAA","2025-09-15T16:52:00Z","2025-09-16T08:26:00Z",320,0,320
"VIDP","EHAM","2025-09-15T22:19:00Z","2025-09-16T08:26:00Z",300,0,300
"LDZA","OERK","2025-09-16T02:59:00Z","2025-09-16T08:28:00Z",320,0,320
"OSDI","SVMI","2025-09-15T17:16:00Z","2025-09-16T08:28:00Z",360,0,360
"SBBR","LDZA","2025-09-15T19:54:00Z","2025-09-16T08:28:00Z",320,0,320
"VIDP","OPKC","2025-09-16T05:06:00Z","2025-09-16T08:28:00Z",340,0,340
"EDDI","LKPR","2025-09-16T06:12:00Z","2025-09-16T08:29:00Z",320,0,320
"SABE","EDDI","2025-09-15T16:40:00Z","2025-09-16T08:29:00Z",320,0,320
"SPIM","OSDI","2025-09-15T14:18:00Z","2025-09-16T08:29:00Z",300,0,300
"SABE","EKCH","2025-09-15T16:31:00Z","2025-09-16T08:30:00Z",360,0,360
"SLLP","EHAM","2025-09-15T18:39:00Z","2025-09-16T08:31:00Z",340,0,340
"SABE","SKBO","2025-09-16T01:50:00Z","2025-09-16T08:33:00Z",320,0,320
"SGAS","SUAA","2025-09-16T05:19:00Z","2025-09-16T08:34:00Z",320,0,320
"LKPR","LBSF","2025-09-16T05:10:00Z","2025-09-16T08:35:00Z",360,0,360
"OYSN","LBSF","2025-09-16T02:03:00Z","2025-09-16T08:35:00Z",340,0,340
"EKCH","OMDB","2025-09-16T00:32:00Z","2025-09-16T08:36:00Z",300,0,300
"EDDI","OMDB","2025-09-16T01:50:00Z","2025-09-16T08:39:00Z",300,0,300
"SPIM","SLLP","2025-09-16T05:21:00Z","2025-09-16T08:41:00Z",300,0,300
"LKPR","EKCH","2025-09-16T06:59:00Z","2025-09-16T08:42:00Z",360,0,360
"LOWW","SLLP","2025-09-15T17:01:00Z","2025-09-16T08:42:00Z",360,0,360
"OSDI","OYSN","2025-09-16T04:00:00Z","2025-09-16T08:42:00Z",360,0,360
"SVMI","SUAA","2025-09-16T00:25:00Z","2025-09-16T08:42:00Z",340,0,340
"UBBB","OOMS","2025-09-16T04:09:00Z","2025-09-16T08:42:00Z",300,0,300
"SEQM","SABE","2025-09-16T01:18:00Z","2025-09-16T08:43:00Z",320,0,320
"EDDI","LOWW","2025-09-16T06:07:00Z","2025-09-16T08:44:00Z",360,0,360
"LDZA","SGAS","2025-09-15T17:16:00Z","2025-09-16T08:45:00Z",360,0,360
"OYSN","LKPR","2025-09-16T01:48:00Z","2025-09-16T08:45:00Z",360,0,360
"OERK","UMMS","2025-09-16T02:18:00Z","2025-09-16T08:46:00Z",360,0,360
"LBSF","EDDI","2025-09-16T05:06:00Z","2025-09-16T08:47:00Z",320,0,320
"SEQM","SBBR","2025-09-16T02:02:00Z","2025-09-16T08:48:00Z",320,0,320
"SGAS","SLLP","2025-09-16T05:54:00Z","2025-09-16T08:48:00Z",320,0,320
"EDDI","EBCI","2025-09-16T06:59:00Z","2025-09-16T08:49:00Z",300,0,300
"OSDI","SUAA","2025-09-15T15:33:00Z","2025-09-16T08:49:00Z",320,0,320
"SCEL","EBCI","2025-09-15T16:03:00Z","2025-09-16T08:49:00Z",360,0,360
"SKBO","OSDI","2025-09-15T16:13:00Z","2025-09-16T08:49:00Z",320,0,320
"LATI","LBSF","2025-09-16T06:24:00Z","2025-09-16T08:50:00Z",320,0,320
"SGAS","EKCH","2025-09-15T17:58:00Z","2025-09-16T08:50:00Z",320,0,320
"SVMI","OSDI","2025-09-15T17:38:00Z","2025-09-16T08:50:00Z",360,0,360
"EKCH","OJAI","2025-09-16T02:48:00Z","2025-09-16T08:51:00Z",300,0,300
"UBBB","LOWW","2025-09-16T03:17:00Z","2025-09-16T08:51:00Z",320,0,320
"UBBB","UMMS","2025-09-16T04:05:00Z","2025-09-16T08:51:00Z",300,0,300
"SPIM","EDDI","2025-09-15T17:58:00Z","2025-09-16T08:52:00Z",320,0,320
"OYSN","OERK","2025-09-16T05:36:00Z","2025-09-16T08:53:00Z",320,0,320
"SBBR","UMMS","2025-09-15T17:51:00Z","2025-09-16T08:53:00Z",340,0,340
"OPKC","LOWW","2025-09-16T00:23:00Z","2025-09-16T08:54:00Z",340,0,340
"SPIM","SEQM","2025-09-16T05:13:00Z","2025-09-16T08:54:00Z",320,0,320
"SVMI","LBSF","2025-09-15T19:21:00Z","2025-09-16T08:54:00Z",300,0,300
"SABE","SEQM","2025-09-16T01:30:00Z","2025-09-16T08:55:00Z",360,0,360
"SBBR","SGAS","2025-09-16T05:00:00Z","2025-09-16T08:55:00Z",320,0,320
"SLLP","OJAI","2025-09-15T15:40:00Z","2025-09-16T08:55:00Z",320,0,320
"UBBB","EKCH","2025-09-16T02:50:00Z","2025-09-16T08:55:00Z",320,0,320
"LATI","SPIM","2025-09-15T16:37:00Z","2025-09-16T08:56:00Z",360,0,360
"OSDI","UBBB","2025-09-16T05:06:00Z","2025-09-16T08:57:00Z",320,0,320
"SVMI","UBBB","2025-09-15T16:36:00Z","2025-09-16T08:57:00Z",340,0,340
"EBCI","UMMS","2025-09-16T04:51:00Z","2025-09-16T08:58:00Z",320,0,320
"EKCH","SABE","2025-09-15T16:59:00Z","2025-09-16T08:58:00Z",300,0,300
"SEQM","EHAM","2025-09-15T19:04:00Z","2025-09-16T08:58:00Z",360,0,360
"LKPR","UBBB","2025-09-16T04:14:00Z","2025-09-16T09:00:00Z",320,0,320
"SUAA","SABE","2025-09-16T07:47:00Z","2025-09-16T09:00:00Z",320,0,320
"OYSN","SGAS","2025-09-15T17:11:00Z","2025-09-16T09:01:00Z",300,0,300
"EDDI","UBBB","2025-09-16T04:08:00Z","2025-09-16T09:02:00Z",320,0,320
"LBSF","LDZA","2025-09-16T07:13:00Z","2025-09-16T09:02:00Z",360,0,360
"SUAA","SVMI","2025-09-16T01:45:00Z","2025-09-16T09:02:00Z",320,0,320
"EBCI","LKPR","2025-09-16T07:10:00Z","2025-09-16T09:03:00Z",300,0,300
"EBCI","SVMI","2025-09-15T22:21:00Z","2025-09-16T09:04:00Z",300,0,300
"LKPR","OMDB","2025-09-16T02:29:00Z","2025-09-16T09:06:00Z",360,0,360
"LKPR","VIDP","2025-09-16T00:51:00Z","2025-09-16T09:06:00Z",360,0,360
"EDDI","SGAS","2025-09-15T18:23:00Z","2025-09-16T09:07:00Z",300,0,300
"OPKC","LATI","2025-09-16T01:04:00Z","2025-09-16T09:07:00Z",300,0,300
"SUAA","LKPR","2025-09-15T17:32:00Z","2025-09-16T09:07:00Z",320,0,320
"SUAA","SEQM","2025-09-16T02:35:00Z","2025-09-16T09:08:00Z",300,0,300
"SVMI","EKCH","2025-09-15T21:39:00Z","2025-09-16T09:08:00Z",300,0,300
"SLLP","LOWW","2025-09-15T18:28:00Z","2025-09-16T09:09:00Z",360,0,360
"OMDB","EHAM","2025-09-16T01:37:00Z","2025-09-16T09:10:00Z",300,0,300
"LOWW","SGAS","2025-09-15T18:30:00Z","2025-09-16T09:11:00Z",360,0,360
"SBBR","OYSN","2025-09-15T18:56:00Z","2025-09-16T09:11:00Z",340,0,340
"UBBB","OMDB","2025-09-16T05:01:00Z","2025-09-16T09:11:00Z",300,0,300
"EKCH","EHAM","2025-09-16T07:25:00Z","2025-09-16T09:12:00Z",360,0,360
"OERK","EBCI","2025-09-16T02:23:00Z","2025-09-16T09:12:00Z",360,0,360
"SEQM","SCEL","2025-09-16T03:28:00Z","2025-09-16T09:12:00Z",360,0,360
"SKBO","LATI","2025-09-15T19:40:00Z","2025-09-16T09:12:00Z",300,0,300
"VIDP","OSDI","2025-09-16T03:15:00Z","2025-09-16T09:12:00Z",340,0,340
"EDDI","SUAA","2025-09-15T17:33:00Z","2025-09-16T09:13:00Z",360,0,360
"OERK","EKCH","2025-09-16T02:39:00Z","2025-09-16T09:13:00Z",340,0,340
"OMDB","LOWW","2025-09-16T02:52:00Z","2025-09-16T09:13:00Z",360,0,360
"SABE","EBCI","2025-09-15T17:12:00Z","2025-09-16T09:13:00Z",320,0,320
"EDDI","SLLP","2025-09-15T18:40:00Z","2025-09-16T09:15:00Z",300,0,300
"EKCH","SUAA","2025-09-15T17:24:00Z","2025-09-16T09:15:00Z",320,0,320
"OAKB","VIDP","2025-09-16T06:59:00Z","2025-09-16T09:15:00Z",300,0,300
"OMDB","OERK","2025-09-16T06:06:00Z","2025-09-16T09:15:00Z",300,0,300
"SVMI","EBCI","2025-09-15T22:32:00Z","2025-09-16T09:15:00Z",340,0,340
"OMDB","SVMI","2025-09-15T16:31:00Z","2025-09-16T09:17:00Z",340,0,340
"EBCI","OYSN","2025-09-16T01:39:00Z","2025-09-16T09:18:00Z",300,0,300
"EDDI","SEQM","2025-09-15T19:38:00Z","2025-09-16T09:18:00Z",360,0,360
"SPIM","EKCH","2025-09-15T18:25:00Z","2025-09-16T09:18:00Z",340,0,340
"SUAA","OERK","2025-09-15T16:33:00Z","2025-09-16T09:18:00Z",320,0,320
"LKPR","SABE","2025-09-15T17:36:00Z","2025-09-16T09:19:00Z",360,0,360
"OJAI","OSDI","2025-09-16T07:01:00Z","2025-09-16T09:19:00Z",320,0,320
"OYSN","OMDB","2025-09-16T05:19:00Z","2025-09-16T09:19:00Z",300,0,300
"OOMS","OMDB","2025-09-16T07:52:00Z","2025-09-16T09:20:00Z",320,0,320
"OPKC","LOWW","2025-09-16T01:49:00Z","2025-09-16T09:20:00Z",360,0,360
"SEQM","LDZA","2025-09-15T19:21:00Z","2025-09-16T09:20:00Z",320,0,320
"SKBO","LBSF","2025-09-15T19:24:00Z","2025-09-16T09:20:00Z",340,0,340
"LBSF","EKCH","2025-09-16T05:18:00Z","2025-09-16T09:22:00Z",340,0,340
"LDZA","OJAI","2025-09-16T05:31:00Z","2025-09-16T09:22:00Z",320,0,320
"SLLP","EBCI","2025-09-15T19:37:00Z","2025-09-16T09:22:00Z",320,0,320
"VIDP","OAKB","2025-09-16T06:06:00Z","2025-09-16T09:22:00Z",360,0,360
"OERK","SGAS","2025-09-15T16:52:00Z","2025-09-16T09:23:00Z",360,0,360
"OSDI","VIDP","2025-09-16T03:26:00Z","2025-09-16T09:23:00Z",300,0,300
"SLLP","SBBR","2025-09-16T05:33:00Z","2025-09-16T09:23:00Z",320,0,320
"VIDP","SBBR","2025-09-15T14:39:00Z","2025-09-16T09:23:00Z",360,0,360
"SLLP","SCEL","2025-09-16T05:01:00Z","2025-09-16T09:24:00Z",320,0,320
"LATI","OAKB","2025-09-16T02:52:00Z","2025-09-16T09:25:00Z",360,0,360
"LATI","EBCI","2025-09-16T06:31:00Z","2025-09-16T09:26:00Z",300,0,300
"OJAI","EHAM","2025-09-16T03:07:00Z","2025-09-16T09:26:00Z",340,0,340
"OJAI","SLLP","2025-09-15T16:11:00Z","2025-09-16T09:26:00Z",340,0,340
"SGAS","LATI","2025-09-15T18:58:00Z","2025-09-16T09:27:00Z",340,0,340
"SEQM","SLLP","2025-09-16T05:51:00Z","2025-09-16T09:28:00Z",340,0,340
"OSDI","SKBO","2025-09-15T17:53:00Z","2025-09-16T09:29:00Z",340,0,340
"SVMI","OAKB","2025-09-15T15:53:00Z","2025-09-16T09:29:00Z",340,0,340
"OERK","OAKB","2025-09-16T04:23:00Z","2025-09-16T09:30:00Z",320,0,320
"LKPR","SKBO","2025-09-15T20:32:00Z","2025-09-16T09:31:00Z",340,0,340
"SABE","OJAI","2025-09-15T16:17:00Z","2025-09-16T09:31:00Z",320,0,320
"OPKC","OAKB","2025-09-16T06:07:00Z","2025-09-16T09:32:00Z",360,0,360
"SUAA","SPIM","2025-09-16T03:30:00Z","2025-09-16T09:34:00Z",300,0,300
"EBCI","OERK","2025-09-16T02:46:00Z","2025-09-16T09:35:00Z",340,0,340
"LDZA","EBCI","2025-09-16T06:16:00Z","2025-09-16T09:35:00Z",340,0,340
"OMDB","SLLP","2025-09-15T14:56:00Z","2025-09-16T09:35:00Z",360,0,360
"LDZA","SEQM","2025-09-15T19:37:00Z","2025-09-16T09:36:00Z",340,0,340
"LKPR","OJAI","2025-09-16T04:11:00Z","2025-09-16T09:37:00Z",340,0,340
"EHAM","EDDI","2025-09-16T07:52:00Z","2025-09-16T09:38:00Z",340,0,340
"LATI","VIDP","2025-09-16T01:50:00Z","2025-09-16T09:38:00Z",360,0,360
"LBSF","EHAM","2025-09-16T05:24:00Z","2025-09-16T09:40:00Z",360,0,360
"LDZA","UBBB","2025-09-16T04:08:00Z","2025-09-16T09:40:00Z",340,0,340
"SCEL","OJAI","2025-09-15T15:12:00Z","2025-09-16T09:40:00Z",360,0,360
"LDZA","SBBR","2025-09-15T20:07:00Z","2025-09-16T09:41:00Z",340,0,340
"LKPR","EDDI","2025-09-16T07:24:00Z","2025-09-16T09:41:00Z",320,0,320
"OSDI","OPKC","2025-09-16T04:42:00Z","2025-09-16T09:41:00Z",360,0,360
"VIDP","EDDI","2025-09-16T00:20:00Z","2025-09-16T09:41:00Z",340,0,340
"LDZA","EKCH","2025-09-16T06:17:00Z","2025-09-16T09:43:00Z",360,0,360
"SCEL","LBSF","2025-09-15T16:52:00Z","2025-09-16T09:43:00Z",300,0,300
"EKCH","EDDI","2025-09-16T07:19:00Z","2025-09-16T09:44:00Z",340,0,340
"LATI","LOWW","2025-09-16T06:43:00Z","2025-09-16T09:44:00Z",320,0,320
"OMDB","OSDI","2025-09-16T05:10:00Z","2025-09-16T09:44:00Z",360,0,360
"LOWW","EBCI","2025-09-16T06:38:00Z","2025-09-16T09:46:00Z",300,0,300
"OAKB","LBSF","2025-09-16T02:39:00Z","2025-09-16T09:46:00Z",360,0,360
"SEQM","OERK","2025-09-15T15:53:00Z","2025-09-16T09:46:00Z",320,0,320
"OOMS","OSDI","2025-09-16T04:45:00Z","2025-09-16T09:47:00Z",320,0,320
"EKCH","SEQM","2025-09-15T19:15:00Z","2025-09-16T09:50:00Z",360,0,360
"SABE","SUAA","2025-09-16T07:37:00Z","2025-09-16T09:50:00Z",320,0,320
"LATI","SABE","2025-09-15T17:26:00Z","2025-09-16T09:51:00Z",300,0,300
"LKPR","LDZA","2025-09-16T07:08:00Z","2025-09-16T09:51:00Z",320,0,320
"OMDB","UBBB","2025-09-16T05:41:00Z","2025-09-16T09:51:00Z",300,0,300
"OOMS","EBCI","2025-09-16T01:54:00Z","2025-09-16T09:51:00Z",340,0,340
"LKPR","SUAA","2025-09-15T17:19:00Z","2025-09-16T09:54:00Z",360,0,360
"OJAI","SVMI","2025-09-15T18:44:00Z","2025-09-16T09:54:00Z",340,0,340
"OYSN","SABE","2025-09-15T16:47:00Z","2025-09-16T09:54:00Z",320,0,320
"LOWW","OYSN","2025-09-16T02:17:00Z","2025-09-16T09:55:00Z",300,0,300
"OAKB","OPKC","2025-09-16T06:31:00Z","2025-09-16T09:56:00Z",360,0,360
"OSDI","OAKB","2025-09-16T04:08:00Z","2025-09-16T09:58:00Z",340,0,340
"SVMI","OMDB","2025-09-15T16:12:00Z","2025-09-16T09:58:00Z",360,0,360
"SLLP","EDDI","2025-09-15T18:24:00Z","2025-09-16T09:59:00Z",320,0,320
"SBBR","SABE","2025-09-16T06:01:00Z","2025-09-16T10:00:00Z",360,0,360
"SABE","SLLP","2025-09-16T06:13:00Z","2025-09-16T10:01:00Z",340,0,340
"SCEL","SEQM","2025-09-16T04:17:00Z","2025-09-16T10:01:00Z",360,0,360
"UMMS","SUAA","2025-09-15T17:12:00Z","2025-09-16T10:02:00Z",340,0,340
"OOMS","EHAM","2025-09-16T01:03:00Z","2025-09-16T10:03:00Z",360,0,360
"EBCI","VIDP","2025-09-16T00:55:00Z","2025-09-16T10:04:00Z",340,0,340
"EHAM","SEQM","2025-09-15T21:10:00Z","2025-09-16T10:04:00Z",320,0,320
"LBSF","LOWW","2025-09-16T07:59:00Z","2025-09-16T10:04:00Z",320,0,320
"OAKB","SGAS","2025-09-15T14:31:00Z","2025-09-16T10:04:00Z",340,0,340
"SKBO","OAKB","2025-09-15T15:06:00Z","2025-09-16T10:04:00Z",340,0,340
"EKCH","OPKC","2025-09-16T01:01:00Z","2025-09-16T10:06:00Z",320,0,320
"SEQM","LBSF","2025-09-15T19:23:00Z","2025-09-16T10:06:00Z",300,0,300
"EKCH","SBBR","2025-09-15T20:07:00Z","2025-09-16T10:07:00Z",320,0,320
"LDZA","SABE","2025-09-15T18:38:00Z","2025-09-16T10:07:00Z",300,0,300
"SBBR","OSDI","2025-09-15T20:12:00Z","2025-09-16T10:07:00Z",360,0,360
"VIDP","LKPR","2025-09-16T01:52:00Z","2025-09-16T10:07:00Z",340,0,340
"LATI","SGAS","2025-09-15T19:39:00Z","2025-09-16T10:08:00Z",340,0,340
"OYSN","SEQM","2025-09-15T16:15:00Z","2025-09-16T10:08:00Z",360,0,360
"OJAI","SBBR","2025-09-15T20:25:00Z","2025-09-16T10:09:00Z",320,0,320
"SLLP","UBBB","2025-09-15T15:09:00Z","2025-09-16T10:09:00Z",320,0,320
"UBBB","OYSN","2025-09-16T05:35:00Z","2025-09-16T10:09:00Z",360,0,360
"OOMS","UBBB","2025-09-16T06:37:00Z","2025-09-16T10:10:00Z",360,0,360
"SUAA","OAKB","2025-09-15T14:19:00Z","2025-09-16T10:12:00Z",340,0,340
"SLLP","OMDB","2025-09-15T15:34:00Z","2025-09-16T10:13:00Z",320,0,320
"LBSF","EBCI","2025-09-16T06:05:00Z","2025-09-16T10:14:00Z",360,0,360
"LDZA","UMMS","2025-09-16T07:41:00Z","2025-09-16T10:14:00Z",340,0,340
"SKBO","SPIM","2025-09-16T06:58:00Z","2025-09-16T10:14:00Z",340,0,340
"OOMS","VIDP","2025-09-16T06:46:00Z","2025-09-16T10:15:00Z",300,0,300
"SABE","SCEL","2025-09-16T07:53:00Z","2025-09-16T10:17:00Z",320,0,320
"SVMI","LKPR","2025-09-15T22:40:00Z","2025-09-16T10:17:00Z",320,0,320
"EDDI","SPIM","2025-09-15T19:24:00Z","2025-09-16T10:18:00Z",340,0,340
"LBSF","VIDP","2025-09-16T02:56:00Z","2025-09-16T10:18:00Z",320,0,320
"LDZA","LKPR","2025-09-16T08:35:00Z","2025-09-16T10:18:00Z",300,0,300
"EBCI","UBBB","2025-09-16T04:39:00Z","2025-09-16T10:19:00Z",320,0,320
"LDZA","VIDP","2025-09-16T01:15:00Z","2025-09-16T10:19:00Z",340,0,340
"EKCH","OOMS","2025-09-16T02:50:00Z","2025-09-16T10:21:00Z",360,0,360
"LBSF","LATI","2025-09-16T08:55:00Z","2025-09-16T10:21:00Z",320,0,320
"OJAI","OOMS","2025-09-16T05:17:00Z","2025-09-16T10:21:00Z",360,0,360
"SKBO","SEQM","2025-09-16T08:34:00Z","2025-09-16T10:21:00Z",300,0,300
"SUAA","SBBR","2025-09-16T06:28:00Z","2025-09-16T10:21:00Z",300,0,300
"EHAM","SUAA","2025-09-15T18:17:00Z","2025-09-16T10:22:00Z",340,0,340
"SABE","OYSN","2025-09-15T17:15:00Z","2025-09-16T10:22:00Z",340,0,340
"SKBO","SUAA","2025-09-16T03:33:00Z","2025-09-16T10:22:00Z",360,0,360
"SPIM","UMMS","2025-09-15T17:11:00Z","2025-09-16T10:22:00Z",360,0,360
"UMMS","LBSF","2025-09-16T07:46:00Z","2025-09-16T10:22:00Z",340,0,340
"LBSF","SEQM","2025-09-15T19:40:00Z","2025-09-16T10:23:00Z",340,0,340
"OAKB","OYSN","2025-09-16T04:17:00Z","2025-09-16T10:24:00Z",360,0,360
"SGAS","OERK","2025-09-15T17:53:00Z","2025-09-16T10:24:00Z",360,0,360
"SKBO","LKPR","2025-09-15T21:25:00Z","2025-09-16T10:24:00Z",300,0,300
"SUAA","EDDI","2025-09-15T18:44:00Z","2025-09-16T10:24:00Z",320,0,320
"SVMI","VIDP","2025-09-15T15:34:00Z","2025-09-16T10:26:00Z",300,0,300
"EBCI","EDDI","2025-09-16T08:37:00Z","2025-09-16T10:27:00Z",300,0,300
"LOWW","LBSF","2025-09-16T07:22:00Z","2025-09-16T10:27:00Z",340,0,340
"OJAI","EKCH","2025-09-16T04:24:00Z","2025-09-16T10:27:00Z",340,0,340
"SCEL","EHAM","2025-09-15T18:33:00Z","2025-09-16T10:28:00Z",300,0,300
"SKBO","OERK","2025-09-15T16:21:00Z","2025-09-16T10:28:00Z",320,0,320
"UBBB","EHAM","2025-09-16T04:47:00Z","2025-09-16T10:28:00Z",360,0,360
"UBBB","SPIM","2025-09-15T15:53:00Z","2025-09-16T10:28:00Z",300,0,300
"EKCH","EBCI","2025-09-16T08:31:00Z","2025-09-16T10:29:00Z",320,0,320
"SCEL","EDDI","2025-09-15T17:54:00Z","2025-09-16T10:29:00Z",340,0,340
"LOWW","VIDP","2025-09-16T01:26:00Z","2025-09-16T10:30:00Z",300,0,300
"EHAM","OSDI","2025-09-16T04:22:00Z","2025-09-16T10:32:00Z",320,0,320
"SVMI","UMMS","2025-09-15T21:44:00Z","2025-09-16T10:32:00Z",300,0,300
"SCEL","EKCH","2025-09-15T17:51:00Z","2025-09-16T10:33:00Z",320,0,320
"OYSN","OJAI","2025-09-16T06:03:00Z","2025-09-16T10:34:00Z",360,0,360
"SPIM","EHAM","2025-09-15T19:25:00Z","2025-09-16T10:34:00Z",300,0,300
"LOWW","UBBB","2025-09-16T05:02:00Z","2025-09-16T10:36:00Z",340,0,340
"OJAI","SEQM","2025-09-15T17:17:00Z","2025-09-16T10:36:00Z",300,0,300
"SPIM","UBBB","2025-09-15T15:01:00Z","2025-09-16T10:36:00Z",300,0,300
"LATI","EDDI","2025-09-16T07:59:00Z","2025-09-16T10:37:00Z",360,0,360
"LBSF","OERK","2025-09-16T05:57:00Z","2025-09-16T10:37:00Z",340,0,340
"OSDI","EHAM","2025-09-16T04:28:00Z","2025-09-16T10:38:00Z",300,0,300
"OPKC","OERK","2025-09-16T06:59:00Z","2025-09-16T10:39:00Z",340,0,340
"SVMI","OPKC","2025-09-15T15:28:00Z","2025-09-16T10:39:00Z",360,0,360
"SKBO","OOMS","2025-09-15T15:03:00Z","2025-09-16T10:40:00Z",320,0,320
"UBBB","EKCH","2025-09-16T04:37:00Z","2025-09-16T10:42:00Z",340,0,340
"EBCI","OPKC","2025-09-16T01:04:00Z","2025-09-16T10:43:00Z",320,0,320
"SKBO","EHAM","2025-09-15T21:36:00Z","2025-09-16T10:43:00Z",320,0,320
"SEQM","EDDI","2025-09-15T20:04:00Z","2025-09-16T10:44:00Z",360,0,360
"SVMI","OYSN","2025-09-15T18:52:00Z","2025-09-16T10:44:00Z",320,0,320
"EBCI","EKCH","2025-09-16T08:47:00Z","2025-09-16T10:45:00Z",340,0,340
"OERK","LDZA","2025-09-16T04:17:00Z","2025-09-16T10:46:00Z",320,0,320
"OOMS","UMMS","2025-09-16T03:30:00Z","2025-09-16T10:46:00Z",360,0,360
"SLLP","EKCH","2025-09-15T19:08:00Z","2025-09-16T10:46:00Z",320,0,320
"EBCI","SABE","2025-09-15T18:46:00Z","2025-09-16T10:47:00Z",340,0,340
"OJAI","OAKB","2025-09-16T04:47:00Z","2025-09-16T10:47:00Z",360,0,360
"SCEL","OERK","2025-09-15T15:28:00Z","2025-09-16T10:47:00Z",360,0,360
"SGAS","OOMS","2025-09-15T16:50:00Z","2025-09-16T10:47:00Z",320,0,320
"EBCI","SBBR","2025-09-15T21:47:00Z","2025-09-16T10:49:00Z",360,0,360
"EDDI","OYSN","2025-09-16T02:36:00Z","2025-09-16T10:49:00Z",320,0,320
"OERK","OPKC","2025-09-16T06:09:00Z","2025-09-16T10:49:00Z",360,0,360
"SABE","LBSF","2025-09-15T18:59:00Z","2025-09-16T10:49:00Z",300,0,300
"LBSF","SVMI","2025-09-15T21:17:00Z","2025-09-16T10:50:00Z",320,0,320
"SVMI","SBBR","2025-09-16T04:28:00Z","2025-09-16T10:50:00Z",300,0,300
"UBBB","SVMI","2025-09-15T18:29:00Z","2025-09-16T10:50:00Z",320,0,320
"OSDI","SPIM","2025-09-15T16:40:00Z","2025-09-16T10:51:00Z",340,0,340
"SGAS","EHAM","2025-09-15T19:49:00Z","2025-09-16T10:54:00Z",320,0,320
"SKBO","SABE","2025-09-16T03:11:00Z","2025-09-16T10:54:00Z",340,0,340
"SPIM","EBCI","2025-09-15T19:50:00Z","2025-09-16T10:54:00Z",360,0,360
"OJAI","OPKC","2025-09-16T04:51:00Z","2025-09-16T10:55:00Z",300,0,300
"OPKC","EBCI","2025-09-16T01:16:00Z","2025-09-16T10:55:00Z",340,0,340
"VIDP","UMMS","2025-09-16T02:49:00Z","2025-09-16T10:55:00Z",300,0,300
"EHAM","LKPR","2025-09-16T08:01:00Z","2025-09-16T10:56:00Z",300,0,300
"EDDI","LATI","2025-09-16T07:19:00Z","2025-09-16T10:57:00Z",320,0,320
"EDDI","VIDP","2025-09-16T01:37:00Z","2025-09-16T10:58:00Z",360,0,360
"OSDI","OMDB","2025-09-16T06:24:00Z","2025-09-16T10:58:00Z",340,0,340
"SUAA","SEQM","2025-09-16T03:25:00Z","2025-09-16T10:58:00Z",340,0,340
"OMDB","LATI","2025-09-16T04:15:00Z","2025-09-16T10:59:00Z",340,0,340
"UBBB","LATI","2025-09-16T06:44:00Z","2025-09-16T11:01:00Z",300,0,300
"OMDB","UMMS","2025-09-16T05:13:00Z","2025-09-16T11:03:00Z",340,0,340
"SBBR","OOMS","2025-09-15T18:47:00Z","2025-09-16T11:04:00Z",320,0,320
"SUAA","SLLP","2025-09-16T07:08:00Z","2025-09-16T11:04:00Z",340,0,340
"SKBO","UBBB","2025-09-15T18:21:00Z","2025-09-16T11:05:00Z",320,0,320
"SVMI","SLLP","2025-09-16T06:28:00Z","2025-09-16T11:06:00Z",300,0,300
"OERK","SUAA","2025-09-15T18:22:00Z","2025-09-16T11:07:00Z",340,0,340
"OMDB","SKBO","2025-09-15T16:58:00Z","2025-09-16T11:07:00Z",360,0,360
"SPIM","OOMS","2025-09-15T14:07:00Z","2025-09-16T11:07:00Z",300,0,300
"SVMI","EDDI","2025-09-15T23:35:00Z","2025-09-16T11:07:00Z",340,0,340
"VIDP","EBCI","2025-09-16T01:58:00Z","2025-09-16T11:07:00Z",360,0,360
"OAKB","EHAM","2025-09-16T03:17:00Z","2025-09-16T11:08:00Z",360,0,360
"OJAI","SCEL","2025-09-15T17:40:00Z","2025-09-16T11:08:00Z",320,0,320
"SGAS","OAKB","2025-09-15T15:35:00Z","2025-09-16T11:08:00Z",300,0,300
"SUAA","EHAM","2025-09-15T19:03:00Z","2025-09-16T11:08:00Z",340,0,340
"SBBR","LOWW","2025-09-15T22:23:00Z","2025-09-16T11:09:00Z",360,0,360
"SVMI","OPKC","2025-09-15T16:58:00Z","2025-09-16T11:09:00Z",320,0,320
"EHAM","OYSN","2025-09-16T03:21:00Z","2025-09-16T11:10:00Z",300,0,300
"OYSN","SVMI","2025-09-15T19:18:00Z","2025-09-16T11:10:00Z",300,0,300
"SABE","SPIM","2025-09-16T06:16:00Z","2025-09-16T11:10:00Z",340,0,340
"UMMS","OERK","2025-09-16T05:42:00Z","2025-09-16T11:10:00Z",320,0,320
"SKBO","OPKC","2025-09-15T15:37:00Z","2025-09-16T11:12:00Z",300,0,300
"SVMI","SABE","2025-09-16T03:58:00Z","2025-09-16T11:12:00Z",340,0,340
"OSDI","SGAS","2025-09-15T19:27:00Z","2025-09-16T11:13:00Z",360,0,360
"SEQM","OYSN","2025-09-15T17:20:00Z","2025-09-16T11:13:00Z",300,0,300
"SGAS","EBCI","2025-09-15T21:18:00Z","2025-09-16T11:13:00Z",300,0,300
"SLLP","OSDI","2025-09-15T18:49:00Z","2025-09-16T11:14:00Z",340,0,340
"OOMS","EDDI","2025-09-16T03:59:00Z","2025-09-16T11:15:00Z",360,0,360
"SABE","UMMS","2025-09-15T18:16:00Z","2025-09-16T11:15:00Z",320,0,320
"SCEL","SGAS","2025-09-16T08:19:00Z","2025-09-16T11:15:00Z",320,0,320
"SPIM","LKPR","2025-09-15T20:18:00Z","2025-09-16T11:15:00Z",360,0,360
"OMDB","EBCI","2025-09-16T03:47:00Z","2025-09-16T11:16:00Z",300,0,300
"OOMS","SVMI","2025-09-15T17:02:00Z","2025-09-16T11:16:00Z",340,0,340
"SEQM","SKBO","2025-09-16T09:29:00Z","2025-09-16T11:16:00Z",340,0,340
"OPKC","OAKB","2025-09-16T08:52:00Z","2025-09-16T11:17:00Z",320,0,320
"LOWW","EDDI","2025-09-16T09:41:00Z","2025-09-16T11:18:00Z",320,0,320
"OMDB","SABE","2025-09-15T16:14:00Z","2025-09-16T11:18:00Z",360,0,360
"OOMS","SGAS","2025-09-15T17:21:00Z","2025-09-16T11:18:00Z",300,0,300
"UMMS","SPIM","2025-09-15T18:07:00Z","2025-09-16T11:18:00Z",360,0,360
"VIDP","OOMS","2025-09-16T07:49:00Z","2025-09-16T11:18:00Z",340,0,340
"LDZA","OAKB","2025-09-16T04:31:00Z","2025-09-16T11:19:00Z",340,0,340
"OJAI","VIDP","2025-09-16T04:13:00Z","2025-09-16T11:19:00Z",300,0,300
"SEQM","LKPR","2025-09-15T21:33:00Z","2025-09-16T11:19:00Z",340,0,340
"UMMS","OMDB","2025-09-16T05:29:00Z","2025-09-16T11:19:00Z",340,0,340
"UMMS","OSDI","2025-09-16T07:25:00Z","2025-09-16T11:19:00Z",360,0,360
"LBSF","UBBB","2025-09-16T07:29:00Z","2025-09-16T11:20:00Z",320,0,320
"LOWW","OJAI","2025-09-16T06:13:00Z","2025-09-16T11:20:00Z",340,0,340
"OERK","OJAI","2025-09-16T08:40:00Z","2025-09-16T11:20:00Z",360,0,360
"OOMS","EKCH","2025-09-16T03:49:00Z","2025-09-16T11:20:00Z",300,0,300
"EBCI","SPIM","2025-09-15T20:18:00Z","2025-09-16T11:22:00Z",360,0,360
"OOMS","OJAI","2025-09-16T06:18:00Z","2025-09-16T11:22:00Z",360,0,360
"OOMS","UMMS","2025-09-16T04:07:00Z","2025-09-16T11:23:00Z",340,0,340
"OPKC","OYSN","2025-09-16T06:07:00Z","2025-09-16T11:23:00Z",360,0,360
"OYSN","SKBO","2025-09-15T17:13:00Z","2025-09-16T11:24:00Z",340,0,340
"OYSN","OPKC","2025-09-16T06:10:00Z","2025-09-16T11:26:00Z",320,0,320
"OPKC","SABE","2025-09-15T15:04:00Z","2025-09-16T11:27:00Z",360,0,360
"UMMS","OOMS","2025-09-16T04:11:00Z","2025-09-16T11:27:00Z",300,0,300
"OJAI","SPIM","2025-09-15T17:24:00Z","2025-09-16T11:28:00Z",360,0,360
"OOMS","SLLP","2025-09-15T15:28:00Z","2025-09-16T11:29:00Z",340,0,340
"OYSN","EBCI","2025-09-16T03:50:00Z","2025-09-16T11:29:00Z",360,0,360
"SBBR","EKCH","2025-09-15T21:30:00Z","2025-09-16T11:30:00Z",320,0,320
"SPIM","OMDB","2025-09-15T15:57:00Z","2025-09-16T11:32:00Z",320,0,320
"LOWW","OPKC","2025-09-16T03:02:00Z","2025-09-16T11:33:00Z",340,0,340
"SUAA","UBBB","2025-09-15T16:27:00Z","2025-09-16T11:33:00Z",340,0,340
"UBBB","LDZA","2025-09-16T06:01:00Z","2025-09-16T11:33:00Z",300,0,300
"SKBO","OMDB","2025-09-15T16:25:00Z","2025-09-16T11:34:00Z",340,0,340
"UBBB","LBSF","2025-09-16T07:43:00Z","2025-09-16T11:34:00Z",360,0,360
"EDDI","EHAM","2025-09-16T09:50:00Z","2025-09-16T11:36:00Z",300,0,300
"OAKB","SPIM","2025-09-15T14:44:00Z","2025-09-16T11:36:00Z",320,0,320
"SUAA","OSDI","2025-09-15T18:20:00Z","2025-09-16T11:36:00Z",320,0,320
"LOWW","LATI","2025-09-16T08:36:00Z","2025-09-16T11:37:00Z",340,0,340
"LOWW","SVMI","2025-09-15T23:50:00Z","2025-09-16T11:38:00Z",360,0,360
"EDDI","EKCH","2025-09-16T09:14:00Z","2025-09-16T11:39:00Z",300,0,300
"SUAA","EKCH","2025-09-15T19:48:00Z","2025-09-16T11:39:00Z",340,0,340
"SLLP","SABE","2025-09-16T07:52:00Z","2025-09-16T11:40:00Z",300,0,300
"LDZA","LBSF","2025-09-16T09:52:00Z","2025-09-16T11:41:00Z",320,0,320
"LOWW","OAKB","2025-09-16T04:54:00Z","2025-09-16T11:42:00Z",360,0,360
"OSDI","LBSF","2025-09-16T08:48:00Z","2025-09-16T11:42:00Z",340,0,340
"OYSN","OAKB","2025-09-16T05:35:00Z","2025-09-16T11:42:00Z",360,0,360
"OPKC","LBSF","2025-09-16T04:04:00Z","2025-09-16T11:43:00Z",320,0,320
"OERK","SBBR","2025-09-15T20:56:00Z","2025-09-16T11:44:00Z",360,0,360
"OPKC","SEQM","2025-09-15T14:22:00Z","2025-09-16T11:44:00Z",360,0,360
"OSDI","EBCI","2025-09-16T05:41:00Z","2025-09-16T11:44:00Z",300,0,300
"SPIM","SGAS","2025-09-16T06:32:00Z","2025-09-16T11:44:00Z",320,0,320
"SLLP","UBBB","2025-09-15T16:45:00Z","2025-09-16T11:45:00Z",320,0,320
"EHAM","SPIM","2025-09-15T20:37:00Z","2025-09-16T11:46:00Z",360,0,360
"EKCH","SGAS","2025-09-15T20:54:00Z","2025-09-16T11:46:00Z",300,0,300
"OAKB","OPKC","2025-09-16T08:23:00Z","2025-09-16T11:48:00Z",360,0,360
"SVMI","SEQM","2025-09-16T07:38:00Z","2025-09-16T11:48:00Z",340,0,340
"EDDI","SVMI","2025-09-15T23:17:00Z","2025-09-16T11:49:00Z",340,0,340
"EKCH","OERK","2025-09-16T04:15:00Z","2025-09-16T11:49:00Z",300,0,300
"OERK","SCEL","2025-09-15T16:30:00Z","2025-09-16T11:49:00Z",320,0,320
"UMMS","SABE","2025-09-15T18:50:00Z","2025-09-16T11:49:00Z",300,0,300
"LATI","OMDB","2025-09-16T05:06:00Z","2025-09-16T11:50:00Z",300,0,300
"LBSF","SGAS","2025-09-15T20:55:00Z","2025-09-16T11:50:00Z",340,0,340
"SVMI","SCEL","2025-09-16T03:48:00Z","2025-09-16T11:50:00Z",360,0,360
"SUAA","OYSN","2025-09-15T19:58:00Z","2025-09-16T11:51:00Z",360,0,360
"EHAM","SGAS","2025-09-15T20:47:00Z","2025-09-16T11:52:00Z",300,0,300
"LOWW","EHAM","2025-09-16T08:40:00Z","2025-09-16T11:52:00Z",300,0,300
"OSDI","LKPR","2025-09-16T06:35:00Z","2025-09-16T11:52:00Z",340,0,340
"EHAM","LOWW","2025-09-16T08:41:00Z","2025-09-16T11:53:00Z",360,0,360
"EHAM","OERK","2025-09-16T04:58:00Z","2025-09-16T11:53:00Z",320,0,320
"OOMS","LATI","2025-09-16T04:41:00Z","2025-09-16T11:53:00Z",300,0,300
"SABE","LOWW","2025-09-15T19:10:00Z","2025-09-16T11:53:00Z",340,0,340
"SEQM","SUAA","2025-09-16T04:20:00Z","2025-09-16T11:53:00Z",320,0,320
"SPIM","SBBR","2025-09-16T05:48:00Z","2025-09-16T11:53:00Z",300,0,300
"UBBB","OAKB","2025-09-16T07:37:00Z","2025-09-16T11:53:00Z",300,0,300
"OOMS","SBBR","2025-09-15T18:37:00Z","2025-09-16T11:54:00Z",360,0,360
"SPIM","LDZA","2025-09-15T19:50:00Z","2025-09-16T11:54:00Z",320,0,320
"OAKB","EKCH","2025-09-16T03:45:00Z","2025-09-16T11:55:00Z",360,0,360
"OAKB","OOMS","2025-09-16T07:53:00Z","2025-09-16T11:55:00Z",300,0,300
"EBCI","OJAI","2025-09-16T05:45:00Z","2025-09-16T11:56:00Z",300,0,300
"EHAM","SEQM","2025-09-15T22:02:00Z","2025-09-16T11:56:00Z",320,0,320
"EKCH","UMMS","2025-09-16T08:36:00Z","2025-09-16T11:56:00Z",360,0,360
"SCEL","LOWW","2025-09-15T18:21:00Z","2025-09-16T11:56:00Z",320,0,320
"SUAA","OOMS","2025-09-15T16:53:00Z","2025-09-16T11:56:00Z",360,0,360
"EDDI","UMMS","2025-09-16T08:41:00Z","2025-09-16T11:57:00Z",340,0,340
"OOMS","SKBO","2025-09-15T16:22:00Z","2025-09-16T11:59:00Z",340,0,340
"EKCH","OJAI","2025-09-16T06:57:00Z","2025-09-16T12:00:00Z",320,0,320
"OPKC","EHAM","2025-09-16T03:20:00Z","2025-09-16T12:00:00Z",340,0,340
"SPIM","LBSF","2025-09-15T20:16:00Z","2025-09-16T12:00:00Z",340,0,340
"SLLP","SEQM","2025-09-16T08:24:00Z","2025-09-16T12:01:00Z",360,0,360
"OOMS","SUAA","2025-09-15T17:59:00Z","2025-09-16T12:02:00Z",360,0,360
"OOMS","OAKB","2025-09-16T08:01:00Z","2025-09-16T12:03:00Z",360,0,360
"UMMS","EHAM","2025-09-16T08:01:00Z","2025-09-16T12:03:00Z",360,0,360
"OERK","SBBR","2025-09-15T21:16:00Z","2025-09-16T12:04:00Z",360,0,360
"OPKC","LKPR","2025-09-16T04:19:00Z","2025-09-16T12:04:00Z",340,0,340
"SGAS","OSDI","2025-09-15T20:18:00Z","2025-09-16T12:04:00Z",320,0,320
"SLLP","OYSN","2025-09-15T18:01:00Z","2025-09-16T12:04:00Z",320,0,320
"LATI","EHAM","2025-09-16T08:59:00Z","2025-09-16T12:05:00Z",340,0,340
"OAKB","SKBO","2025-09-15T17:07:00Z","2025-09-16T12:05:00Z",340,0,340
"LOWW","OPKC","2025-09-16T04:36:00Z","2025-09-16T12:07:00Z",300,0,300
"OAKB","SABE","2025-09-15T15:01:00Z","2025-09-16T12:07:00Z",340,0,340
"VIDP","OJAI","2025-09-16T05:01:00Z","2025-09-16T12:07:00Z",300,0,300
"EDDI","SEQM","2025-09-15T22:28:00Z","2025-09-16T12:08:00Z",300,0,300
"SBBR","VIDP","2025-09-15T17:24:00Z","2025-09-16T12:08:00Z",360,0,360
"SKBO","OMDB","2025-09-15T17:59:00Z","2025-09-16T12:08:00Z",340,0,340
"SLLP","SGAS","2025-09-16T09:14:00Z","2025-09-16T12:08:00Z",360,0,360
"OERK","OYSN","2025-09-16T09:52:00Z","2025-09-16T12:09:00Z",340,0,340
"SCEL","SGAS","2025-09-16T09:14:00Z","2025-09-16T12:10:00Z",360,0,360
"UMMS","LATI","2025-09-16T09:18:00Z","2025-09-16T12:10:00Z",320,0,320
"EKCH","EBCI","2025-09-16T10:15:00Z","2025-09-16T12:13:00Z",360,0,360
"LATI","OSDI","2025-09-16T08:02:00Z","2025-09-16T12:13:00Z",360,0,360
"LBSF","LOWW","2025-09-16T09:08:00Z","2025-09-16T12:13:00Z",320,0,320
"LBSF","SABE","2025-09-15T20:24:00Z","2025-09-16T12:14:00Z",320,0,320
"LKPR","SLLP","2025-09-15T21:39:00Z","2025-09-16T12:14:00Z",300,0,300
"LOWW","EKCH","2025-09-16T09:12:00Z","2025-09-16T12:14:00Z",300,0,300
"OERK","SLLP","2025-09-15T18:44:00Z","2025-09-16T12:14:00Z",360,0,360
"OJAI","SBBR","2025-09-15T22:30:00Z","2025-09-16T12:14:00Z",300,0,300
"LBSF","SCEL","2025-09-15T19:24:00Z","2025-09-16T12:15:00Z",300,0,300
"SGAS","VIDP","2025-09-15T15:49:00Z","2025-09-16T12:15:00Z",360,0,360
"OYSN","EHAM","2025-09-16T04:27:00Z","2025-09-16T12:16:00Z",320,0,320
"OYSN","SUAA","2025-09-15T20:23:00Z","2025-09-16T12:16:00Z",340,0,340
"VIDP","SABE","2025-09-15T15:31:00Z","2025-09-16T12:16:00Z",320,0,320
"SLLP","OERK","2025-09-15T18:47:00Z","2025-09-16T12:17:00Z",320,0,320
"SVMI","SABE","2025-09-16T04:03:00Z","2025-09-16T12:17:00Z",300,0,300
"LATI","SUAA","2025-09-15T20:04:00Z","2025-09-16T12:18:00Z",320,0,320
"OJAI","EBCI","2025-09-16T06:07:00Z","2025-09-16T12:18:00Z",300,0,300
"SBBR","SUAA","2025-09-16T08:25:00Z","2025-09-16T12:18:00Z",360,0,360
"SLLP","LKPR","2025-09-15T21:44:00Z","2025-09-16T12:19:00Z",340,0,340
"SABE","LKPR","2025-09-15T20:37:00Z","2025-09-16T12:20:00Z",340,0,340
"SABE","OYSN","2025-09-15T19:13:00Z","2025-09-16T12:20:00Z",360,0,360
"OJAI","LDZA","2025-09-16T08:30:00Z","2025-09-16T12:21:00Z",300,0,300
"OOMS","SPIM","2025-09-15T15:21:00Z","2025-09-16T12:21:00Z",340,0,340
"SCEL","SLLP","2025-09-16T08:58:00Z","2025-09-16T12:21:00Z",340,0,340
"OSDI","EKCH","2025-09-16T07:30:00Z","2025-09-16T12:22:00Z",340,0,340
"SVMI","LATI","2025-09-15T23:13:00Z","2025-09-16T12:22:00Z",300,0,300
"LKPR","SPIM","2025-09-15T21:26:00Z","2025-09-16T12:23:00Z",360,0,360
"OJAI","LOWW","2025-09-16T07:16:00Z","2025-09-16T12:23:00Z",300,0,300
"OSDI","OYSN","2025-09-16T08:41:00Z","2025-09-16T12:23:00Z",320,0,320
"OSDI","SBBR","2025-09-15T22:28:00Z","2025-09-16T12:23:00Z",320,0,320
"OPKC","SVMI","2025-09-15T17:13:00Z","2025-09-16T12:24:00Z",320,0,320
"SKBO","SABE","2025-09-16T05:41:00Z","2025-09-16T12:24:00Z",300,0,300
"SVMI","LBSF","2025-09-15T23:51:00Z","2025-09-16T12:24:00Z",360,0,360
"EKCH","SKBO","2025-09-15T23:37:00Z","2025-09-16T12:25:00Z",320,0,320
"SKBO","UMMS","2025-09-15T21:17:00Z","2025-09-16T12:25:00Z",360,0,360
"UBBB","SLLP","2025-09-15T17:25:00Z","2025-09-16T12:25:00Z",320,0,320
"EHAM","OSDI","2025-09-16T06:16:00Z","2025-09-16T12:26:00Z",360,0,360
"EKCH","VIDP","2025-09-16T03:00:00Z","2025-09-16T12:26:00Z",320,0,320
"SEQM","UBBB","2025-09-15T18:55:00Z","2025-09-16T12:26:00Z",340,0,340
"SUAA","EBCI","2025-09-15T21:33:00Z","2025-09-16T12:26:00Z",360,0,360
"VIDP","LDZA","2025-09-16T03:22:00Z","2025-09-16T12:26:00Z",300,0,300
"EHAM","OMDB","2025-09-16T04:54:00Z","2025-09-16T12:27:00Z",340,0,340
"SBBR","SVMI","2025-09-16T06:05:00Z","2025-09-16T12:27:00Z",320,0,320
"UBBB","OPKC","2025-09-16T07:27:00Z","2025-09-16T12:27:00Z",320,0,320
"LDZA","EDDI","2025-09-16T09:27:00Z","2025-09-16T12:28:00Z",320,0,320
"LDZA","SPIM","2025-09-15T20:24:00Z","2025-09-16T12:28:00Z",300,0,300
"VIDP","UBBB","2025-09-16T07:57:00Z","2025-09-16T12:28:00Z",320,0,320
"SUAA","LATI","2025-09-15T20:15:00Z","2025-09-16T12:29:00Z",340,0,340
"LOWW","SPIM","2025-09-15T20:25:00Z","2025-09-16T12:31:00Z",300,0,300
"SBBR","OJAI","2025-09-15T22:47:00Z","2025-09-16T12:31:00Z",300,0,300
"SKBO","SCEL","2025-09-16T05:20:00Z","2025-09-16T12:32:00Z",360,0,360
"VIDP","SVMI","2025-09-15T17:40:00Z","2025-09-16T12:32:00Z",340,0,340
"OMDB","SCEL","2025-09-15T16:08:00Z","2025-09-16T12:34:00Z",320,0,320
"SUAA","OPKC","2025-09-15T16:25:00Z","2025-09-16T12:34:00Z",340,0,340
"SBBR","LATI","2025-09-15T23:01:00Z","2025-09-16T12:35:00Z",300,0,300
"VIDP","LATI","2025-09-16T04:47:00Z","2025-09-16T12:35:00Z",340,0,340
"LKPR","EBCI","2025-09-16T10:43:00Z","2025-09-16T12:36:00Z",340,0,340
"OOMS","VIDP","2025-09-16T08:07:00Z","2025-09-16T12:36:00Z",300,0,300
"SVMI","EKCH","2025-09-16T00:07:00Z","2025-09-16T12:36:00Z",360,0,360
"SBBR","SKBO","2025-09-16T06:02:00Z","2025-09-16T12:37:00Z",320,0,320
"OERK","VIDP","2025-09-16T07:43:00Z","2025-09-16T12:38:00Z",360,0,360
"OMDB","EKCH","2025-09-16T04:34:00Z","2025-09-16T12:38:00Z",300,0,300
"SVMI","OJAI","2025-09-15T21:28:00Z","2025-09-16T12:38:00Z",320,0,320
"OYSN","SCEL","2025-09-15T18:08:00Z","2025-09-16T12:39:00Z",300,0,300
"LKPR","OYSN","2025-09-16T05:44:00Z","2025-09-16T12:41:00Z",300,0,300
"OJAI","LBSF","2025-09-16T08:40:00Z","2025-09-16T12:42:00Z",320,0,320
"SUAA","LOWW","2025-09-15T20:08:00Z","2025-09-16T12:42:00Z",300,0,300
"SUAA","VIDP","2025-09-15T15:10:00Z","2025-09-16T12:42:00Z",340,0,340
"EDDI","LDZA","2025-09-16T09:42:00Z","2025-09-16T12:43:00Z",360,0,360
"UBBB","VIDP","2025-09-16T07:12:00Z","2025-09-16T12:43:00Z",320,0,320
"OOMS","OMDB","2025-09-16T10:16:00Z","2025-09-16T12:44:00Z",320,0,320
"SEQM","OERK","2025-09-15T18:51:00Z","2025-09-16T12:44:00Z",340,0,340
"SGAS","OAKB","2025-09-15T16:11:00Z","2025-09-16T12:44:00Z",360,0,360
"OERK","SEQM","2025-09-15T18:52:00Z","2025-09-16T12:45:00Z",340,0,340
"SKBO","OAKB","2025-09-15T17:47:00Z","2025-09-16T12:45:00Z",300,0,300
"UMMS","UBBB","2025-09-16T08:59:00Z","2025-09-16T12:45:00Z",320,0,320
"EHAM","OAKB","2025-09-16T04:55:00Z","2025-09-16T12:46:00Z",320,0,320
"EKCH","SPIM","2025-09-15T21:53:00Z","2025-09-16T12:46:00Z",360,0,360
"SCEL","EKCH","2025-09-15T19:04:00Z","2025-09-16T12:46:00Z",360,0,360
"SABE","UBBB","2025-09-15T17:29:00Z","2025-09-16T12:47:00Z",300,0,300
"SKBO","VIDP","2025-09-15T15:33:00Z","2025-09-16T12:47:00Z",300,0,300
"EBCI","SUAA","2025-09-15T21:55:00Z","2025-09-16T12:48:00Z",320,0,320
"LATI","UBBB","2025-09-16T07:31:00Z","2025-09-16T12:48:00Z",340,0,340
"LBSF","SBBR","2025-09-15T22:48:00Z","2025-09-16T12:48:00Z",360,0,360
"LDZA","OMDB","2025-09-16T05:36:00Z","2025-09-16T12:48:00Z",300,0,300
"LATI","SKBO","2025-09-15T22:17:00Z","2025-09-16T12:49:00Z",360,0,360
"OPKC","SUAA","2025-09-15T16:40:00Z","2025-09-16T12:49:00Z",360,0,360
"UBBB","OSDI","2025-09-16T09:58:00Z","2025-09-16T12:49:00Z",360,0,360
"SBBR","UBBB","2025-09-15T20:10:00Z","2025-09-16T12:50:00Z",360,0,360
"LATI","OOMS","2025-09-16T05:40:00Z","2025-09-16T12:52:00Z",320,0,320
"OMDB","SPIM","2025-09-15T16:17:00Z","2025-09-16T12:52:00Z",300,0,300
"OPKC","LDZA","2025-09-16T04:27:00Z","2025-09-16T12:53:00Z",320,0,320
"SLLP","SPIM","2025-09-16T09:33:00Z","2025-09-16T12:53:00Z",340,0,340
"EBCI","SCEL","2025-09-15T20:08:00Z","2025-09-16T12:54:00Z",300,0,300
"EBCI","SKBO","2025-09-15T23:49:00Z","2025-09-16T12:54:00Z",360,0,360
"UBBB","LOWW","2025-09-16T07:20:00Z","2025-09-16T12:54:00Z",320,0,320
"UMMS","LBSF","2025-09-16T09:19:00Z","2025-09-16T12:55:00Z",320,0,320
"EBCI","SGAS","2025-09-15T22:01:00Z","2025-09-16T12:56:00Z",340,0,340
"SVMI","OERK","2025-09-15T20:11:00Z","2025-09-16T12:56:00Z",340,0,340
"SGAS","SEQM","2025-09-16T06:27:00Z","2025-09-16T12:57:00Z",300,0,300
"EBCI","LDZA","2025-09-16T09:39:00Z","2025-09-16T12:58:00Z",300,0,300
"OPKC","OJAI","2025-09-16T06:54:00Z","2025-09-16T12:58:00Z",340,0,340
"SCEL","OSDI","2025-09-15T18:16:00Z","2025-09-16T12:58:00Z",340,0,340
"SEQM","SVMI","2025-09-16T08:48:00Z","2025-09-16T12:58:00Z",360,0,360
"UMMS","EBCI","2025-09-16T08:51:00Z","2025-09-16T12:58:00Z",300,0,300
"OPKC","VIDP","2025-09-16T09:37:00Z","2025-09-16T12:59:00Z",320,0,320
"SBBR","SEQM","2025-09-16T06:13:00Z","2025-09-16T12:59:00Z",320,0,320
"OERK","EDDI","2025-09-16T06:45:00Z","2025-09-16T13:00:00Z",320,0,320
"SABE","EHAM","2025-09-15T21:48:00Z","2025-09-16T13:00:00Z",300,0,300
"LKPR","EKCH","2025-09-16T11:19:00Z","2025-09-16T13:02:00Z",340,0,340
"OOMS","SABE","2025-09-15T18:45:00Z","2025-09-16T13:02:00Z",320,0,320
"SCEL","SPIM","2025-09-16T08:58:00Z","2025-09-16T13:02:00Z",360,0,360
"EDDI","LBSF","2025-09-16T10:22:00Z","2025-09-16T13:03:00Z",300,0,300
"EKCH","LBSF","2025-09-16T09:59:00Z","2025-09-16T13:03:00Z",360,0,360
"OJAI","OAKB","2025-09-16T07:03:00Z","2025-09-16T13:03:00Z",320,0,320
"LKPR","OOMS","2025-09-16T05:59:00Z","2025-09-16T13:04:00Z",340,0,340
"LBSF","OPKC","2025-09-16T06:26:00Z","2025-09-16T13:05:00Z",360,0,360
"LKPR","SLLP","2025-09-15T22:30:00Z","2025-09-16T13:05:00Z",300,0,300
"OSDI","SCEL","2025-09-15T19:23:00Z","2025-09-16T13:05:00Z",320,0,320
"SGAS","OMDB","2025-09-15T19:27:00Z","2025-09-16T13:06:00Z",300,0,300
"SLLP","LOWW","2025-09-15T22:26:00Z","2025-09-16T13:07:00Z",340,0,340
"OMDB","UBBB","2025-09-16T09:58:00Z","2025-09-16T13:08:00Z",340,0,340
"OAKB","SVMI","2025-09-15T19:33:00Z","2025-09-16T13:09:00Z",340,0,340
"EDDI","OMDB","2025-09-16T06:21:00Z","2025-09-16T13:10:00Z",320,0,320
"OAKB","SBBR","2025-09-15T19:26:00Z","2025-09-16T13:11:00Z",320,0,320
"OMDB","VIDP","2025-09-16T09:26:00Z","2025-09-16T13:12:00Z",320,0,320
"SVMI","OOMS","2025-09-15T19:58:00Z","2025-09-16T13:12:00Z",300,0,300
"UBBB","SCEL","2025-09-15T17:43:00Z","2025-09-16T13:12:00Z",320,0,320
"LATI","EKCH","2025-09-16T09:10:00Z","2025-09-16T13:13:00Z",360,0,360
"UBBB","SEQM","2025-09-15T19:42:00Z","2025-09-16T13:13:00Z",300,0,300
"LBSF","OAKB","2025-09-16T06:07:00Z","2025-09-16T13:14:00Z",300,0,300
"OERK","SABE","2025-09-15T20:16:00Z","2025-09-16T13:15:00Z",300,0,300
"OSDI","SABE","2025-09-15T20:46:00Z","2025-09-16T13:15:00Z",300,0,300
"SPIM","SCEL","2025-09-16T08:11:00Z","2025-09-16T13:15:00Z",340,0,340
"EHAM","SBBR","2025-09-16T00:03:00Z","2025-09-16T13:16:00Z",320,0,320
"EHAM","LATI","2025-09-16T09:11:00Z","2025-09-16T13:17:00Z",320,0,320
"LOWW","OERK","2025-09-16T07:34:00Z","2025-09-16T13:17:00Z",340,0,340
"SLLP","OOMS","2025-09-15T17:16:00Z","2025-09-16T13:17:00Z",300,0,300
"EDDI","SCEL","2025-09-15T20:43:00Z","2025-09-16T13:18:00Z",360,0,360
"SBBR","UBBB","2025-09-15T21:38:00Z","2025-09-16T13:18:00Z",360,0,360
"SGAS","SVMI","2025-09-16T06:16:00Z","2025-09-16T13:18:00Z",360,0,360
"UBBB","SBBR","2025-09-15T21:38:00Z","2025-09-16T13:18:00Z",300,0,300
"EBCI","LKPR","2025-09-16T11:26:00Z","2025-09-16T13:19:00Z",300,0,300
"EHAM","SLLP","2025-09-15T23:27:00Z","2025-09-16T13:19:00Z",320,0,320
"SCEL","LBSF","2025-09-15T20:28:00Z","2025-09-16T13:19:00Z",300,0,300
"OOMS","OJAI","2025-09-16T08:16:00Z","2025-09-16T13:20:00Z",360,0,360
"SLLP","SUAA","2025-09-16T09:25:00Z","2025-09-16T13:21:00Z",300,0,300
"UBBB","EDDI","2025-09-16T08:28:00Z","2025-09-16T13:22:00Z",340,0,340
"EBCI","LATI","2025-09-16T10:28:00Z","2025-09-16T13:23:00Z",320,0,320
"OERK","LDZA","2025-09-16T07:54:00Z","2025-09-16T13:23:00Z",360,0,360
"OYSN","VIDP","2025-09-16T07:45:00Z","2025-09-16T13:23:00Z",340,0,340
"OAKB","SEQM","2025-09-15T17:39:00Z","2025-09-16T13:24:00Z",360,0,360
"OOMS","SCEL","2025-09-15T17:45:00Z","2025-09-16T13:25:00Z",300,0,300
"OYSN","SVMI","2025-09-15T21:33:00Z","2025-09-16T13:25:00Z",300,0,300
"EKCH","OAKB","2025-09-16T05:16:00Z","2025-09-16T13:26:00Z",320,0,320
"OOMS","EKCH","2025-09-16T05:55:00Z","2025-09-16T13:26:00Z",360,0,360
"EKCH","SVMI","2025-09-16T01:00:00Z","2025-09-16T13:29:00Z",340,0,340
"SLLP","SVMI","2025-09-16T08:51:00Z","2025-09-16T13:29:00Z",340,0,340
"EBCI","LOWW","2025-09-16T10:22:00Z","2025-09-16T13:30:00Z",320,0,320
"EKCH","EDDI","2025-09-16T11:05:00Z","2025-09-16T13:30:00Z",360,0,360
"LBSF","LATI","2025-09-16T11:04:00Z","2025-09-16T13:30:00Z",360,0,360
"LDZA","LATI","2025-09-16T11:52:00Z","2025-09-16T13:30:00Z",340,0,340
"OMDB","SUAA","2025-09-15T19:40:00Z","2025-09-16T13:30:00Z",340,0,340
"OSDI","SKBO","2025-09-15T21:54:00Z","2025-09-16T13:30:00Z",300,0,300
"SBBR","SLLP","2025-09-16T09:40:00Z","2025-09-16T13:30:00Z",360,0,360
"OAKB","OSDI","2025-09-16T08:41:00Z","2025-09-16T13:31:00Z",300,0,300
"SBBR","OERK","2025-09-15T22:43:00Z","2025-09-16T13:31:00Z",360,0,360
"SUAA","OYSN","2025-09-15T21:38:00Z","2025-09-16T13:31:00Z",320,0,320
"EKCH","SLLP","2025-09-15T22:54:00Z","2025-09-16T13:32:00Z",320,0,320
"OPKC","OMDB","2025-09-16T10:00:00Z","2025-09-16T13:32:00Z",320,0,320
"SBBR","EDDI","2025-09-16T00:42:00Z","2025-09-16T13:32:00Z",340,0,340
"LBSF","SABE","2025-09-15T21:43:00Z","2025-09-16T13:33:00Z",320,0,320
"OAKB","LATI","2025-09-16T06:01:00Z","2025-09-16T13:34:00Z",300,0,300
"OAKB","SCEL","2025-09-15T15:09:00Z","2025-09-16T13:34:00Z",320,0,320
"OPKC","OOMS","2025-09-16T10:25:00Z","2025-09-16T13:34:00Z",300,0,300
"SABE","OSDI","2025-09-15T20:06:00Z","2025-09-16T13:35:00Z",340,0,340
"SKBO","LATI","2025-09-15T23:04:00Z","2025-09-16T13:36:00Z",320,0,320
"OERK","SVMI","2025-09-15T21:52:00Z","2025-09-16T13:37:00Z",320,0,320
"SUAA","LOWW","2025-09-15T21:03:00Z","2025-09-16T13:37:00Z",320,0,320
"SCEL","SABE","2025-09-16T10:14:00Z","2025-09-16T13:38:00Z",340,0,340
"SPIM","OYSN","2025-09-15T18:28:00Z","2025-09-16T13:38:00Z",340,0,340
"UMMS","VIDP","2025-09-16T05:32:00Z","2025-09-16T13:38:00Z",340,0,340
"EHAM","SKBO","2025-09-16T00:32:00Z","2025-09-16T13:39:00Z",320,0,320
"LDZA","SKBO","2025-09-15T23:28:00Z","2025-09-16T13:39:00Z",320,0,320
"LDZA","LKPR","2025-09-16T11:57:00Z","2025-09-16T13:40:00Z",360,0,360
"LOWW","EDDI","2025-09-16T11:04:00Z","2025-09-16T13:41:00Z",340,0,340
"OMDB","OOMS","2025-09-16T11:13:00Z","2025-09-16T13:41:00Z",340,0,340
"SGAS","EDDI","2025-09-15T22:57:00Z","2025-09-16T13:41:00Z",360,0,360
"EHAM","LBSF","2025-09-16T09:26:00Z","2025-09-16T13:42:00Z",300,0,300
"OAKB","VIDP","2025-09-16T10:26:00Z","2025-09-16T13:42:00Z",340,0,340
"LDZA","SEQM","2025-09-15T23:44:00Z","2025-09-16T13:43:00Z",320,0,320
"OERK","LOWW","2025-09-16T07:00:00Z","2025-09-16T13:43:00Z",340,0,340
"OSDI","SEQM","2025-09-15T20:21:00Z","2025-09-16T13:43:00Z",300,0,300
"SGAS","SCEL","2025-09-16T10:47:00Z","2025-09-16T13:43:00Z",320,0,320
"OAKB","UBBB","2025-09-16T09:28:00Z","2025-09-16T13:44:00Z",360,0,360
"LOWW","LKPR","2025-09-16T11:25:00Z","2025-09-16T13:45:00Z",340,0,340
"OERK","EKCH","2025-09-16T06:11:00Z","2025-09-16T13:45:00Z",360,0,360
"OMDB","OPKC","2025-09-16T10:13:00Z","2025-09-16T13:45:00Z",340,0,340
"SLLP","OMDB","2025-09-15T18:07:00Z","2025-09-16T13:46:00Z",300,0,300
"LKPR","LOWW","2025-09-16T11:27:00Z","2025-09-16T13:47:00Z",360,0,360
"LOWW","OSDI","2025-09-16T09:49:00Z","2025-09-16T13:47:00Z",360,0,360
"SLLP","OJAI","2025-09-15T20:33:00Z","2025-09-16T13:48:00Z",360,0,360
"LKPR","SKBO","2025-09-16T00:50:00Z","2025-09-16T13:49:00Z",320,0,320
"SABE","LBSF","2025-09-15T21:59:00Z","2025-09-16T13:49:00Z",360,0,360
"SABE","SEQM","2025-09-16T06:24:00Z","2025-09-16T13:49:00Z",320,0,320
"OAKB","LKPR","2025-09-16T06:51:00Z","2025-09-16T13:50:00Z",340,0,340
"EHAM","OOMS","2025-09-16T04:51:00Z","2025-09-16T13:51:00Z",300,0,300
"SGAS","SKBO","2025-09-16T07:11:00Z","2025-09-16T13:51:00Z",320,0,320
"SPIM","SKBO","2025-09-16T09:35:00Z","2025-09-16T13:51:00Z",340,0,340
"EHAM","VIDP","2025-09-16T03:45:00Z","2025-09-16T13:52:00Z",360,0,360
"LKPR","OJAI","2025-09-16T08:26:00Z","2025-09-16T13:52:00Z",340,0,340
"OOMS","OERK","2025-09-16T10:21:00Z","2025-09-16T13:53:00Z",320,0,320
"OYSN","LATI","2025-09-16T07:09:00Z","2025-09-16T13:53:00Z",360,0,360
"EBCI","SUAA","2025-09-15T22:02:00Z","2025-09-16T13:55:00Z",340,0,340
"OSDI","SVMI","2025-09-15T22:43:00Z","2025-09-16T13:55:00Z",320,0,320
"SKBO","OYSN","2025-09-15T19:44:00Z","2025-09-16T13:55:00Z",300,0,300
"SVMI","SKBO","2025-09-16T10:33:00Z","2025-09-16T13:56:00Z",340,0,340
"EBCI","LBSF","2025-09-16T09:48:00Z","2025-09-16T13:57:00Z",320,0,320
"LATI","SVMI","2025-09-16T00:48:00Z","2025-09-16T13:57:00Z",340,0,340
"UBBB","LKPR","2025-09-16T08:11:00Z","2025-09-16T13:57:00Z",320,0,320
"OERK","EBCI","2025-09-16T06:10:00Z","2025-09-16T13:59:00Z",360,0,360
"OJAI","LDZA","2025-09-16T09:08:00Z","2025-09-16T13:59:00Z",320,0,320
"SPIM","OJAI","2025-09-15T20:56:00Z","2025-09-16T14:00:00Z",360,0,360
"OMDB","LDZA","2025-09-16T07:51:00Z","2025-09-16T14:03:00Z",300,0,300
"OMDB","SUAA","2025-09-15T20:13:00Z","2025-09-16T14:03:00Z",300,0,300
"UMMS","OSDI","2025-09-16T10:09:00Z","2025-09-16T14:03:00Z",360,0,360
"EKCH","SBBR","2025-09-16T00:04:00Z","2025-09-16T14:04:00Z",320,0,320
"OSDI","EDDI","2025-09-16T09:33:00Z","2025-09-16T14:04:00Z",340,0,340
"SCEL","UBBB","2025-09-15T18:36:00Z","2025-09-16T14:05:00Z",360,0,360
"SKBO","OJAI","2025-09-15T22:32:00Z","2025-09-16T14:05:00Z",360,0,360
"OOMS","OPKC","2025-09-16T11:57:00Z","2025-09-16T14:06:00Z",340,0,340
"OYSN","LDZA","2025-09-16T07:46:00Z","2025-09-16T14:06:00Z",300,0,300
"SCEL","OYSN","2025-09-15T20:35:00Z","2025-09-16T14:06:00Z",300,0,300
"LBSF","OSDI","2025-09-16T11:13:00Z","2025-09-16T14:07:00Z",300,0,300
"OERK","UMMS","2025-09-16T08:40:00Z","2025-09-16T14:08:00Z",320,0,320
"SBBR","VIDP","2025-09-15T19:24:00Z","2025-09-16T14:08:00Z",360,0,360
"SCEL","SKBO","2025-09-16T07:56:00Z","2025-09-16T14:08:00Z",300,0,300
"VIDP","LOWW","2025-09-16T05:04:00Z","2025-09-16T14:08:00Z",360,0,360
"SABE","OMDB","2025-09-15T19:05:00Z","2025-09-16T14:09:00Z",340,0,340
"LKPR","LATI","2025-09-16T11:49:00Z","2025-09-16T14:10:00Z",360,0,360
"OJAI","LBSF","2025-09-16T10:09:00Z","2025-09-16T14:11:00Z",320,0,320
"SABE","LATI","2025-09-15T22:46:00Z","2025-09-16T14:11:00Z",300,0,300
"SEQM","VIDP","2025-09-15T16:10:00Z","2025-09-16T14:11:00Z",300,0,300
"EBCI","EHAM","2025-09-16T12:56:00Z","2025-09-16T14:12:00Z",320,0,320
"UMMS","UBBB","2025-09-16T10:26:00Z","2025-09-16T14:12:00Z",320,0,320
"VIDP","EHAM","2025-09-16T04:05:00Z","2025-09-16T14:12:00Z",320,0,320
"SEQM","OJAI","2025-09-15T21:54:00Z","2025-09-16T14:13:00Z",320,0,320
"UMMS","OAKB","2025-09-16T08:23:00Z","2025-09-16T14:13:00Z",320,0,320
"SEQM","LDZA","2025-09-16T00:15:00Z","2025-09-16T14:14:00Z",320,0,320
"SPIM","EHAM","2025-09-15T23:05:00Z","2025-09-16T14:14:00Z",300,0,300
"SUAA","SGAS","2025-09-16T11:59:00Z","2025-09-16T14:14:00Z",340,0,340
"VIDP","LBSF","2025-09-16T06:53:00Z","2025-09-16T14:15:00Z",340,0,340
"SGAS","EBCI","2025-09-16T00:21:00Z","2025-09-16T14:16:00Z",360,0,360
"EBCI","OYSN","2025-09-16T06:38:00Z","2025-09-16T14:17:00Z",320,0,320
"EKCH","SCEL","2025-09-15T21:35:00Z","2025-09-16T14:17:00Z",320,0,320
"LATI","OPKC","2025-09-16T06:14:00Z","2025-09-16T14:17:00Z",320,0,320
"OPKC","SCEL","2025-09-15T17:30:00Z","2025-09-16T14:17:00Z",300,0,300
"SUAA","SABE","2025-09-16T12:04:00Z","2025-09-16T14:17:00Z",320,0,320
"UMMS","EBCI","2025-09-16T10:10:00Z","2025-09-16T14:17:00Z",360,0,360
"VIDP","SUAA","2025-09-15T17:45:00Z","2025-09-16T14:17:00Z",340,0,340
"SEQM","SUAA","2025-09-16T07:45:00Z","2025-09-16T14:18:00Z",300,0,300
"SKBO","OERK","2025-09-15T20:11:00Z","2025-09-16T14:18:00Z",340,0,340
"OYSN","OJAI","2025-09-16T10:48:00Z","2025-09-16T14:19:00Z",300,0,300
"SKBO","EKCH","2025-09-16T01:31:00Z","2025-09-16T14:19:00Z",320,0,320
"SKBO","EHAM","2025-09-16T01:13:00Z","2025-09-16T14:20:00Z",360,0,360
"EDDI","LOWW","2025-09-16T12:44:00Z","2025-09-16T14:21:00Z",340,0,340
"SLLP","LKPR","2025-09-15T23:47:00Z","2025-09-16T14:22:00Z",360,0,360
"VIDP","EDDI","2025-09-16T05:01:00Z","2025-09-16T14:22:00Z",300,0,300
"LATI","OYSN","2025-09-16T08:39:00Z","2025-09-16T14:23:00Z",300,0,300
"SGAS","SBBR","2025-09-16T11:28:00Z","2025-09-16T14:23:00Z",360,0,360
"LOWW","OMDB","2025-09-16T07:03:00Z","2025-09-16T14:24:00Z",360,0,360
"OERK","UBBB","2025-09-16T10:07:00Z","2025-09-16T14:24:00Z",300,0,300
"LKPR","SCEL","2025-09-15T21:52:00Z","2025-09-16T14:25:00Z",320,0,320
"SUAA","LKPR","2025-09-15T22:50:00Z","2025-09-16T14:25:00Z",300,0,300
"UBBB","SKBO","2025-09-15T21:41:00Z","2025-09-16T14:25:00Z",320,0,320
"VIDP","SKBO","2025-09-15T17:11:00Z","2025-09-16T14:25:00Z",320,0,320
"OOMS","OYSN","2025-09-16T10:17:00Z","2025-09-16T14:26:00Z",340,0,340
"OSDI","SABE","2025-09-15T21:57:00Z","2025-09-16T14:26:00Z",360,0,360
"OERK","OAKB","2025-09-16T09:20:00Z","2025-09-16T14:27:00Z",340,0,340
"OERK","SKBO","2025-09-15T20:20:00Z","2025-09-16T14:27:00Z",340,0,340
"SVMI","OAKB","2025-09-15T20:51:00Z","2025-09-16T14:27:00Z",340,0,340
"EKCH","LOWW","2025-09-16T11:26:00Z","2025-09-16T14:28:00Z",340,0,340
"SABE","EBCI","2025-09-15T22:27:00Z","2025-09-16T14:28:00Z",340,0,340
"LOWW","SCEL","2025-09-15T21:54:00Z","2025-09-16T14:29:00Z",360,0,360
"OOMS","SEQM","2025-09-15T18:06:00Z","2025-09-16T14:29:00Z",320,0,320
"SUAA","OMDB","2025-09-15T20:39:00Z","2025-09-16T14:29:00Z",300,0,300
"UBBB","SBBR","2025-09-15T22:49:00Z","2025-09-16T14:29:00Z",340,0,340
"SUAA","EKCH","2025-09-15T22:39:00Z","2025-09-16T14:30:00Z",340,0,340
"EHAM","VIDP","2025-09-16T04:24:00Z","2025-09-16T14:31:00Z",300,0,300
"OSDI","SEQM","2025-09-15T21:09:00Z","2025-09-16T14:31:00Z",340,0,340
"SGAS","OMDB","2025-09-15T20:52:00Z","2025-09-16T14:31:00Z",340,0,340
"LBSF","LKPR","2025-09-16T11:07:00Z","2025-09-16T14:32:00Z",300,0,300
"LKPR","OSDI","2025-09-16T09:15:00Z","2025-09-16T14:32:00Z",320,0,320
"SABE","OOMS","2025-09-15T19:15:00Z","2025-09-16T14:32:00Z",340,0,340
"UBBB","SUAA","2025-09-15T19:28:00Z","2025-09-16T14:34:00Z",360,0,360
"OERK","LKPR","2025-09-16T07:34:00Z","2025-09-16T14:35:00Z",320,0,320
"OERK","OOMS","2025-09-16T11:03:00Z","2025-09-16T14:35:00Z",340,0,340
"UBBB","EBCI","2025-09-16T08:55:00Z","2025-09-16T14:35:00Z",320,0,320
"OAKB","SVMI","2025-09-15T20:00:00Z","2025-09-16T14:36:00Z",320,0,320
"OSDI","LBSF","2025-09-16T11:42:00Z","2025-09-16T14:36:00Z",300,0,300
"SKBO","OPKC","2025-09-15T18:01:00Z","2025-09-16T14:36:00Z",300,0,300
"UBBB","OAKB","2025-09-16T10:23:00Z","2025-09-16T14:39:00Z",300,0,300
"LDZA","SPIM","2025-09-15T22:36:00Z","2025-09-16T14:40:00Z",320,0,320
"OYSN","EDDI","2025-09-16T06:27:00Z","2025-09-16T14:40:00Z",300,0,300
"OMDB","OSDI","2025-09-16T10:07:00Z","2025-09-16T14:41:00Z",340,0,340
"SGAS","LDZA","2025-09-15T23:13:00Z","2025-09-16T14:42:00Z",360,0,360
"LKPR","SUAA","2025-09-15T22:08:00Z","2025-09-16T14:43:00Z",300,0,300
"SEQM","OSDI","2025-09-15T21:21:00Z","2025-09-16T14:43:00Z",300,0,300
"UBBB","SGAS","2025-09-15T20:10:00Z","2025-09-16T14:43:00Z",300,0,300
"VIDP","EKCH","2025-09-16T05:17:00Z","2025-09-16T14:43:00Z",360,0,360
"SLLP","OAKB","2025-09-15T17:31:00Z","2025-09-16T14:45:00Z",300,0,300
"EHAM","SPIM","2025-09-15T23:37:00Z","2025-09-16T14:46:00Z",340,0,340
"OYSN","SLLP","2025-09-15T20:43:00Z","2025-09-16T14:46:00Z",320,0,320
"SUAA","OSDI","2025-09-15T21:31:00Z","2025-09-16T14:47:00Z",300,0,300
"OAKB","SUAA","2025-09-15T18:55:00Z","2025-09-16T14:48:00Z",300,0,300
"EBCI","LBSF","2025-09-16T10:40:00Z","2025-09-16T14:49:00Z",340,0,340
"LATI","EHAM","2025-09-16T10:43:00Z","2025-09-16T14:49:00Z",300,0,300
"SKBO","OSDI","2025-09-15T22:13:00Z","2025-09-16T14:49:00Z",300,0,300
"LATI","LKPR","2025-09-16T11:29:00Z","2025-09-16T14:50:00Z",300,0,300
"OAKB","OOMS","2025-09-16T10:48:00Z","2025-09-16T14:50:00Z",300,0,300
"OERK","OJAI","2025-09-16T11:10:00Z","2025-09-16T14:50:00Z",360,0,360
"SGAS","SLLP","2025-09-16T11:56:00Z","2025-09-16T14:50:00Z",340,0,340
"UMMS","SVMI","2025-09-16T01:02:00Z","2025-09-16T14:50:00Z",300,0,300
"VIDP","OAKB","2025-09-16T11:34:00Z","2025-09-16T14:50:00Z",340,0,340
"LDZA","EKCH","2025-09-16T11:25:00Z","2025-09-16T14:51:00Z",300,0,300
"SUAA","SVMI","2025-09-16T06:34:00Z","2025-09-16T14:51:00Z",300,0,300
"OAKB","EHAM","2025-09-16T06:02:00Z","2025-09-16T14:53:00Z",360,0,360
"OERK","OPKC","2025-09-16T10:13:00Z","2025-09-16T14:53:00Z",300,0,300
"OMDB","OJAI","2025-09-16T10:17:00Z","2025-09-16T14:53:00Z",340,0,340
"OPKC","EDDI","2025-09-16T06:59:00Z","2025-09-16T14:53:00Z",300,0,300
"OPKC","OERK","2025-09-16T10:13:00Z","2025-09-16T14:53:00Z",360,0,360
"OYSN","SPIM","2025-09-15T19:44:00Z","2025-09-16T14:54:00Z",300,0,300
"OMDB","EDDI","2025-09-16T07:06:00Z","2025-09-16T14:55:00Z",360,0,360
"OAKB","OMDB","2025-09-16T10:50:00Z","2025-09-16T14:56:00Z",360,0,360
"OJAI","SLLP","2025-09-15T21:42:00Z","2025-09-16T14:57:00Z",340,0,340
"OOMS","EBCI","2025-09-16T06:00:00Z","2025-09-16T14:57:00Z",340,0,340
"SKBO","LBSF","2025-09-16T00:01:00Z","2025-09-16T14:57:00Z",300,0,300
"VIDP","OYSN","2025-09-16T08:20:00Z","2025-09-16T14:58:00Z",320,0,320
"LDZA","OSDI","2025-09-16T10:15:00Z","2025-09-16T14:59:00Z",320,0,320
"OSDI","LATI","2025-09-16T10:48:00Z","2025-09-16T14:59:00Z",300,0,300
"UBBB","UMMS","2025-09-16T11:15:00Z","2025-09-16T15:01:00Z",300,0,300
"SUAA","OJAI","2025-09-15T22:00:00Z","2025-09-16T15:02:00Z",340,0,340
"OERK","SLLP","2025-09-15T21:33:00Z","2025-09-16T15:03:00Z",340,0,340
"EHAM","SABE","2025-09-15T23:52:00Z","2025-09-16T15:04:00Z",340,0,340
"LKPR","SBBR","2025-09-16T02:18:00Z","2025-09-16T15:04:00Z",300,0,300
"OPKC","UMMS","2025-09-16T08:18:00Z","2025-09-16T15:04:00Z",360,0,360
"UMMS","EKCH","2025-09-16T12:44:00Z","2025-09-16T15:04:00Z",300,0,300
"EHAM","SCEL","2025-09-15T23:10:00Z","2025-09-16T15:05:00Z",340,0,340
"LDZA","OYSN","2025-09-16T08:45:00Z","2025-09-16T15:05:00Z",360,0,360
"OERK","LBSF","2025-09-16T10:25:00Z","2025-09-16T15:05:00Z",340,0,340
"SEQM","SBBR","2025-09-16T09:19:00Z","2025-09-16T15:05:00Z",340,0,340
"LKPR","SPIM","2025-09-16T00:10:00Z","2025-09-16T15:07:00Z",360,0,360
"SBBR","LKPR","2025-09-16T02:21:00Z","2025-09-16T15:07:00Z",320,0,320
"SBBR","OAKB","2025-09-15T21:22:00Z","2025-09-16T15:07:00Z",340,0,340
"UMMS","OPKC","2025-09-16T08:21:00Z","2025-09-16T15:07:00Z",340,0,340
"LBSF","LDZA","2025-09-16T13:19:00Z","2025-09-16T15:08:00Z",320,0,320
"OYSN","SCEL","2025-09-15T21:37:00Z","2025-09-16T15:08:00Z",320,0,320
"SKBO","LDZA","2025-09-16T01:58:00Z","2025-09-16T15:09:00Z",360,0,360
"SVMI","SGAS","2025-09-16T08:07:00Z","2025-09-16T15:09:00Z",340,0,340
"OMDB","EHAM","2025-09-16T07:37:00Z","2025-09-16T15:10:00Z",340,0,340
"OYSN","OMDB","2025-09-16T11:10:00Z","2025-09-16T15:10:00Z",340,0,340
"LATI","LDZA","2025-09-16T13:33:00Z","2025-09-16T15:11:00Z",360,0,360
"LOWW","EBCI","2025-09-16T12:04:00Z","2025-09-16T15:12:00Z",360,0,360
"SCEL","OAKB","2025-09-15T17:48:00Z","2025-09-16T15:13:00Z",300,0,300
"SUAA","OAKB","2025-09-15T19:20:00Z","2025-09-16T15:13:00Z",360,0,360
"UMMS","OMDB","2025-09-16T09:23:00Z","2025-09-16T15:13:00Z",300,0,300
"SPIM","SABE","2025-09-16T10:20:00Z","2025-09-16T15:14:00Z",300,0,300
"OOMS","LBSF","2025-09-16T09:24:00Z","2025-09-16T15:15:00Z",360,0,360
"SABE","LKPR","2025-09-15T23:32:00Z","2025-09-16T15:15:00Z",320,0,320
"UMMS","LDZA","2025-09-16T12:42:00Z","2025-09-16T15:15:00Z",360,0,360
"OERK","LATI","2025-09-16T10:20:00Z","2025-09-16T15:16:00Z",340,0,340
"LDZA","EHAM","2025-09-16T12:49:00Z","2025-09-16T15:17:00Z",340,0,340
"OYSN","LKPR","2025-09-16T08:20:00Z","2025-09-16T15:17:00Z",300,0,300
"SBBR","UMMS","2025-09-16T00:15:00Z","2025-09-16T15:17:00Z",340,0,340
"SUAA","OERK","2025-09-15T22:33:00Z","2025-09-16T15:18:00Z",300,0,300
"LKPR","EHAM","2025-09-16T13:24:00Z","2025-09-16T15:19:00Z",320,0,320
"OSDI","OOMS","2025-09-16T10:17:00Z","2025-09-16T15:19:00Z",340,0,340
"OYSN","SUAA","2025-09-15T23:26:00Z","2025-09-16T15:19:00Z",360,0,360
"SUAA","UMMS","2025-09-15T22:29:00Z","2025-09-16T15:19:00Z",300,0,300
"LBSF","SUAA","2025-09-15T23:40:00Z","2025-09-16T15:20:00Z",340,0,340
"OOMS","SKBO","2025-09-15T20:43:00Z","2025-09-16T15:20:00Z",340,0,340
"OSDI","OAKB","2025-09-16T10:30:00Z","2025-09-16T15:20:00Z",320,0,320
"LATI","EBCI","2025-09-16T12:26:00Z","2025-09-16T15:21:00Z",340,0,340
"SCEL","OJAI","2025-09-15T21:53:00Z","2025-09-16T15:21:00Z",340,0,340
"SPIM","EDDI","2025-09-16T00:27:00Z","2025-09-16T15:21:00Z",360,0,360
"SUAA","LATI","2025-09-15T23:09:00Z","2025-09-16T15:23:00Z",300,0,300
"VIDP","LATI","2025-09-16T07:35:00Z","2025-09-16T15:23:00Z",360,0,360
"EKCH","UBBB","2025-09-16T09:19:00Z","2025-09-16T15:24:00Z",340,0,340
"LDZA","LOWW","2025-09-16T13:59:00Z","2025-09-16T15:24:00Z",340,0,340
"SBBR","OOMS","2025-09-15T22:07:00Z","2025-09-16T15:24:00Z",360,0,360
"UBBB","SABE","2025-09-15T20:06:00Z","2025-09-16T15:24:00Z",320,0,320
"EHAM","OJAI","2025-09-16T09:06:00Z","2025-09-16T15:25:00Z",320,0,320
"EKCH","EHAM","2025-09-16T13:38:00Z","2025-09-16T15:25:00Z",360,0,360
"OYSN","SBBR","2025-09-16T00:10:00Z","2025-09-16T15:25:00Z",340,0,340
"VIDP","OPKC","2025-09-16T12:03:00Z","2025-09-16T15:25:00Z",360,0,360
"EBCI","SLLP","2025-09-16T01:41:00Z","2025-09-16T15:26:00Z",320,0,320
"LATI","SLLP","2025-09-16T00:42:00Z","2025-09-16T15:26:00Z",360,0,360
"LATI","VIDP","2025-09-16T07:38:00Z","2025-09-16T15:26:00Z",320,0,320
"SVMI","SUAA","2025-09-16T07:09:00Z","2025-09-16T15:26:00Z",320,0,320
"SABE","SKBO","2025-09-16T08:44:00Z","2025-09-16T15:27:00Z",340,0,340
"SBBR","SVMI","2025-09-16T09:06:00Z","2025-09-16T15:28:00Z",300,0,300
"EKCH","SCEL","2025-09-15T22:47:00Z","2025-09-16T15:29:00Z",320,0,320
"OMDB","SGAS","2025-09-15T21:51:00Z","2025-09-16T15:30:00Z",360,0,360
"SCEL","LOWW","2025-09-15T22:55:00Z","2025-09-16T15:30:00Z",320,0,320
"LDZA","SABE","2025-09-15T23:02:00Z","2025-09-16T15:31:00Z",300,0,300
"OMDB","LBSF","2025-09-16T09:09:00Z","2025-09-16T15:32:00Z",300,0,300
"SEQM","LBSF","2025-09-16T00:49:00Z","2025-09-16T15:32:00Z",300,0,300
"EKCH","OMDB","2025-09-16T07:29:00Z","2025-09-16T15:33:00Z",300,0,300
"OJAI","OYSN","2025-09-16T11:02:00Z","2025-09-16T15:33:00Z",300,0,300
"UBBB","LKPR","2025-09-16T10:47:00Z","2025-09-16T15:33:00Z",320,0,320
"EHAM","EKCH","2025-09-16T13:47:00Z","2025-09-16T15:34:00Z",340,0,340
"OSDI","LDZA","2025-09-16T11:50:00Z","2025-09-16T15:34:00Z",360,0,360
"UMMS","LOWW","2025-09-16T12:18:00Z","2025-09-16T15:34:00Z",320,0,320
"VIDP","OERK","2025-09-16T10:39:00Z","2025-09-16T15:34:00Z",320,0,320
"SABE","EDDI","2025-09-15T23:46:00Z","2025-09-16T15:35:00Z",320,0,320
"SUAA","SLLP","2025-09-16T11:39:00Z","2025-09-16T15:35:00Z",340,0,340
"SVMI","LOWW","2025-09-16T03:47:00Z","2025-09-16T15:35:00Z",320,0,320
"EHAM","OYSN","2025-09-16T07:47:00Z","2025-09-16T15:36:00Z",300,0,300
"SCEL","OPKC","2025-09-15T18:49:00Z","2025-09-16T15:36:00Z",300,0,300
"SUAA","UBBB","2025-09-15T20:30:00Z","2025-09-16T15:36:00Z",320,0,320
"LKPR","SCEL","2025-09-15T22:04:00Z","2025-09-16T15:37:00Z",320,0,320
"OYSN","OOMS","2025-09-16T11:28:00Z","2025-09-16T15:37:00Z",300,0,300
"EDDI","VIDP","2025-09-16T06:17:00Z","2025-09-16T15:38:00Z",300,0,300
"OJAI","EBCI","2025-09-16T09:28:00Z","2025-09-16T15:39:00Z",300,0,300
"SKBO","LOWW","2025-09-16T01:29:00Z","2025-09-16T15:39:00Z",340,0,340
"SVMI","SCEL","2025-09-16T07:37:00Z","2025-09-16T15:39:00Z",360,0,360
"SABE","SGAS","2025-09-16T12:25:00Z","2025-09-16T15:40:00Z",360,0,360
"SVMI","EBCI","2025-09-16T04:58:00Z","2025-09-16T15:41:00Z",360,0,360
"LOWW","LDZA","2025-09-16T13:17:00Z","2025-09-16T15:42:00Z",300,0,300
"OERK","SGAS","2025-09-15T22:13:00Z","2025-09-16T15:44:00Z",340,0,340
"OMDB","OYSN","2025-09-16T11:44:00Z","2025-09-16T15:44:00Z",360,0,360
"OMDB","OERK","2025-09-16T12:36:00Z","2025-09-16T15:45:00Z",360,0,360
"SABE","OPKC","2025-09-15T19:22:00Z","2025-09-16T15:45:00Z",360,0,360
"OJAI","UMMS","2025-09-16T10:37:00Z","2025-09-16T15:46:00Z",300,0,300
"OMDB","SEQM","2025-09-15T20:50:00Z","2025-09-16T15:46:00Z",300,0,300
"EBCI","SEQM","2025-09-16T02:55:00Z","2025-09-16T15:47:00Z",320,0,320
"EHAM","UBBB","2025-09-16T09:06:00Z","2025-09-16T15:47:00Z",360,0,360
"LKPR","OAKB","2025-09-16T08:48:00Z","2025-09-16T15:47:00Z",320,0,320
"OAKB","UMMS","2025-09-16T09:57:00Z","2025-09-16T15:47:00Z",300,0,300
"SKBO","SVMI","2025-09-16T12:24:00Z","2025-09-16T15:47:00Z",300,0,300
"OSDI","EHAM","2025-09-16T09:38:00Z","2025-09-16T15:48:00Z",360,0,360
"OYSN","UBBB","2025-09-16T10:14:00Z","2025-09-16T15:48:00Z",300,0,300
"EHAM","LDZA","2025-09-16T12:21:00Z","2025-09-16T15:49:00Z",320,0,320
"EKCH","LBSF","2025-09-16T11:45:00Z","2025-09-16T15:49:00Z",340,0,340
"LDZA","SGAS","2025-09-16T00:20:00Z","2025-09-16T15:49:00Z",360,0,360
"SEQM","EHAM","2025-09-16T02:55:00Z","2025-09-16T15:49:00Z",340,0,340
"SEQM","LOWW","2025-09-16T01:52:00Z","2025-09-16T15:49:00Z",320,0,320
"OPKC","EBCI","2025-09-16T06:11:00Z","2025-09-16T15:50:00Z",360,0,360
"SPIM","SVMI","2025-09-16T10:24:00Z","2025-09-16T15:50:00Z",320,0,320
"EBCI","EKCH","2025-09-16T13:54:00Z","2025-09-16T15:52:00Z",360,0,360
"SBBR","EBCI","2025-09-16T02:50:00Z","2025-09-16T15:52:00Z",340,0,340
"SEQM","SKBO","2025-09-16T13:05:00Z","2025-09-16T15:52:00Z",320,0,320
"SGAS","EKCH","2025-09-16T00:00:00Z","2025-09-16T15:52:00Z",340,0,340
"LKPR","OERK","2025-09-16T08:52:00Z","2025-09-16T15:53:00Z",320,0,320
"OPKC","SKBO","2025-09-15T19:18:00Z","2025-09-16T15:53:00Z",360,0,360
"SLLP","EBCI","2025-09-16T01:08:00Z","2025-09-16T15:53:00Z",320,0,320
"LATI","LBSF","2025-09-16T13:28:00Z","2025-09-16T15:54:00Z",340,0,340
"SUAA","LDZA","2025-09-15T23:35:00Z","2025-09-16T15:54:00Z",300,0,300
"EBCI","SBBR","2025-09-16T02:53:00Z","2025-09-16T15:55:00Z",320,0,320
"EDDI","OYSN","2025-09-16T07:42:00Z","2025-09-16T15:55:00Z",320,0,320
"LATI","SABE","2025-09-15T23:30:00Z","2025-09-16T15:55:00Z",340,0,340
"OMDB","SBBR","2025-09-15T23:59:00Z","2025-09-16T15:56:00Z",320,0,320
"SKBO","LKPR","2025-09-16T02:57:00Z","2025-09-16T15:56:00Z",320,0,320
"EKCH","OYSN","2025-09-16T07:23:00Z","2025-09-16T15:57:00Z",300,0,300
"LKPR","SVMI","2025-09-16T03:20:00Z","2025-09-16T15:57:00Z",360,0,360
"SLLP","SVMI","2025-09-16T10:19:00Z","2025-09-16T15:57:00Z",300,0,300
"OPKC","EKCH","2025-09-16T06:53:00Z","2025-09-16T15:58:00Z",300,0,300
"VIDP","SLLP","2025-09-15T17:37:00Z","2025-09-16T15:58:00Z",360,0,360
"LATI","EDDI","2025-09-16T12:21:00Z","2025-09-16T15:59:00Z",320,0,320
"SGAS","SPIM","2025-09-16T10:47:00Z","2025-09-16T15:59:00Z",320,0,320
"UBBB","LBSF","2025-09-16T12:09:00Z","2025-09-16T16:00:00Z",300,0,300
"UBBB","SGAS","2025-09-15T22:27:00Z","2025-09-16T16:00:00Z",340,0,340
"EHAM","OPKC","2025-09-16T07:21:00Z","2025-09-16T16:01:00Z",320,0,320
"OERK","OMDB","2025-09-16T13:52:00Z","2025-09-16T16:01:00Z",340,0,340
"OJAI","SCEL","2025-09-15T22:33:00Z","2025-09-16T16:01:00Z",340,0,340
"SPIM","LKPR","2025-09-16T01:04:00Z","2025-09-16T16:01:00Z",320,0,320
"UMMS","SBBR","2025-09-16T01:59:00Z","2025-09-16T16:01:00Z",300,0,300
"EHAM","LOWW","2025-09-16T13:50:00Z","2025-09-16T16:02:00Z",320,0,320
"OPKC","OYSN","2025-09-16T11:46:00Z","2025-09-16T16:02:00Z",300,0,300
"SCEL","OMDB","2025-09-15T20:37:00Z","2025-09-16T16:03:00Z",360,0,360
"OSDI","SUAA","2025-09-15T23:48:00Z","2025-09-16T16:04:00Z",360,0,360
"OSDI","UMMS","2025-09-16T12:10:00Z","2025-09-16T16:04:00Z",300,0,300
"OOMS","LKPR","2025-09-16T08:00:00Z","2025-09-16T16:05:00Z",340,0,340
"LKPR","OPKC","2025-09-16T08:22:00Z","2025-09-16T16:07:00Z",340,0,340
"OSDI","LOWW","2025-09-16T12:09:00Z","2025-09-16T16:07:00Z",300,0,300
"SVMI","OSDI","2025-09-16T01:55:00Z","2025-09-16T16:07:00Z",320,0,320
"OMDB","OOMS","2025-09-16T14:40:00Z","2025-09-16T16:08:00Z",320,0,320
"SEQM","OSDI","2025-09-15T23:46:00Z","2025-09-16T16:08:00Z",300,0,300
"OSDI","OMDB","2025-09-16T12:35:00Z","2025-09-16T16:09:00Z",320,0,320
"SCEL","OERK","2025-09-15T21:50:00Z","2025-09-16T16:09:00Z",300,0,300
"UBBB","SKBO","2025-09-15T23:25:00Z","2025-09-16T16:09:00Z",300,0,300
"OOMS","OMDB","2025-09-16T14:42:00Z","2025-09-16T16:10:00Z",320,0,320
"EKCH","OPKC","2025-09-16T07:06:00Z","2025-09-16T16:11:00Z",340,0,340
"OERK","SKBO","2025-09-15T22:04:00Z","2025-09-16T16:11:00Z",300,0,300
"OYSN","SABE","2025-09-15T23:04:00Z","2025-09-16T16:11:00Z",300,0,300
"SBBR","SPIM","2025-09-16T10:06:00Z","2025-09-16T16:11:00Z",340,0,340
"SEQM","SABE","2025-09-16T09:47:00Z","2025-09-16T16:12:00Z",360,0,360
"EKCH","UMMS","2025-09-16T13:53:00Z","2025-09-16T16:13:00Z",300,0,300
"LATI","OOMS","2025-09-16T09:01:00Z","2025-09-16T16:13:00Z",340,0,340
"LOWW","SGAS","2025-09-16T01:33:00Z","2025-09-16T16:14:00Z",340,0,340
"OJAI","OMDB","2025-09-16T12:38:00Z","2025-09-16T16:14:00Z",320,0,320
"SCEL","EBCI","2025-09-16T00:28:00Z","2025-09-16T16:14:00Z",340,0,340
"SPIM","OAKB","2025-09-15T19:22:00Z","2025-09-16T16:14:00Z",320,0,320
"SLLP","EDDI","2025-09-16T01:40:00Z","2025-09-16T16:15:00Z",360,0,360
"LBSF","SEQM","2025-09-16T01:33:00Z","2025-09-16T16:16:00Z",300,0,300
"OOMS","SLLP","2025-09-15T20:15:00Z","2025-09-16T16:16:00Z",300,0,300
"VIDP","SEQM","2025-09-15T18:15:00Z","2025-09-16T16:16:00Z",320,0,320
"LBSF","UBBB","2025-09-16T12:26:00Z","2025-09-16T16:17:00Z",340,0,340
"UBBB","SEQM","2025-09-15T22:46:00Z","2025-09-16T16:17:00Z",340,0,340
"UMMS","OOMS","2025-09-16T09:01:00Z","2025-09-16T16:17:00Z",320,0,320
"EKCH","VIDP","2025-09-16T07:53:00Z","2025-09-16T16:19:00Z",340,0,340
"LDZA","EDDI","2025-09-16T13:18:00Z","2025-09-16T16:19:00Z",340,0,340
"LOWW","EHAM","2025-09-16T13:07:00Z","2025-09-16T16:19:00Z",320,0,320
"SLLP","EKCH","2025-09-16T01:41:00Z","2025-09-16T16:19:00Z",340,0,340
"SABE","SBBR","2025-09-16T12:22:00Z","2025-09-16T16:21:00Z",320,0,320
"LOWW","VIDP","2025-09-16T07:18:00Z","2025-09-16T16:22:00Z",320,0,320
"OPKC","SABE","2025-09-15T20:59:00Z","2025-09-16T16:22:00Z",320,0,320
"SBBR","SEQM","2025-09-16T10:36:00Z","2025-09-16T16:22:00Z",340,0,340
"EHAM","UBBB","2025-09-16T10:42:00Z","2025-09-16T16:23:00Z",300,0,300
"EKCH","SUAA","2025-09-16T00:33:00Z","2025-09-16T16:24:00Z",360,0,360
"OPKC","SVMI","2025-09-15T21:13:00Z","2025-09-16T16:24:00Z",360,0,360
"OPKC","LOWW","2025-09-16T08:54:00Z","2025-09-16T16:25:00Z",340,0,340
"OYSN","OSDI","2025-09-16T12:44:00Z","2025-09-16T16:26:00Z",340,0,340
"UMMS","SCEL","2025-09-15T22:36:00Z","2025-09-16T16:26:00Z",340,0,340
"SBBR","LBSF","2025-09-16T02:27:00Z","2025-09-16T16:27:00Z",360,0,360
"UBBB","OMDB","2025-09-16T12:17:00Z","2025-09-16T16:27:00Z",300,0,300
"SPIM","OSDI","2025-09-15T22:18:00Z","2025-09-16T16:29:00Z",360,0,360
"SPIM","SABE","2025-09-16T11:35:00Z","2025-09-16T16:29:00Z",360,0,360
"EHAM","LATI","2025-09-16T12:24:00Z","2025-09-16T16:30:00Z",320,0,320
"SEQM","OMDB","2025-09-15T21:34:00Z","2025-09-16T16:30:00Z",300,0,300
"SEQM","OPKC","2025-09-15T19:09:00Z","2025-09-16T16:31:00Z",320,0,320
"LBSF","EHAM","2025-09-16T12:17:00Z","2025-09-16T16:33:00Z",360,0,360
"UMMS","SABE","2025-09-15T23:34:00Z","2025-09-16T16:33:00Z",340,0,340
"EDDI","SUAA","2025-09-16T00:55:00Z","2025-09-16T16:35:00Z",320,0,320
"EHAM","EDDI","2025-09-16T14:49:00Z","2025-09-16T16:35:00Z",360,0,360
"EHAM","SGAS","2025-09-16T01:30:00Z","2025-09-16T16:35:00Z",360,0,360
"SEQM","LKPR","2025-09-16T02:49:00Z","2025-09-16T16:35:00Z",300,0,300
"SVMI","VIDP","2025-09-15T21:44:00Z","2025-09-16T16:36:00Z",300,0,300
"SUAA","EDDI","2025-09-16T00:57:00Z","2025-09-16T16:37:00Z",300,0,300
"EBCI","SVMI","2025-09-16T05:55:00Z","2025-09-16T16:38:00Z",360,0,360
"LDZA","SUAA","2025-09-16T00:20:00Z","2025-09-16T16:39:00Z",300,0,300
"SABE","SUAA","2025-09-16T14:26:00Z","2025-09-16T16:39:00Z",340,0,340
"EDDI","LDZA","2025-09-16T13:39:00Z","2025-09-16T16:40:00Z",320,0,320
"LBSF","SPIM","2025-09-16T00:56:00Z","2025-09-16T16:40:00Z",360,0,360
"OJAI","EDDI","2025-09-16T11:58:00Z","2025-09-16T16:40:00Z",360,0,360
"SLLP","SGAS","2025-09-16T13:46:00Z","2025-09-16T16:40:00Z",300,0,300
"EBCI","OOMS","2025-09-16T08:45:00Z","2025-09-16T16:42:00Z",340,0,340
"LOWW","SLLP","2025-09-16T01:01:00Z","2025-09-16T16:42:00Z",300,0,300
"LOWW","SUAA","2025-09-16T00:08:00Z","2025-09-16T16:42:00Z",340,0,340
"SPIM","OERK","2025-09-15T21:15:00Z","2025-09-16T16:42:00Z",320,0,320
"VIDP","OSDI","2025-09-16T10:45:00Z","2025-09-16T16:42:00Z",340,0,340
"OSDI","OJAI","2025-09-16T14:25:00Z","2025-09-16T16:43:00Z",320,0,320
"OSDI","UBBB","2025-09-16T13:52:00Z","2025-09-16T16:43:00Z",340,0,340
"SABE","UMMS","2025-09-15T23:44:00Z","2025-09-16T16:43:00Z",340,0,340
"LKPR","EDDI","2025-09-16T14:27:00Z","2025-09-16T16:44:00Z",340,0,340
"OJAI","LOWW","2025-09-16T11:37:00Z","2025-09-16T16:44:00Z",300,0,300
"SUAA","OOMS","2025-09-15T21:41:00Z","2025-09-16T16:44:00Z",300,0,300
"EBCI","OERK","2025-09-16T09:56:00Z","2025-09-16T16:45:00Z",320,0,320
"LATI","SUAA","2025-09-16T00:32:00Z","2025-09-16T16:46:00Z",320,0,320
"LKPR","LDZA","2025-09-16T14:03:00Z","2025-09-16T16:46:00Z",360,0,360
"SGAS","EHAM","2025-09-16T01:41:00Z","2025-09-16T16:46:00Z",320,0,320
"EKCH","SVMI","2025-09-16T04:18:00Z","2025-09-16T16:47:00Z",340,0,340
"SCEL","SVMI","2025-09-16T08:45:00Z","2025-09-16T16:47:00Z",340,0,340
"OYSN","SPIM","2025-09-15T21:38:00Z","2025-09-16T16:48:00Z",300,0,300
"SGAS","LBSF","2025-09-16T01:53:00Z","2025-09-16T16:48:00Z",360,0,360
"OMDB","LOWW","2025-09-16T09:29:00Z","2025-09-16T16:50:00Z",360,0,360
"LATI","SBBR","2025-09-16T03:17:00Z","2025-09-16T16:51:00Z",360,0,360
"OPKC","SCEL","2025-09-15T19:04:00Z","2025-09-16T16:51:00Z",320,0,320
"SPIM","SEQM","2025-09-16T13:10:00Z","2025-09-16T16:51:00Z",300,0,300
"OJAI","OOMS","2025-09-16T11:49:00Z","2025-09-16T16:53:00Z",340,0,340
"OOMS","UBBB","2025-09-16T12:20:00Z","2025-09-16T16:53:00Z",340,0,340
"SUAA","SBBR","2025-09-16T12:00:00Z","2025-09-16T16:53:00Z",340,0,340
"SVMI","LKPR","2025-09-16T04:17:00Z","2025-09-16T16:54:00Z",340,0,340
"SVMI","LOWW","2025-09-16T04:06:00Z","2025-09-16T16:54:00Z",300,0,300
"LOWW","OJAI","2025-09-16T11:48:00Z","2025-09-16T16:55:00Z",300,0,300
"OOMS","SGAS","2025-09-15T22:58:00Z","2025-09-16T16:55:00Z",340,0,340
"LDZA","SBBR","2025-09-16T03:22:00Z","2025-09-16T16:56:00Z",360,0,360
"SBBR","SABE","2025-09-16T12:57:00Z","2025-09-16T16:56:00Z",360,0,360
"EHAM","LBSF","2025-09-16T12:41:00Z","2025-09-16T16:57:00Z",360,0,360
"SEQM","SCEL","2025-09-16T10:14:00Z","2025-09-16T16:58:00Z",360,0,360
"EBCI","LDZA","2025-09-16T13:40:00Z","2025-09-16T16:59:00Z",360,0,360
"EDDI","SPIM","2025-09-16T01:05:00Z","2025-09-16T16:59:00Z",360,0,360
"SCEL","OYSN","2025-09-15T22:28:00Z","2025-09-16T16:59:00Z",340,0,340
"SUAA","SVMI","2025-09-16T09:43:00Z","2025-09-16T17:00:00Z",360,0,360
"EDDI","LATI","2025-09-16T14:23:00Z","2025-09-16T17:01:00Z",360,0,360
"OMDB","LATI","2025-09-16T11:17:00Z","2025-09-16T17:01:00Z",300,0,300
"SCEL","OMDB","2025-09-15T21:36:00Z","2025-09-16T17:02:00Z",360,0,360
"SKBO","SPIM","2025-09-16T13:46:00Z","2025-09-16T17:02:00Z",300,0,300
"UBBB","OERK","2025-09-16T13:46:00Z","2025-09-16T17:03:00Z",340,0,340
"EKCH","LDZA","2025-09-16T14:38:00Z","2025-09-16T17:04:00Z",340,0,340
"SCEL","EHAM","2025-09-16T01:09:00Z","2025-09-16T17:04:00Z",360,0,360
"SEQM","EDDI","2025-09-16T03:24:00Z","2025-09-16T17:04:00Z",340,0,340
"LKPR","SABE","2025-09-16T01:22:00Z","2025-09-16T17:05:00Z",300,0,300
"SBBR","SUAA","2025-09-16T13:12:00Z","2025-09-16T17:05:00Z",360,0,360
"SCEL","SEQM","2025-09-16T11:21:00Z","2025-09-16T17:05:00Z",360,0,360
"LOWW","SKBO","2025-09-16T03:56:00Z","2025-09-16T17:06:00Z",360,0,360
"OMDB","SABE","2025-09-15T22:02:00Z","2025-09-16T17:06:00Z",300,0,300
"SVMI","OAKB","2025-09-15T23:30:00Z","2025-09-16T17:06:00Z",320,0,320
"OERK","EHAM","2025-09-16T10:12:00Z","2025-09-16T17:07:00Z",300,0,300
"SGAS","SUAA","2025-09-16T14:52:00Z","2025-09-16T17:07:00Z",300,0,300
"SPIM","LBSF","2025-09-16T01:23:00Z","2025-09-16T17:07:00Z",360,0,360
"UBBB","EHAM","2025-09-16T11:27:00Z","2025-09-16T17:08:00Z",340,0,340
"OJAI","OERK","2025-09-16T14:29:00Z","2025-09-16T17:09:00Z",360,0,360
"OJAI","SKBO","2025-09-16T01:36:00Z","2025-09-16T17:09:00Z",320,0,320
"LKPR","SEQM","2025-09-16T03:24:00Z","2025-09-16T17:10:00Z",300,0,300
"SBBR","OYSN","2025-09-16T02:56:00Z","2025-09-16T17:11:00Z",300,0,300
"SPIM","VIDP","2025-09-15T18:05:00Z","2025-09-16T17:11:00Z",320,0,320
"OPKC","UBBB","2025-09-16T12:12:00Z","2025-09-16T17:12:00Z",360,0,360
"OYSN","SGAS","2025-09-16T01:22:00Z","2025-09-16T17:12:00Z",300,0,300
"EHAM","EBCI","2025-09-16T15:57:00Z","2025-09-16T17:13:00Z",320,0,320
"LOWW","SEQM","2025-09-16T03:16:00Z","2025-09-16T17:13:00Z",360,0,360
"OYSN","LOWW","2025-09-16T10:35:00Z","2025-09-16T17:13:00Z",300,0,300
"SKBO","EBCI","2025-09-16T04:08:00Z","2025-09-16T17:13:00Z",340,0,340
"SLLP","SCEL","2025-09-16T13:52:00Z","2025-09-16T17:15:00Z",320,0,320
"EDDI","UMMS","2025-09-16T14:00:00Z","2025-09-16T17:16:00Z",320,0,320
"OMDB","SPIM","2025-09-15T21:41:00Z","2025-09-16T17:16:00Z",360,0,360
"UBBB","SLLP","2025-09-15T22:16:00Z","2025-09-16T17:16:00Z",320,0,320
"LATI","UBBB","2025-09-16T12:01:00Z","2025-09-16T17:18:00Z",360,0,360
"OAKB","LKPR","2025-09-16T10:19:00Z","2025-09-16T17:18:00Z",320,0,320
"SPIM","SKBO","2025-09-16T13:02:00Z","2025-09-16T17:18:00Z",300,0,300
"LATI","LOWW","2025-09-16T14:18:00Z","2025-09-16T17:19:00Z",300,0,300
"OYSN","SEQM","2025-09-15T23:27:00Z","2025-09-16T17:20:00Z",340,0,340
"UBBB","VIDP","2025-09-16T12:49:00Z","2025-09-16T17:20:00Z",320,0,320
"EBCI","UMMS","2025-09-16T13:14:00Z","2025-09-16T17:21:00Z",340,0,340
"LKPR","SGAS","2025-09-16T02:41:00Z","2025-09-16T17:21:00Z",340,0,340
"LOWW","SBBR","2025-09-16T04:35:00Z","2025-09-16T17:21:00Z",320,0,320
"LKPR","OAKB","2025-09-16T10:23:00Z","2025-09-16T17:22:00Z",360,0,360
"LATI","SGAS","2025-09-16T02:54:00Z","2025-09-16T17:23:00Z",320,0,320
"SABE","OAKB","2025-09-15T20:17:00Z","2025-09-16T17:23:00Z",360,0,360
"OSDI","OYSN","2025-09-16T13:42:00Z","2025-09-16T17:24:00Z",340,0,340
"SGAS","OERK","2025-09-16T00:53:00Z","2025-09-16T17:24:00Z",360,0,360
"SPIM","EBCI","2025-09-16T02:20:00Z","2025-09-16T17:24:00Z",320,0,320
"UBBB","OJAI","2025-09-16T13:17:00Z","2025-09-16T17:24:00Z",300,0,300
"LBSF","LATI","2025-09-16T15:59:00Z","2025-09-16T17:25:00Z",360,0,360
"LOWW","LATI","2025-09-16T14:24:00Z","2025-09-16T17:25:00Z",360,0,360
"UMMS","SUAA","2025-09-16T00:36:00Z","2025-09-16T17:26:00Z",320,0,320
"OAKB","SBBR","2025-09-15T23:42:00Z","2025-09-16T17:27:00Z",360,0,360
"EDDI","OMDB","2025-09-16T10:39:00Z","2025-09-16T17:28:00Z",340,0,340
"OAKB","OYSN","2025-09-16T11:21:00Z","2025-09-16T17:28:00Z",340,0,340
"OOMS","LOWW","2025-09-16T10:39:00Z","2025-09-16T17:28:00Z",300,0,300
"VIDP","SVMI","2025-09-15T22:36:00Z","2025-09-16T17:28:00Z",300,0,300
"OPKC","OSDI","2025-09-16T12:30:00Z","2025-09-16T17:29:00Z",360,0,360
"SABE","VIDP","2025-09-15T20:44:00Z","2025-09-16T17:29:00Z",300,0,300
"SCEL","UBBB","2025-09-15T21:00:00Z","2025-09-16T17:29:00Z",360,0,360
"VIDP","SABE","2025-09-15T20:45:00Z","2025-09-16T17:30:00Z",360,0,360
"LBSF","SKBO","2025-09-16T03:35:00Z","2025-09-16T17:31:00Z",320,0,320
"SBBR","SGAS","2025-09-16T14:36:00Z","2025-09-16T17:31:00Z",300,0,300
"UBBB","EDDI","2025-09-16T12:37:00Z","2025-09-16T17:31:00Z",320,0,320
"VIDP","UMMS","2025-09-16T09:25:00Z","2025-09-16T17:31:00Z",320,0,320
"EDDI","SLLP","2025-09-16T02:57:00Z","2025-09-16T17:32:00Z",300,0,300
"OOMS","LDZA","2025-09-16T10:52:00Z","2025-09-16T17:32:00Z",300,0,300
"SGAS","UMMS","2025-09-16T01:35:00Z","2025-09-16T17:32:00Z",300,0,300
"LDZA","OPKC","2025-09-16T09:07:00Z","2025-09-16T17:33:00Z",300,0,300
"LDZA","LBSF","2025-09-16T15:45:00Z","2025-09-16T17:34:00Z",340,0,340
"SVMI","OERK","2025-09-16T01:49:00Z","2025-09-16T17:34:00Z",360,0,360
"UBBB","OSDI","2025-09-16T14:43:00Z","2025-09-16T17:34:00Z",360,0,360
"LATI","UMMS","2025-09-16T14:43:00Z","2025-09-16T17:35:00Z",340,0,340
"EDDI","EKCH","2025-09-16T15:11:00Z","2025-09-16T17:36:00Z",320,0,320
"OAKB","OJAI","2025-09-16T11:37:00Z","2025-09-16T17:37:00Z",320,0,320
"OJAI","SGAS","2025-09-16T01:03:00Z","2025-09-16T17:37:00Z",320,0,320
"OMDB","LKPR","2025-09-16T10:00:00Z","2025-09-16T17:37:00Z",300,0,300
"SABE","OMDB","2025-09-15T22:33:00Z","2025-09-16T17:37:00Z",320,0,320
"SEQM","LATI","2025-09-16T02:18:00Z","2025-09-16T17:37:00Z",340,0,340
"OJAI","LATI","2025-09-16T13:22:00Z","2025-09-16T17:38:00Z",360,0,360
"SPIM","OMDB","2025-09-15T21:03:00Z","2025-09-16T17:38:00Z",320,0,320
"EBCI","OMDB","2025-09-16T09:10:00Z","2025-09-16T17:39:00Z",340,0,340
"OJAI","LKPR","2025-09-16T12:13:00Z","2025-09-16T17:39:00Z",320,0,320
"LBSF","OOMS","2025-09-16T11:49:00Z","2025-09-16T17:40:00Z",340,0,340
"OMDB","LDZA","2025-09-16T10:28:00Z","2025-09-16T17:40:00Z",300,0,300
"OPKC","OAKB","2025-09-16T14:15:00Z","2025-09-16T17:40:00Z",360,0,360
"OPKC","SLLP","2025-09-15T20:29:00Z","2025-09-16T17:40:00Z",360,0,360
"OSDI","SGAS","2025-09-16T01:54:00Z","2025-09-16T17:40:00Z",300,0,300
"SGAS","LATI","2025-09-16T02:11:00Z","2025-09-16T17:40:00Z",320,0,320
"SABE","OSDI","2025-09-16T00:12:00Z","2025-09-16T17:41:00Z",320,0,320
"SLLP","SEQM","2025-09-16T13:04:00Z","2025-09-16T17:41:00Z",360,0,360
"SPIM","LDZA","2025-09-16T01:37:00Z","2025-09-16T17:41:00Z",320,0,320
"EBCI","SPIM","2025-09-16T02:38:00Z","2025-09-16T17:42:00Z",320,0,320
"OMDB","OJAI","2025-09-16T13:06:00Z","2025-09-16T17:42:00Z",300,0,300
"SPIM","SLLP","2025-09-16T14:22:00Z","2025-09-16T17:42:00Z",320,0,320
"SVMI","EKCH","2025-09-16T05:13:00Z","2025-09-16T17:42:00Z",320,0,320
"LDZA","VIDP","2025-09-16T08:39:00Z","2025-09-16T17:43:00Z",300,0,300
"SBBR","EBCI","2025-09-16T04:41:00Z","2025-09-16T17:43:00Z",320,0,320
"SLLP","OERK","2025-09-15T23:13:00Z","2025-09-16T17:43:00Z",360,0,360
"SPIM","UBBB","2025-09-15T22:08:00Z","2025-09-16T17:43:00Z",340,0,340
"LOWW","UMMS","2025-09-16T14:28:00Z","2025-09-16T17:44:00Z",340,0,340
"EDDI","UBBB","2025-09-16T12:51:00Z","2025-09-16T17:45:00Z",360,0,360
"VIDP","LKPR","2025-09-16T08:30:00Z","2025-09-16T17:45:00Z",300,0,300
"LOWW","OOMS","2025-09-16T10:57:00Z","2025-09-16T17:46:00Z",340,0,340
"UMMS","SKBO","2025-09-16T02:38:00Z","2025-09-16T17:46:00Z",320,0,320
"LBSF","OJAI","2025-09-16T13:45:00Z","2025-09-16T17:47:00Z",300,0,300
"UBBB","OYSN","2025-09-16T12:13:00Z","2025-09-16T17:47:00Z",340,0,340
"EDDI","LKPR","2025-09-16T15:32:00Z","2025-09-16T17:49:00Z",340,0,340
"OJAI","SEQM","2025-09-16T00:30:00Z","2025-09-16T17:49:00Z",320,0,320
"VIDP","OAKB","2025-09-16T14:33:00Z","2025-09-16T17:49:00Z",300,0,300
"LBSF","OMDB","2025-09-16T11:27:00Z","2025-09-16T17:50:00Z",360,0,360
"LBSF","VIDP","2025-09-16T09:28:00Z","2025-09-16T17:50:00Z",300,0,300
"OPKC","SEQM","2025-09-15T20:28:00Z","2025-09-16T17:50:00Z",300,0,300
"SKBO","SGAS","2025-09-16T11:10:00Z","2025-09-16T17:50:00Z",360,0,360
"EBCI","SCEL","2025-09-16T01:05:00Z","2025-09-16T17:51:00Z",300,0,300
"SGAS","SABE","2025-09-16T14:37:00Z","2025-09-16T17:52:00Z",340,0,340
"OMDB","OPKC","2025-09-16T14:21:00Z","2025-09-16T17:53:00Z",360,0,360
"SEQM","OYSN","2025-09-15T23:00:00Z","2025-09-16T17:53:00Z",340,0,340
"SVMI","UBBB","2025-09-16T01:32:00Z","2025-09-16T17:53:00Z",300,0,300
"SLLP","UBBB","2025-09-15T22:54:00Z","2025-09-16T17:54:00Z",300,0,300
"VIDP","SLLP","2025-09-15T19:33:00Z","2025-09-16T17:54:00Z",320,0,320
"EKCH","SGAS","2025-09-16T02:03:00Z","2025-09-16T17:55:00Z",360,0,360
"LBSF","SGAS","2025-09-16T02:00:00Z","2025-09-16T17:55:00Z",320,0,320
"LOWW","LKPR","2025-09-16T15:35:00Z","2025-09-16T17:55:00Z",340,0,340
"UMMS","EHAM","2025-09-16T13:53:00Z","2025-09-16T17:55:00Z",320,0,320
"EBCI","OERK","2025-09-16T10:07:00Z","2025-09-16T17:56:00Z",360,0,360
"EHAM","UMMS","2025-09-16T13:56:00Z","2025-09-16T17:58:00Z",300,0,300
"EKCH","LATI","2025-09-16T13:55:00Z","2025-09-16T17:58:00Z",360,0,360
"SKBO","SBBR","2025-09-16T11:23:00Z","2025-09-16T17:58:00Z",320,0,320
"UBBB","LOWW","2025-09-16T12:24:00Z","2025-09-16T17:58:00Z",340,0,340
"EDDI","OOMS","2025-09-16T09:43:00Z","2025-09-16T17:59:00Z",340,0,340
"SLLP","OPKC","2025-09-15T20:48:00Z","2025-09-16T17:59:00Z",300,0,300
"EKCH","OSDI","2025-09-16T13:08:00Z","2025-09-16T18:00:00Z",320,0,320
"OJAI","OERK","2025-09-16T15:20:00Z","2025-09-16T18:00:00Z",320,0,320
"OPKC","OJAI","2025-09-16T12:56:00Z","2025-09-16T18:00:00Z",340,0,340
"OAKB","SCEL","2025-09-15T20:36:00Z","2025-09-16T18:01:00Z",340,0,340
"OOMS","SVMI","2025-09-16T00:47:00Z","2025-09-16T18:01:00Z",340,0,340
"SEQM","OOMS","2025-09-15T22:38:00Z","2025-09-16T18:01:00Z",300,0,300
"UMMS","VIDP","2025-09-16T10:55:00Z","2025-09-16T18:01:00Z",360,0,360
"EBCI","OYSN","2025-09-16T10:24:00Z","2025-09-16T18:03:00Z",360,0,360
"EDDI","OJAI","2025-09-16T13:21:00Z","2025-09-16T18:03:00Z",340,0,340
"LATI","OERK","2025-09-16T13:07:00Z","2025-09-16T18:03:00Z",360,0,360
"SPIM","SCEL","2025-09-16T13:59:00Z","2025-09-16T18:03:00Z",340,0,340
"OERK","SABE","2025-09-16T01:05:00Z","2025-09-16T18:04:00Z",300,0,300
"UMMS","OAKB","2025-09-16T12:14:00Z","2025-09-16T18:04:00Z",360,0,360
"VIDP","SKBO","2025-09-15T21:50:00Z","2025-09-16T18:04:00Z",320,0,320
"OSDI","EDDI","2025-09-16T13:35:00Z","2025-09-16T18:06:00Z",300,0,300
"SBBR","OERK","2025-09-16T03:19:00Z","2025-09-16T18:07:00Z",320,0,320
"OERK","EKCH","2025-09-16T11:34:00Z","2025-09-16T18:08:00Z",360,0,360
"OJAI","SVMI","2025-09-16T03:58:00Z","2025-09-16T18:08:00Z",340,0,340
"OSDI","SPIM","2025-09-16T00:57:00Z","2025-09-16T18:08:00Z",340,0,340
"OOMS","SEQM","2025-09-15T22:46:00Z","2025-09-16T18:09:00Z",340,0,340
"SABE","OERK","2025-09-16T01:10:00Z","2025-09-16T18:09:00Z",320,0,320
"SCEL","UMMS","2025-09-16T00:19:00Z","2025-09-16T18:09:00Z",360,0,360
"SLLP","SUAA","2025-09-16T14:13:00Z","2025-09-16T18:09:00Z",360,0,360
"LBSF","EBCI","2025-09-16T14:01:00Z","2025-09-16T18:10:00Z",340,0,340
"SVMI","LATI","2025-09-16T05:01:00Z","2025-09-16T18:10:00Z",360,0,360
"OSDI","OERK","2025-09-16T15:26:00Z","2025-09-16T18:11:00Z",320,0,320
"SGAS","LOWW","2025-09-16T03:30:00Z","2025-09-16T18:11:00Z",360,0,360
"EBCI","UBBB","2025-09-16T12:32:00Z","2025-09-16T18:12:00Z",340,0,340
"LKPR","LOWW","2025-09-16T16:52:00Z","2025-09-16T18:12:00Z",340,0,340
"SUAA","LBSF","2025-09-16T02:32:00Z","2025-09-16T18:12:00Z",340,0,340
"SPIM","SUAA","2025-09-16T12:09:00Z","2025-09-16T18:13:00Z",300,0,300
"SLLP","SPIM","2025-09-16T15:54:00Z","2025-09-16T18:14:00Z",300,0,300
"SEQM","UMMS","2025-09-16T03:21:00Z","2025-09-16T18:16:00Z",320,0,320
"EDDI","OYSN","2025-09-16T10:06:00Z","2025-09-16T18:19:00Z",340,0,340
"SCEL","SBBR","2025-09-16T13:28:00Z","2025-09-16T18:19:00Z",320,0,320
"OERK","SBBR","2025-09-16T03:32:00Z","2025-09-16T18:20:00Z",320,0,320
"OJAI","VIDP","2025-09-16T11:14:00Z","2025-09-16T18:20:00Z",360,0,360
"LOWW","LBSF","2025-09-16T15:16:00Z","2025-09-16T18:21:00Z",360,0,360
"OAKB","OERK","2025-09-16T13:14:00Z","2025-09-16T18:21:00Z",300,0,300
"LBSF","EKCH","2025-09-16T14:18:00Z","2025-09-16T18:22:00Z",360,0,360
"OERK","SUAA","2025-09-16T01:37:00Z","2025-09-16T18:22:00Z",320,0,320
"SABE","UBBB","2025-09-15T23:04:00Z","2025-09-16T18:22:00Z",320,0,320
"SCEL","SLLP","2025-09-16T14:00:00Z","2025-09-16T18:23:00Z",300,0,300
"LKPR","VIDP","2025-09-16T09:09:00Z","2025-09-16T18:24:00Z",320,0,320
"OMDB","VIDP","2025-09-16T14:38:00Z","2025-09-16T18:24:00Z",360,0,360
"OYSN","EBCI","2025-09-16T10:45:00Z","2025-09-16T18:24:00Z",300,0,300
"LDZA","OMDB","2025-09-16T11:13:00Z","2025-09-16T18:25:00Z",300,0,300
"OOMS","SUAA","2025-09-15T23:24:00Z","2025-09-16T18:27:00Z",340,0,340
"LOWW","EDDI","2025-09-16T16:51:00Z","2025-09-16T18:28:00Z",320,0,320
"OMDB","EBCI","2025-09-16T10:59:00Z","2025-09-16T18:28:00Z",320,0,320
"OSDI","SVMI","2025-09-16T03:16:00Z","2025-09-16T18:28:00Z",340,0,340
"SCEL","LDZA","2025-09-16T01:04:00Z","2025-09-16T18:28:00Z",320,0,320
"SCEL","LKPR","2025-09-16T01:55:00Z","2025-09-16T18:28:00Z",360,0,360
"SGAS","UBBB","2025-09-16T00:56:00Z","2025-09-16T18:29:00Z",320,0,320
"SKBO","EBCI","2025-09-16T05:24:00Z","2025-09-16T18:29:00Z",340,0,340
"EDDI","OOMS","2025-09-16T10:14:00Z","2025-09-16T18:30:00Z",320,0,320
"SUAA","OPKC","2025-09-15T22:21:00Z","2025-09-16T18:30:00Z",300,0,300
"UBBB","OPKC","2025-09-16T13:30:00Z","2025-09-16T18:30:00Z",320,0,320
"EBCI","LKPR","2025-09-16T16:38:00Z","2025-09-16T18:31:00Z",320,0,320
"LOWW","SVMI","2025-09-16T06:43:00Z","2025-09-16T18:31:00Z",340,0,340
"OOMS","SBBR","2025-09-16T01:14:00Z","2025-09-16T18:31:00Z",340,0,340
"EDDI","SBBR","2025-09-16T05:42:00Z","2025-09-16T18:32:00Z",340,0,340
"OERK","OJAI","2025-09-16T15:52:00Z","2025-09-16T18:32:00Z",320,0,320
"OMDB","OERK","2025-09-16T15:23:00Z","2025-09-16T18:32:00Z",300,0,300
"SABE","LDZA","2025-09-16T02:03:00Z","2025-09-16T18:32:00Z",300,0,300
"SABE","SPIM","2025-09-16T13:38:00Z","2025-09-16T18:32:00Z",360,0,360
"SEQM","SUAA","2025-09-16T11:01:00Z","2025-09-16T18:34:00Z",300,0,300
"SBBR","OMDB","2025-09-16T02:38:00Z","2025-09-16T18:35:00Z",360,0,360
"OMDB","OSDI","2025-09-16T14:02:00Z","2025-09-16T18:36:00Z",360,0,360
"EBCI","SABE","2025-09-16T02:36:00Z","2025-09-16T18:37:00Z",340,0,340
"OAKB","SLLP","2025-09-15T21:23:00Z","2025-09-16T18:37:00Z",360,0,360
"EDDI","OSDI","2025-09-16T13:07:00Z","2025-09-16T18:38:00Z",360,0,360
"SGAS","LKPR","2025-09-16T03:01:00Z","2025-09-16T18:41:00Z",340,0,340
"LDZA","EBCI","2025-09-16T15:23:00Z","2025-09-16T18:42:00Z",300,0,300
"OAKB","VIDP","2025-09-16T15:26:00Z","2025-09-16T18:42:00Z",340,0,340
"OYSN","SLLP","2025-09-16T00:39:00Z","2025-09-16T18:42:00Z",300,0,300
"SBBR","EHAM","2025-09-16T05:29:00Z","2025-09-16T18:42:00Z",360,0,360
"SUAA","VIDP","2025-09-15T21:10:00Z","2025-09-16T18:42:00Z",360,0,360
"LOWW","UBBB","2025-09-16T13:09:00Z","2025-09-16T18:43:00Z",340,0,340
"SABE","EKCH","2025-09-16T02:44:00Z","2025-09-16T18:43:00Z",320,0,320
"EKCH","OAKB","2025-09-16T10:34:00Z","2025-09-16T18:44:00Z",300,0,300
"EDDI","SEQM","2025-09-16T04:05:00Z","2025-09-16T18:45:00Z",320,0,320
"LOWW","SCEL","2025-09-16T01:10:00Z","2025-09-16T18:45:00Z",320,0,320
"OYSN","LDZA","2025-09-16T11:26:00Z","2025-09-16T18:46:00Z",320,0,320
"UBBB","LATI","2025-09-16T13:29:00Z","2025-09-16T18:46:00Z",360,0,360
"EHAM","SUAA","2025-09-16T02:43:00Z","2025-09-16T18:48:00Z",360,0,360
"SBBR","LATI","2025-09-16T05:14:00Z","2025-09-16T18:48:00Z",300,0,300
"SVMI","SUAA","2025-09-16T10:31:00Z","2025-09-16T18:48:00Z",300,0,300
"OPKC","OMDB","2025-09-16T15:17:00Z","2025-09-16T18:49:00Z",340,0,340
"SBBR","LDZA","2025-09-16T05:15:00Z","2025-09-16T18:49:00Z",300,0,300
"SUAA","SKBO","2025-09-16T11:00:00Z","2025-09-16T18:49:00Z",340,0,340
"UMMS","SEQM","2025-09-16T03:54:00Z","2025-09-16T18:49:00Z",300,0,300
"LDZA","UBBB","2025-09-16T13:18:00Z","2025-09-16T18:50:00Z",320,0,320
"UMMS","SPIM","2025-09-16T01:39:00Z","2025-09-16T18:50:00Z",300,0,300
"OYSN","OAKB","2025-09-16T12:44:00Z","2025-09-16T18:51:00Z",300,0,300
"SKBO","SCEL","2025-09-16T11:39:00Z","2025-09-16T18:51:00Z",320,0,320
"SEQM","SGAS","2025-09-16T12:22:00Z","2025-09-16T18:52:00Z",300,0,300
"LDZA","LOWW","2025-09-16T16:29:00Z","2025-09-16T18:54:00Z",300,0,300
"SCEL","SKBO","2025-09-16T11:43:00Z","2025-09-16T18:55:00Z",340,0,340
"SVMI","SBBR","2025-09-16T12:34:00Z","2025-09-16T18:56:00Z",300,0,300
"OERK","SEQM","2025-09-16T00:04:00Z","2025-09-16T18:57:00Z",360,0,360
"SUAA","EHAM","2025-09-16T02:52:00Z","2025-09-16T18:57:00Z",320,0,320
"LDZA","OJAI","2025-09-16T14:07:00Z","2025-09-16T18:58:00Z",300,0,300
"OERK","LATI","2025-09-16T13:02:00Z","2025-09-16T18:58:00Z",300,0,300
"OYSN","SKBO","2025-09-16T00:47:00Z","2025-09-16T18:58:00Z",300,0,300
"SKBO","UMMS","2025-09-16T03:51:00Z","2025-09-16T18:59:00Z",300,0,300
"EDDI","SABE","2025-09-16T03:11:00Z","2025-09-16T19:00:00Z",320,0,320
"EDDI","SKBO","2025-09-16T06:07:00Z","2025-09-16T19:00:00Z",300,0,300
"OERK","UMMS","2025-09-16T13:32:00Z","2025-09-16T19:00:00Z",320,0,320
"SKBO","OPKC","2025-09-15T23:25:00Z","2025-09-16T19:00:00Z",300,0,300
"EKCH","LDZA","2025-09-16T16:35:00Z","2025-09-16T19:01:00Z",360,0,360
"LKPR","SLLP","2025-09-16T04:26:00Z","2025-09-16T19:01:00Z",320,0,320
"SEQM","VIDP","2025-09-15T21:00:00Z","2025-09-16T19:01:00Z",340,0,340
"SLLP","OYSN","2025-09-16T01:58:00Z","2025-09-16T19:01:00Z",300,0,300
"EBCI","OSDI","2025-09-16T13:59:00Z","2025-09-16T19:02:00Z",360,0,360
"EKCH","SPIM","2025-09-16T04:09:00Z","2025-09-16T19:02:00Z",360,0,360
"SABE","EDDI","2025-09-16T03:13:00Z","2025-09-16T19:02:00Z",300,0,300
"UBBB","SVMI","2025-09-16T03:41:00Z","2025-09-16T19:02:00Z",360,0,360
"OAKB","UBBB","2025-09-16T15:48:00Z","2025-09-16T19:04:00Z",300,0,300
"SCEL","EHAM","2025-09-16T03:10:00Z","2025-09-16T19:05:00Z",320,0,320
"SGAS","SEQM","2025-09-16T13:35:00Z","2025-09-16T19:05:00Z",300,0,300
"EDDI","SGAS","2025-09-16T04:22:00Z","2025-09-16T19:06:00Z",320,0,320
"LKPR","UMMS","2025-09-16T16:52:00Z","2025-09-16T19:09:00Z",300,0,300
"OJAI","EKCH","2025-09-16T13:07:00Z","2025-09-16T19:10:00Z",360,0,360
"VIDP","OJAI","2025-09-16T12:04:00Z","2025-09-16T19:10:00Z",300,0,300
"OPKC","SUAA","2025-09-15T23:03:00Z","2025-09-16T19:12:00Z",360,0,360
"SEQM","SPIM","2025-09-16T16:32:00Z","2025-09-16T19:13:00Z",320,0,320
"OERK","EBCI","2025-09-16T12:25:00Z","2025-09-16T19:14:00Z",320,0,320
"SABE","SBBR","2025-09-16T15:15:00Z","2025-09-16T19:14:00Z",320,0,320
"OSDI","SLLP","2025-09-16T02:50:00Z","2025-09-16T19:15:00Z",300,0,300
"EKCH","EBCI","2025-09-16T17:19:00Z","2025-09-16T19:17:00Z",300,0,300
"LDZA","UMMS","2025-09-16T16:44:00Z","2025-09-16T19:17:00Z",340,0,340
"SGAS","OYSN","2025-09-16T03:27:00Z","2025-09-16T19:17:00Z",360,0,360
"EKCH","SABE","2025-09-16T03:19:00Z","2025-09-16T19:18:00Z",320,0,320
"SBBR","EKCH","2025-09-16T05:19:00Z","2025-09-16T19:19:00Z",360,0,360
"SKBO","EHAM","2025-09-16T06:12:00Z","2025-09-16T19:19:00Z",320,0,320
"LBSF","OOMS","2025-09-16T13:29:00Z","2025-09-16T19:20:00Z",320,0,320
"SKBO","UBBB","2025-09-16T02:36:00Z","2025-09-16T19:20:00Z",360,0,360
"SVMI","SLLP","2025-09-16T14:42:00Z","2025-09-16T19:20:00Z",340,0,340
"SVMI","SPIM","2025-09-16T14:55:00Z","2025-09-16T19:21:00Z",340,0,340
"SEQM","SBBR","2025-09-16T13:36:00Z","2025-09-16T19:22:00Z",320,0,320
"SGAS","EBCI","2025-09-16T05:28:00Z","2025-09-16T19:23:00Z",360,0,360
"SCEL","OPKC","2025-09-15T22:37:00Z","2025-09-16T19:24:00Z",300,0,300
"SGAS","LATI","2025-09-16T04:55:00Z","2025-09-16T19:24:00Z",340,0,340
"SGAS","LOWW","2025-09-16T04:43:00Z","2025-09-16T19:24:00Z",300,0,300
"OJAI","SPIM","2025-09-16T01:21:00Z","2025-09-16T19:25:00Z",360,0,360
"OPKC","SGAS","2025-09-15T23:19:00Z","2025-09-16T19:25:00Z",340,0,340
"SLLP","LBSF","2025-09-16T03:15:00Z","2025-09-16T19:25:00Z",320,0,320
"UMMS","OYSN","2025-09-16T12:49:00Z","2025-09-16T19:25:00Z",300,0,300
"LKPR","OYSN","2025-09-16T12:29:00Z","2025-09-16T19:26:00Z",360,0,360
"EBCI","SUAA","2025-09-16T04:34:00Z","2025-09-16T19:27:00Z",360,0,360
"EHAM","OMDB","2025-09-16T11:54:00Z","2025-09-16T19:27:00Z",340,0,340
"EKCH","EDDI","2025-09-16T17:02:00Z","2025-09-16T19:27:00Z",300,0,300
"OJAI","EHAM","2025-09-16T13:08:00Z","2025-09-16T19:27:00Z",340,0,340
"LDZA","OERK","2025-09-16T13:59:00Z","2025-09-16T19:28:00Z",360,0,360
"LKPR","LATI","2025-09-16T16:08:00Z","2025-09-16T19:29:00Z",320,0,320
"OJAI","OYSN","2025-09-16T15:58:00Z","2025-09-16T19:29:00Z",320,0,320
"OMDB","EKCH","2025-09-16T11:25:00Z","2025-09-16T19:29:00Z",320,0,320
"EKCH","OPKC","2025-09-16T10:25:00Z","2025-09-16T19:30:00Z",300,0,300
"OSDI","LBSF","2025-09-16T16:36:00Z","2025-09-16T19:30:00Z",320,0,320
"OAKB","SABE","2025-09-15T22:25:00Z","2025-09-16T19:31:00Z",320,0,320
"SEQM","SABE","2025-09-16T12:06:00Z","2025-09-16T19:31:00Z",360,0,360
"EBCI","LATI","2025-09-16T16:39:00Z","2025-09-16T19:34:00Z",360,0,360
"LATI","OSDI","2025-09-16T15:23:00Z","2025-09-16T19:34:00Z",360,0,360
"UMMS","EBCI","2025-09-16T15:27:00Z","2025-09-16T19:34:00Z",320,0,320
"OERK","VIDP","2025-09-16T14:40:00Z","2025-09-16T19:35:00Z",320,0,320
"LKPR","EHAM","2025-09-16T17:41:00Z","2025-09-16T19:36:00Z",300,0,300
"OPKC","OJAI","2025-09-16T13:32:00Z","2025-09-16T19:36:00Z",320,0,320
"SEQM","OJAI","2025-09-16T02:17:00Z","2025-09-16T19:36:00Z",360,0,360
"LBSF","SCEL","2025-09-16T02:46:00Z","2025-09-16T19:37:00Z",360,0,360
"LBSF","SKBO","2025-09-16T05:41:00Z","2025-09-16T19:37:00Z",340,0,340
"SKBO","EKCH","2025-09-16T06:49:00Z","2025-09-16T19:37:00Z",340,0,340
"OMDB","EDDI","2025-09-16T12:49:00Z","2025-09-16T19:38:00Z",340,0,340
"OAKB","SGAS","2025-09-15T23:06:00Z","2025-09-16T19:39:00Z",360,0,360
"OYSN","OPKC","2025-09-16T14:23:00Z","2025-09-16T19:39:00Z",340,0,340
"SVMI","OYSN","2025-09-16T03:47:00Z","2025-09-16T19:39:00Z",360,0,360
"SVMI","VIDP","2025-09-16T00:47:00Z","2025-09-16T19:39:00Z",320,0,320
"SABE","SKBO","2025-09-16T12:57:00Z","2025-09-16T19:40:00Z",340,0,340
"EKCH","OERK","2025-09-16T12:07:00Z","2025-09-16T19:41:00Z",300,0,300
"SEQM","SVMI","2025-09-16T15:31:00Z","2025-09-16T19:41:00Z",360,0,360
"SUAA","OMDB","2025-09-16T01:52:00Z","2025-09-16T19:42:00Z",360,0,360
"SGAS","SKBO","2025-09-16T13:03:00Z","2025-09-16T19:43:00Z",320,0,320
"LATI","OPKC","2025-09-16T11:41:00Z","2025-09-16T19:44:00Z",320,0,320
"EBCI","VIDP","2025-09-16T09:36:00Z","2025-09-16T19:45:00Z",300,0,300
"SUAA","SEQM","2025-09-16T12:12:00Z","2025-09-16T19:45:00Z",300,0,300
"EKCH","UBBB","2025-09-16T13:41:00Z","2025-09-16T19:46:00Z",320,0,320
"OSDI","OPKC","2025-09-16T14:47:00Z","2025-09-16T19:46:00Z",360,0,360
"LKPR","SBBR","2025-09-16T06:01:00Z","2025-09-16T19:47:00Z",340,0,340
"LOWW","OPKC","2025-09-16T11:16:00Z","2025-09-16T19:47:00Z",320,0,320
"SGAS","EDDI","2025-09-16T04:03:00Z","2025-09-16T19:47:00Z",300,0,300
"SKBO","OERK","2025-09-16T01:40:00Z","2025-09-16T19:47:00Z",320,0,320
"EBCI","EHAM","2025-09-16T17:32:00Z","2025-09-16T19:48:00Z",340,0,340
"LOWW","OSDI","2025-09-16T15:50:00Z","2025-09-16T19:48:00Z",340,0,340
"SGAS","EKCH","2025-09-16T04:56:00Z","2025-09-16T19:48:00Z",340,0,340
"SPIM","OYSN","2025-09-16T00:38:00Z","2025-09-16T19:48:00Z",360,0,360
"OAKB","SUAA","2025-09-15T23:56:00Z","2025-09-16T19:49:00Z",340,0,340
"OOMS","EDDI","2025-09-16T11:33:00Z","2025-09-16T19:49:00Z",340,0,340
"OPKC","LDZA","2025-09-16T11:23:00Z","2025-09-16T19:49:00Z",320,0,320
"SABE","VIDP","2025-09-15T22:05:00Z","2025-09-16T19:50:00Z",320,0,320
"LOWW","EKCH","2025-09-16T16:49:00Z","2025-09-16T19:51:00Z",300,0,300
"EHAM","LOWW","2025-09-16T16:40:00Z","2025-09-16T19:52:00Z",340,0,340
"UMMS","OERK","2025-09-16T13:24:00Z","2025-09-16T19:52:00Z",300,0,300
"EDDI","OPKC","2025-09-16T11:59:00Z","2025-09-16T19:53:00Z",340,0,340
"OOMS","SABE","2025-09-16T00:36:00Z","2025-09-16T19:53:00Z",360,0,360
"SGAS","OJAI","2025-09-16T03:19:00Z","2025-09-16T19:53:00Z",300,0,300
"SGAS","SVMI","2025-09-16T12:51:00Z","2025-09-16T19:53:00Z",360,0,360
"SPIM","EKCH","2025-09-16T04:00:00Z","2025-09-16T19:53:00Z",340,0,340
"EDDI","LOWW","2025-09-16T17:17:00Z","2025-09-16T19:54:00Z",360,0,360
"SLLP","VIDP","2025-09-15T21:33:00Z","2025-09-16T19:54:00Z",300,0,300
"SKBO","SBBR","2025-09-16T13:21:00Z","2025-09-16T19:56:00Z",300,0,300
"UBBB","OOMS","2025-09-16T15:23:00Z","2025-09-16T19:56:00Z",340,0,340
"SLLP","SBBR","2025-09-16T15:07:00Z","2025-09-16T19:57:00Z",300,0,300
"UBBB","EKCH","2025-09-16T13:52:00Z","2025-09-16T19:57:00Z",360,0,360
"LDZA","OAKB","2025-09-16T12:11:00Z","2025-09-16T19:59:00Z",360,0,360
"OMDB","LKPR","2025-09-16T13:23:00Z","2025-09-16T20:00:00Z",340,0,340
"VIDP","SUAA","2025-09-15T23:28:00Z","2025-09-16T20:00:00Z",340,0,340
"SCEL","OSDI","2025-09-16T02:20:00Z","2025-09-16T20:02:00Z",320,0,320
"SPIM","EBCI","2025-09-16T05:58:00Z","2025-09-16T20:02:00Z",360,0,360
"UMMS","LDZA","2025-09-16T17:29:00Z","2025-09-16T20:02:00Z",320,0,320
"LKPR","OOMS","2025-09-16T12:58:00Z","2025-09-16T20:03:00Z",340,0,340
"OAKB","EBCI","2025-09-16T12:11:00Z","2025-09-16T20:03:00Z",320,0,320
"EKCH","OJAI","2025-09-16T14:01:00Z","2025-09-16T20:04:00Z",340,0,340
"EKCH","SKBO","2025-09-16T07:16:00Z","2025-09-16T20:04:00Z",320,0,320
"OERK","SCEL","2025-09-16T01:45:00Z","2025-09-16T20:04:00Z",300,0,300
"SEQM","LBSF","2025-09-16T05:22:00Z","2025-09-16T20:05:00Z",320,0,320
"SBBR","EDDI","2025-09-16T07:16:00Z","2025-09-16T20:06:00Z",360,0,360
"UBBB","EBCI","2025-09-16T14:26:00Z","2025-09-16T20:06:00Z",360,0,360
"LOWW","SABE","2025-09-16T04:24:00Z","2025-09-16T20:07:00Z",300,0,300
"OMDB","SLLP","2025-09-16T01:28:00Z","2025-09-16T20:07:00Z",300,0,300
"SABE","OOMS","2025-09-16T01:50:00Z","2025-09-16T20:07:00Z",300,0,300
"EHAM","LATI","2025-09-16T16:02:00Z","2025-09-16T20:08:00Z",320,0,320
"LKPR","SKBO","2025-09-16T07:09:00Z","2025-09-16T20:08:00Z",360,0,360
"OAKB","LOWW","2025-09-16T13:20:00Z","2025-09-16T20:08:00Z",340,0,340
"OAKB","OERK","2025-09-16T15:01:00Z","2025-09-16T20:08:00Z",360,0,360
"OERK","LDZA","2025-09-16T14:39:00Z","2025-09-16T20:08:00Z",360,0,360
"OJAI","OPKC","2025-09-16T14:04:00Z","2025-09-16T20:08:00Z",300,0,300
"LOWW","OERK","2025-09-16T14:26:00Z","2025-09-16T20:09:00Z",340,0,340
"SEQM","SLLP","2025-09-16T16:32:00Z","2025-09-16T20:09:00Z",320,0,320
"OPKC","LKPR","2025-09-16T12:25:00Z","2025-09-16T20:10:00Z",340,0,340
"OYSN","EDDI","2025-09-16T12:57:00Z","2025-09-16T20:10:00Z",300,0,300
"OYSN","OSDI","2025-09-16T16:29:00Z","2025-09-16T20:11:00Z",340,0,340
"UBBB","UMMS","2025-09-16T16:25:00Z","2025-09-16T20:11:00Z",340,0,340
"EKCH","OOMS","2025-09-16T12:41:00Z","2025-09-16T20:12:00Z",340,0,340
"LDZA","SBBR","2025-09-16T07:38:00Z","2025-09-16T20:12:00Z",340,0,340
"LATI","SPIM","2025-09-16T04:54:00Z","2025-09-16T20:13:00Z",340,0,340
"OYSN","VIDP","2025-09-16T14:35:00Z","2025-09-16T20:13:00Z",340,0,340
"VIDP","LBSF","2025-09-16T12:52:00Z","2025-09-16T20:14:00Z",300,0,300
"LBSF","OSDI","2025-09-16T17:21:00Z","2025-09-16T20:15:00Z",320,0,320
"OMDB","SCEL","2025-09-16T00:49:00Z","2025-09-16T20:15:00Z",300,0,300
"SCEL","LKPR","2025-09-16T03:42:00Z","2025-09-16T20:15:00Z",340,0,340
"LBSF","SEQM","2025-09-16T05:33:00Z","2025-09-16T20:16:00Z",360,0,360
"OYSN","EHAM","2025-09-16T12:27:00Z","2025-09-16T20:16:00Z",320,0,320
"SCEL","SLLP","2025-09-16T16:53:00Z","2025-09-16T20:16:00Z",360,0,360
"VIDP","OOMS","2025-09-16T16:47:00Z","2025-09-16T20:16:00Z",320,0,320
"OPKC","EKCH","2025-09-16T11:12:00Z","2025-09-16T20:17:00Z",320,0,320
"EDDI","EBCI","2025-09-16T18:28:00Z","2025-09-16T20:18:00Z",320,0,320
"SKBO","OSDI","2025-09-16T04:42:00Z","2025-09-16T20:18:00Z",360,0,360
"UMMS","LOWW","2025-09-16T17:03:00Z","2025-09-16T20:19:00Z",320,0,320
"LDZA","EHAM","2025-09-16T17:52:00Z","2025-09-16T20:20:00Z",340,0,340
"OAKB","SPIM","2025-09-15T23:28:00Z","2025-09-16T20:20:00Z",340,0,340
"OMDB","SVMI","2025-09-16T03:35:00Z","2025-09-16T20:21:00Z",320,0,320
"OYSN","SUAA","2025-09-16T04:28:00Z","2025-09-16T20:21:00Z",360,0,360
"EDDI","OERK","2025-09-16T13:07:00Z","2025-09-16T20:22:00Z",320,0,320
"LATI","SKBO","2025-09-16T06:50:00Z","2025-09-16T20:22:00Z",300,0,300
"OMDB","EHAM","2025-09-16T12:49:00Z","2025-09-16T20:22:00Z",360,0,360
"OSDI","OMDB","2025-09-16T16:48:00Z","2025-09-16T20:22:00Z",340,0,340
"SCEL","SABE","2025-09-16T17:58:00Z","2025-09-16T20:22:00Z",360,0,360
"SPIM","LATI","2025-09-16T04:03:00Z","2025-09-16T20:22:00Z",300,0,300
"SPIM","OJAI","2025-09-16T02:18:00Z","2025-09-16T20:22:00Z",360,0,360
"SBBR","SABE","2025-09-16T16:24:00Z","2025-09-16T20:23:00Z",320,0,320
"LOWW","OYSN","2025-09-16T13:46:00Z","2025-09-16T20:24:00Z",300,0,300
"SUAA","OAKB","2025-09-16T00:32:00Z","2025-09-16T20:25:00Z",320,0,320
"EKCH","SLLP","2025-09-16T05:48:00Z","2025-09-16T20:26:00Z",320,0,320
"LKPR","UBBB","2025-09-16T15:40:00Z","2025-09-16T20:26:00Z",320,0,320
"OERK","LOWW","2025-09-16T14:43:00Z","2025-09-16T20:26:00Z",340,0,340
"SVMI","OYSN","2025-09-16T04:34:00Z","2025-09-16T20:26:00Z",320,0,320
"LKPR","OMDB","2025-09-16T13:50:00Z","2025-09-16T20:27:00Z",300,0,300
"OAKB","EKCH","2025-09-16T12:17:00Z","2025-09-16T20:27:00Z",300,0,300
"OOMS","OPKC","2025-09-16T17:18:00Z","2025-09-16T20:27:00Z",340,0,340
"SKBO","SGAS","2025-09-16T14:47:00Z","2025-09-16T20:27:00Z",320,0,320
"VIDP","LDZA","2025-09-16T11:23:00Z","2025-09-16T20:27:00Z",360,0,360
"OERK","OSDI","2025-09-16T17:43:00Z","2025-09-16T20:28:00Z",360,0,360
"OOMS","OAKB","2025-09-16T16:26:00Z","2025-09-16T20:28:00Z",300,0,300
"LKPR","OPKC","2025-09-16T12:44:00Z","2025-09-16T20:29:00Z",360,0,360
"OERK","LBSF","2025-09-16T15:49:00Z","2025-09-16T20:29:00Z",360,0,360
"SGAS","OAKB","2025-09-16T00:56:00Z","2025-09-16T20:29:00Z",320,0,320
"SABE","LBSF","2025-09-16T04:40:00Z","2025-09-16T20:30:00Z",300,0,300
"OAKB","LBSF","2025-09-16T13:24:00Z","2025-09-16T20:31:00Z",360,0,360
"OAKB","OPKC","2025-09-16T17:06:00Z","2025-09-16T20:31:00Z",340,0,340
"EHAM","OSDI","2025-09-16T14:22:00Z","2025-09-16T20:32:00Z",340,0,340
"SABE","LKPR","2025-09-16T04:49:00Z","2025-09-16T20:32:00Z",360,0,360
"OPKC","LATI","2025-09-16T12:30:00Z","2025-09-16T20:33:00Z",360,0,360
"SVMI","OOMS","2025-09-16T02:19:00Z","2025-09-16T20:33:00Z",340,0,340
"SUAA","OERK","2025-09-16T03:49:00Z","2025-09-16T20:34:00Z",320,0,320
"EBCI","OPKC","2025-09-16T11:56:00Z","2025-09-16T20:35:00Z",340,0,340
"OSDI","VIDP","2025-09-16T14:38:00Z","2025-09-16T20:35:00Z",320,0,320
"SGAS","OOMS","2025-09-16T02:38:00Z","2025-09-16T20:35:00Z",300,0,300
"SLLP","LKPR","2025-09-16T05:00:00Z","2025-09-16T20:35:00Z",360,0,360
"OERK","OPKC","2025-09-16T16:56:00Z","2025-09-16T20:36:00Z",300,0,300
"SCEL","OOMS","2025-09-16T00:56:00Z","2025-09-16T20:36:00Z",320,0,320
"SEQM","UMMS","2025-09-16T05:41:00Z","2025-09-16T20:36:00Z",300,0,300
"UBBB","LDZA","2025-09-16T15:04:00Z","2025-09-16T20:36:00Z",340,0,340
"LDZA","SVMI","2025-09-16T08:49:00Z","2025-09-16T20:37:00Z",360,0,360
"UBBB","OAKB","2025-09-16T16:21:00Z","2025-09-16T20:37:00Z",320,0,320
"EHAM","OERK","2025-09-16T13:44:00Z","2025-09-16T20:39:00Z",320,0,320
"OOMS","VIDP","2025-09-16T16:10:00Z","2025-09-16T20:39:00Z",360,0,360
"EBCI","SPIM","2025-09-16T05:36:00Z","2025-09-16T20:40:00Z",340,0,340
"LBSF","SLLP","2025-09-16T04:30:00Z","2025-09-16T20:40:00Z",360,0,360
"OMDB","SKBO","2025-09-16T01:31:00Z","2025-09-16T20:40:00Z",300,0,300
"SABE","SGAS","2025-09-16T17:25:00Z","2025-09-16T20:40:00Z",300,0,300
"OJAI","SABE","2025-09-16T03:27:00Z","2025-09-16T20:41:00Z",300,0,300
"EKCH","OMDB","2025-09-16T12:38:00Z","2025-09-16T20:42:00Z",300,0,300
"EDDI","EKCH","2025-09-16T18:18:00Z","2025-09-16T20:43:00Z",340,0,340
"OERK","EHAM","2025-09-16T13:48:00Z","2025-09-16T20:43:00Z",300,0,300
"EDDI","OJAI","2025-09-16T15:02:00Z","2025-09-16T20:44:00Z",340,0,340
"OPKC","UBBB","2025-09-16T15:44:00Z","2025-09-16T20:44:00Z",300,0,300
"SKBO","LOWW","2025-09-16T06:34:00Z","2025-09-16T20:44:00Z",360,0,360
"EBCI","SBBR","2025-09-16T07:43:00Z","2025-09-16T20:45:00Z",340,0,340
"OSDI","SCEL","2025-09-16T02:06:00Z","2025-09-16T20:48:00Z",320,0,320
"LOWW","OSDI","2025-09-16T16:52:00Z","2025-09-16T20:50:00Z",320,0,320
"OAKB","SKBO","2025-09-16T01:52:00Z","2025-09-16T20:50:00Z",360,0,360
"SABE","SCEL","2025-09-16T17:26:00Z","2025-09-16T20:50:00Z",360,0,360
"OERK","UBBB","2025-09-16T16:34:00Z","2025-09-16T20:51:00Z",320,0,320
"LKPR","SABE","2025-09-16T04:09:00Z","2025-09-16T20:52:00Z",300,0,300
"OJAI","SBBR","2025-09-16T06:08:00Z","2025-09-16T20:52:00Z",340,0,340
"EBCI","EKCH","2025-09-16T18:55:00Z","2025-09-16T20:53:00Z",340,0,340
"SKBO","EDDI","2025-09-16T07:00:00Z","2025-09-16T20:53:00Z",360,0,360
"SPIM","OOMS","2025-09-15T23:54:00Z","2025-09-16T20:54:00Z",320,0,320
"SVMI","OSDI","2025-09-16T05:42:00Z","2025-09-16T20:54:00Z",340,0,340
"LOWW","EHAM","2025-09-16T17:43:00Z","2025-09-16T20:55:00Z",360,0,360
"OJAI","UBBB","2025-09-16T16:48:00Z","2025-09-16T20:55:00Z",360,0,360
"SBBR","SUAA","2025-09-16T16:02:00Z","2025-09-16T20:55:00Z",320,0,320
"LATI","SEQM","2025-09-16T05:37:00Z","2025-09-16T20:56:00Z",360,0,360
"LKPR","EBCI","2025-09-16T18:03:00Z","2025-09-16T20:56:00Z",360,0,360
"LOWW","LDZA","2025-09-16T18:31:00Z","2025-09-16T20:56:00Z",340,0,340
"SABE","SPIM","2025-09-16T15:02:00Z","2025-09-16T20:56:00Z",300,0,300
"OPKC","LBSF","2025-09-16T13:18:00Z","2025-09-16T20:57:00Z",340,0,340
"LATI","LOWW","2025-09-16T17:57:00Z","2025-09-16T20:58:00Z",360,0,360
"LBSF","EHAM","2025-09-16T16:42:00Z","2025-09-16T20:58:00Z",300,0,300
"LBSF","UMMS","2025-09-16T17:22:00Z","2025-09-16T20:58:00Z",340,0,340
"OMDB","LBSF","2025-09-16T14:36:00Z","2025-09-16T20:59:00Z",340,0,340
"LBSF","LDZA","2025-09-16T19:11:00Z","2025-09-16T21:00:00Z",360,0,360
"OAKB","LKPR","2025-09-16T14:01:00Z","2025-09-16T21:00:00Z",360,0,360
"OMDB","UBBB","2025-09-16T17:50:00Z","2025-09-16T21:00:00Z",340,0,340
"OSDI","EHAM","2025-09-16T15:50:00Z","2025-09-16T21:00:00Z",300,0,300
"SKBO","SABE","2025-09-16T14:17:00Z","2025-09-16T21:00:00Z",300,0,300
"LDZA","SEQM","2025-09-16T07:02:00Z","2025-09-16T21:01:00Z",320,0,320
"EHAM","SGAS","2025-09-16T06:57:00Z","2025-09-16T21:02:00Z",320,0,320
"LATI","EBCI","2025-09-16T18:07:00Z","2025-09-16T21:02:00Z",300,0,300
"SABE","OJAI","2025-09-16T04:48:00Z","2025-09-16T21:02:00Z",320,0,320
"SBBR","OYSN","2025-09-16T06:48:00Z","2025-09-16T21:03:00Z",300,0,300
"UMMS","SBBR","2025-09-16T06:01:00Z","2025-09-16T21:03:00Z",360,0,360
"SPIM","LDZA","2025-09-16T05:00:00Z","2025-09-16T21:04:00Z",360,0,360
"LBSF","SBBR","2025-09-16T07:05:00Z","2025-09-16T21:05:00Z",320,0,320
"EKCH","OYSN","2025-09-16T13:32:00Z","2025-09-16T21:06:00Z",340,0,340
"LDZA","OJAI","2025-09-16T17:15:00Z","2025-09-16T21:06:00Z",340,0,340
"LATI","OMDB","2025-09-16T15:23:00Z","2025-09-16T21:07:00Z",340,0,340
"LOWW","VIDP","2025-09-16T12:03:00Z","2025-09-16T21:07:00Z",340,0,340
"LOWW","UMMS","2025-09-16T18:52:00Z","2025-09-16T21:08:00Z",360,0,360
"OJAI","OMDB","2025-09-16T17:32:00Z","2025-09-16T21:08:00Z",340,0,340
"EBCI","OSDI","2025-09-16T15:06:00Z","2025-09-16T21:09:00Z",320,0,320
"OJAI","OSDI","2025-09-16T19:51:00Z","2025-09-16T21:09:00Z",300,0,300
"SKBO","SEQM","2025-09-16T19:22:00Z","2025-09-16T21:09:00Z",320,0,320
"LDZA","EKCH","2025-09-16T18:44:00Z","2025-09-16T21:10:00Z",320,0,320
"VIDP","SEQM","2025-09-15T23:09:00Z","2025-09-16T21:10:00Z",300,0,300
"EBCI","EDDI","2025-09-16T19:21:00Z","2025-09-16T21:11:00Z",360,0,360
"LKPR","OSDI","2025-09-16T16:54:00Z","2025-09-16T21:11:00Z",300,0,300
"OERK","SABE","2025-09-16T04:12:00Z","2025-09-16T21:11:00Z",300,0,300
"SGAS","EHAM","2025-09-16T06:06:00Z","2025-09-16T21:11:00Z",320,0,320
"EDDI","SCEL","2025-09-16T04:37:00Z","2025-09-16T21:12:00Z",360,0,360
"VIDP","EDDI","2025-09-16T12:51:00Z","2025-09-16T21:12:00Z",320,0,320
"EHAM","SKBO","2025-09-16T08:06:00Z","2025-09-16T21:13:00Z",320,0,320
"OAKB","OJAI","2025-09-16T15:13:00Z","2025-09-16T21:13:00Z",360,0,360
"UMMS","EDDI","2025-09-16T18:57:00Z","2025-09-16T21:13:00Z",320,0,320
"UMMS","EKCH","2025-09-16T18:53:00Z","2025-09-16T21:13:00Z",300,0,300
"SBBR","SGAS","2025-09-16T18:19:00Z","2025-09-16T21:14:00Z",320,0,320
"EKCH","SABE","2025-09-16T05:16:00Z","2025-09-16T21:15:00Z",300,0,300
"LATI","EKCH","2025-09-16T17:12:00Z","2025-09-16T21:15:00Z",300,0,300
"SUAA","EBCI","2025-09-16T06:22:00Z","2025-09-16T21:15:00Z",320,0,320
"OYSN","LBSF","2025-09-16T15:45:00Z","2025-09-16T21:17:00Z",340,0,340
"SGAS","SLLP","2025-09-16T18:23:00Z","2025-09-16T21:17:00Z",320,0,320
"UBBB","LATI","2025-09-16T16:00:00Z","2025-09-16T21:17:00Z",360,0,360
"EDDI","VIDP","2025-09-16T12:57:00Z","2025-09-16T21:18:00Z",300,0,300
"SVMI","OERK","2025-09-16T05:33:00Z","2025-09-16T21:18:00Z",360,0,360
"SKBO","SVMI","2025-09-16T18:56:00Z","2025-09-16T21:19:00Z",360,0,360
"SKBO","VIDP","2025-09-16T00:05:00Z","2025-09-16T21:19:00Z",340,0,340
"SPIM","UMMS","2025-09-16T04:08:00Z","2025-09-16T21:19:00Z",320,0,320
"UBBB","LBSF","2025-09-16T17:28:00Z","2025-09-16T21:19:00Z",320,0,320
"VIDP","LATI","2025-09-16T13:31:00Z","2025-09-16T21:19:00Z",320,0,320
"LDZA","OYSN","2025-09-16T14:01:00Z","2025-09-16T21:21:00Z",360,0,360
"SEQM","LKPR","2025-09-16T07:35:00Z","2025-09-16T21:21:00Z",360,0,360
"UBBB","SKBO","2025-09-16T04:37:00Z","2025-09-16T21:21:00Z",360,0,360
"VIDP","EHAM","2025-09-16T11:14:00Z","2025-09-16T21:21:00Z",320,0,320
"OAKB","OSDI","2025-09-16T16:32:00Z","2025-09-16T21:22:00Z",360,0,360
"OJAI","LDZA","2025-09-16T17:31:00Z","2025-09-16T21:22:00Z",320,0,320
"LDZA","OPKC","2025-09-16T13:57:00Z","2025-09-16T21:23:00Z",360,0,360
"OSDI","SKBO","2025-09-16T05:47:00Z","2025-09-16T21:23:00Z",340,0,340
"SABE","OPKC","2025-09-16T01:00:00Z","2025-09-16T21:23:00Z",300,0,300
"SBBR","LKPR","2025-09-16T08:37:00Z","2025-09-16T21:23:00Z",300,0,300
"SCEL","SVMI","2025-09-16T13:21:00Z","2025-09-16T21:23:00Z",300,0,300
"SVMI","OJAI","2025-09-16T06:13:00Z","2025-09-16T21:23:00Z",300,0,300
"EHAM","OJAI","2025-09-16T15:05:00Z","2025-09-16T21:24:00Z",360,0,360
"SGAS","LKPR","2025-09-16T06:45:00Z","2025-09-16T21:25:00Z",300,0,300
"SVMI","SEQM","2025-09-16T17:15:00Z","2025-09-16T21:25:00Z",320,0,320
"UBBB","OMDB","2025-09-16T17:15:00Z","2025-09-16T21:25:00Z",320,0,320
"OPKC","OOMS","2025-09-16T18:18:00Z","2025-09-16T21:27:00Z",300,0,300
"SCEL","SPIM","2025-09-16T16:23:00Z","2025-09-16T21:27:00Z",300,0,300
"LBSF","OAKB","2025-09-16T14:21:00Z","2025-09-16T21:28:00Z",320,0,320
"SLLP","UMMS","2025-09-16T05:36:00Z","2025-09-16T21:28:00Z",320,0,320
"LBSF","EKCH","2025-09-16T17:25:00Z","2025-09-16T21:29:00Z",320,0,320
"OOMS","LBSF","2025-09-16T15:38:00Z","2025-09-16T21:29:00Z",340,0,340
"SUAA","SBBR","2025-09-16T17:36:00Z","2025-09-16T21:29:00Z",340,0,340
"LOWW","OMDB","2025-09-16T14:09:00Z","2025-09-16T21:30:00Z",360,0,360
"LDZA","SPIM","2025-09-16T05:27:00Z","2025-09-16T21:31:00Z",320,0,320
"UBBB","SUAA","2025-09-16T02:25:00Z","2025-09-16T21:31:00Z",300,0,300
"EBCI","LBSF","2025-09-16T17:24:00Z","2025-09-16T21:33:00Z",340,0,340
"EKCH","UMMS","2025-09-16T18:13:00Z","2025-09-16T21:33:00Z",320,0,320
"LATI","OOMS","2025-09-16T14:21:00Z","2025-09-16T21:33:00Z",320,0,320
"LKPR","SUAA","2025-09-16T05:59:00Z","2025-09-16T21:34:00Z",360,0,360
"SVMI","EDDI","2025-09-16T09:02:00Z","2025-09-16T21:34:00Z",340,0,340
"EKCH","SUAA","2025-09-16T05:44:00Z","2025-09-16T21:35:00Z",360,0,360
"SABE","SEQM","2025-09-16T14:10:00Z","2025-09-16T21:35:00Z",320,0,320
"SLLP","VIDP","2025-09-15T23:14:00Z","2025-09-16T21:35:00Z",360,0,360
"LATI","LBSF","2025-09-16T19:10:00Z","2025-09-16T21:36:00Z",360,0,360
"LKPR","SVMI","2025-09-16T09:59:00Z","2025-09-16T21:36:00Z",360,0,360
"UBBB","SPIM","2025-09-16T02:01:00Z","2025-09-16T21:36:00Z",340,0,340
"LBSF","SGAS","2025-09-16T06:42:00Z","2025-09-16T21:37:00Z",360,0,360
"OYSN","OPKC","2025-09-16T16:21:00Z","2025-09-16T21:37:00Z",360,0,360
"SBBR","SLLP","2025-09-16T17:47:00Z","2025-09-16T21:37:00Z",340,0,340
"EBCI","OJAI","2025-09-16T15:29:00Z","2025-09-16T21:40:00Z",360,0,360
"LBSF","SABE","2025-09-16T05:50:00Z","2025-09-16T21:40:00Z",360,0,360
"SKBO","OYSN","2025-09-16T03:29:00Z","2025-09-16T21:40:00Z",340,0,340
"EHAM","EBCI","2025-09-16T19:25:00Z","2025-09-16T21:41:00Z",320,0,320
"OOMS","SVMI","2025-09-16T03:27:00Z","2025-09-16T21:41:00Z",360,0,360
"SKBO","OOMS","2025-09-16T02:04:00Z","2025-09-16T21:41:00Z",300,0,300
"UMMS","OAKB","2025-09-16T15:51:00Z","2025-09-16T21:41:00Z",360,0,360
"LKPR","OERK","2025-09-16T14:41:00Z","2025-09-16T21:42:00Z",320,0,320
"OERK","LKPR","2025-09-16T14:41:00Z","2025-09-16T21:42:00Z",300,0,300
"SUAA","EDDI","2025-09-16T05:02:00Z","2025-09-16T21:42:00Z",300,0,300
"SCEL","OAKB","2025-09-15T23:19:00Z","2025-09-16T21:44:00Z",300,0,300
"OOMS","LATI","2025-09-16T14:33:00Z","2025-09-16T21:45:00Z",320,0,320
"SCEL","EBCI","2025-09-16T05:59:00Z","2025-09-16T21:45:00Z",340,0,340
"SLLP","OJAI","2025-09-16T04:30:00Z","2025-09-16T21:45:00Z",320,0,320
"SUAA","SPIM","2025-09-16T15:41:00Z","2025-09-16T21:45:00Z",340,0,340
"VIDP","LOWW","2025-09-16T12:42:00Z","2025-09-16T21:46:00Z",360,0,360
"OOMS","SABE","2025-09-16T02:31:00Z","2025-09-16T21:48:00Z",340,0,340
"OPKC","OSDI","2025-09-16T16:49:00Z","2025-09-16T21:48:00Z",300,0,300
"SABE","OSDI","2025-09-16T04:19:00Z","2025-09-16T21:48:00Z",300,0,300
"SVMI","SLLP","2025-09-16T16:11:00Z","2025-09-16T21:49:00Z",340,0,340
"LBSF","UBBB","2025-09-16T17:59:00Z","2025-09-16T21:50:00Z",300,0,300
"OJAI","SUAA","2025-09-16T04:51:00Z","2025-09-16T21:53:00Z",320,0,320
"SCEL","LOWW","2025-09-16T04:18:00Z","2025-09-16T21:53:00Z",340,0,340
"UBBB","SBBR","2025-09-16T05:13:00Z","2025-09-16T21:53:00Z",340,0,340
"EHAM","OAKB","2025-09-16T13:03:00Z","2025-09-16T21:54:00Z",340,0,340
"OERK","SEQM","2025-09-16T03:01:00Z","2025-09-16T21:54:00Z",340,0,340
"OAKB","UMMS","2025-09-16T15:06:00Z","2025-09-16T21:56:00Z",320,0,320
"OMDB","LDZA","2025-09-16T14:44:00Z","2025-09-16T21:56:00Z",300,0,300
"SUAA","LBSF","2025-09-16T05:16:00Z","2025-09-16T21:56:00Z",340,0,340
"SVMI","SKBO","2025-09-16T18:35:00Z","2025-09-16T21:58:00Z",340,0,340
"VIDP","SBBR","2025-09-16T02:14:00Z","2025-09-16T21:58:00Z",300,0,300
"SBBR","SEQM","2025-09-16T15:13:00Z","2025-09-16T21:59:00Z",360,0,360
"SLLP","OMDB","2025-09-16T02:20:00Z","2025-09-16T21:59:00Z",340,0,340
"EBCI","SGAS","2025-09-16T08:05:00Z","2025-09-16T22:00:00Z",340,0,340
"OOMS","EBCI","2025-09-16T14:03:00Z","2025-09-16T22:00:00Z",300,0,300
"SEQM","OERK","2025-09-16T04:07:00Z","2025-09-16T22:00:00Z",300,0,300
"UMMS","SKBO","2025-09-16T07:52:00Z","2025-09-16T22:00:00Z",360,0,360
"OYSN","UBBB","2025-09-16T17:27:00Z","2025-09-16T22:01:00Z",320,0,320
"VIDP","SABE","2025-09-16T01:16:00Z","2025-09-16T22:01:00Z",340,0,340
"LOWW","SVMI","2025-09-16T10:14:00Z","2025-09-16T22:02:00Z",340,0,340
"OPKC","OERK","2025-09-16T18:22:00Z","2025-09-16T22:02:00Z",360,0,360
"OYSN","LOWW","2025-09-16T15:24:00Z","2025-09-16T22:02:00Z",320,0,320
"SEQM","OPKC","2025-09-16T01:40:00Z","2025-09-16T22:02:00Z",360,0,360
"VIDP","OMDB","2025-09-16T18:16:00Z","2025-09-16T22:02:00Z",300,0,300
"EDDI","LKPR","2025-09-16T20:46:00Z","2025-09-16T22:03:00Z",300,0,300
"UBBB","SABE","2025-09-16T03:47:00Z","2025-09-16T22:05:00Z",300,0,300
"LATI","UMMS","2025-09-16T19:15:00Z","2025-09-16T22:07:00Z",340,0,340
"LKPR","SEQM","2025-09-16T08:21:00Z","2025-09-16T22:07:00Z",300,0,300
"SABE","EBCI","2025-09-16T06:06:00Z","2025-09-16T22:07:00Z",360,0,360
"UBBB","EKCH","2025-09-16T16:02:00Z","2025-09-16T22:07:00Z",320,0,320
"EHAM","SCEL","2025-09-16T06:13:00Z","2025-09-16T22:08:00Z",340,0,340
"EHAM","SUAA","2025-09-16T06:03:00Z","2025-09-16T22:08:00Z",300,0,300
"OAKB","EHAM","2025-09-16T14:17:00Z","2025-09-16T22:08:00Z",360,0,360
"UBBB","SCEL","2025-09-16T02:39:00Z","2025-09-16T22:08:00Z",320,0,320
"LATI","SBBR","2025-09-16T09:35:00Z","2025-09-16T22:09:00Z",320,0,320
"EDDI","SGAS","2025-09-16T07:26:00Z","2025-09-16T22:10:00Z",340,0,340
"EHAM","LKPR","2025-09-16T20:16:00Z","2025-09-16T22:11:00Z",360,0,360
"SVMI","UBBB","2025-09-16T06:50:00Z","2025-09-16T22:11:00Z",360,0,360
"SPIM","UMMS","2025-09-16T05:01:00Z","2025-09-16T22:12:00Z",320,0,320
"UMMS","OERK","2025-09-16T16:44:00Z","2025-09-16T22:12:00Z",320,0,320
"OYSN","SABE","2025-09-16T05:06:00Z","2025-09-16T22:13:00Z",340,0,340
"LDZA","SCEL","2025-09-16T05:50:00Z","2025-09-16T22:14:00Z",360,0,360
"SABE","UMMS","2025-09-16T05:15:00Z","2025-09-16T22:14:00Z",340,0,340
"SEQM","SGAS","2025-09-16T16:44:00Z","2025-09-16T22:14:00Z",320,0,320
"LATI","LKPR","2025-09-16T19:54:00Z","2025-09-16T22:15:00Z",340,0,340
"LKPR","OOMS","2025-09-16T14:10:00Z","2025-09-16T22:15:00Z",300,0,300
"OMDB","SBBR","2025-09-16T06:18:00Z","2025-09-16T22:15:00Z",320,0,320
"OPKC","OOMS","2025-09-16T19:06:00Z","2025-09-16T22:15:00Z",360,0,360
"SEQM","UBBB","2025-09-16T04:44:00Z","2025-09-16T22:15:00Z",320,0,320
"SPIM","OSDI","2025-09-16T04:04:00Z","2025-09-16T22:15:00Z",320,0,320
"SUAA","LOWW","2025-09-16T06:41:00Z","2025-09-16T22:15:00Z",360,0,360
"LKPR","EDDI","2025-09-16T20:59:00Z","2025-09-16T22:16:00Z",360,0,360
"OERK","SVMI","2025-09-16T06:31:00Z","2025-09-16T22:16:00Z",340,0,340
"SEQM","SPIM","2025-09-16T19:35:00Z","2025-09-16T22:16:00Z",300,0,300
"SUAA","SGAS","2025-09-16T19:01:00Z","2025-09-16T22:16:00Z",340,0,340
"EKCH","LKPR","2025-09-16T20:34:00Z","2025-09-16T22:17:00Z",360,0,360
"LATI","VIDP","2025-09-16T14:29:00Z","2025-09-16T22:17:00Z",360,0,360
"LDZA","UBBB","2025-09-16T17:45:00Z","2025-09-16T22:17:00Z",300,0,300
"OERK","SUAA","2025-09-16T05:32:00Z","2025-09-16T22:17:00Z",360,0,360
"OMDB","OAKB","2025-09-16T18:11:00Z","2025-09-16T22:17:00Z",300,0,300
"SVMI","LKPR","2025-09-16T10:40:00Z","2025-09-16T22:17:00Z",320,0,320
"OPKC","SUAA","2025-09-16T02:09:00Z","2025-09-16T22:18:00Z",320,0,320
"SABE","SKBO","2025-09-16T15:35:00Z","2025-09-16T22:18:00Z",360,0,360
"LDZA","LATI","2025-09-16T20:41:00Z","2025-09-16T22:19:00Z",360,0,360
"OERK","SKBO","2025-09-16T04:12:00Z","2025-09-16T22:19:00Z",320,0,320
"OOMS","UBBB","2025-09-16T18:46:00Z","2025-09-16T22:19:00Z",320,0,320
"SEQM","EKCH","2025-09-16T08:44:00Z","2025-09-16T22:19:00Z",360,0,360
"SGAS","SABE","2025-09-16T19:04:00Z","2025-09-16T22:19:00Z",320,0,320
"SLLP","OPKC","2025-09-16T01:08:00Z","2025-09-16T22:19:00Z",320,0,320
"OJAI","LOWW","2025-09-16T17:13:00Z","2025-09-16T22:20:00Z",340,0,340
"SUAA","OYSN","2025-09-16T06:29:00Z","2025-09-16T22:22:00Z",340,0,340
"OJAI","OPKC","2025-09-16T16:20:00Z","2025-09-16T22:24:00Z",300,0,300
"OYSN","SGAS","2025-09-16T06:34:00Z","2025-09-16T22:24:00Z",300,0,300
"SABE","OERK","2025-09-16T05:25:00Z","2025-09-16T22:24:00Z",340,0,340
"SABE","SEQM","2025-09-16T15:59:00Z","2025-09-16T22:24:00Z",360,0,360
"UBBB","EDDI","2025-09-16T17:30:00Z","2025-09-16T22:24:00Z",300,0,300
"SBBR","UMMS","2025-09-16T07:23:00Z","2025-09-16T22:25:00Z",340,0,340
"SUAA","SABE","2025-09-16T20:12:00Z","2025-09-16T22:25:00Z",360,0,360
"OPKC","SLLP","2025-09-16T01:15:00Z","2025-09-16T22:26:00Z",360,0,360
"SBBR","OJAI","2025-09-16T08:42:00Z","2025-09-16T22:26:00Z",340,0,340
"LDZA","VIDP","2025-09-16T13:23:00Z","2025-09-16T22:27:00Z",340,0,340
"OPKC","LDZA","2025-09-16T14:01:00Z","2025-09-16T22:27:00Z",340,0,340
"OAKB","OOMS","2025-09-16T18:26:00Z","2025-09-16T22:28:00Z",340,0,340
"VIDP","OERK","2025-09-16T17:34:00Z","2025-09-16T22:29:00Z",360,0,360
"UMMS","SEQM","2025-09-16T07:35:00Z","2025-09-16T22:30:00Z",360,0,360
"VIDP","UMMS","2025-09-16T14:26:00Z","2025-09-16T22:32:00Z",360,0,360
"OYSN","SVMI","2025-09-16T06:42:00Z","2025-09-16T22:34:00Z",320,0,320
"SVMI","OPKC","2025-09-16T03:23:00Z","2025-09-16T22:34:00Z",320,0,320
"VIDP","EBCI","2025-09-16T12:25:00Z","2025-09-16T22:34:00Z",300,0,300
"OOMS","SLLP","2025-09-16T02:34:00Z","2025-09-16T22:35:00Z",360,0,360
"SLLP","OAKB","2025-09-16T01:21:00Z","2025-09-16T22:35:00Z",360,0,360
"EBCI","LDZA","2025-09-16T19:17:00Z","2025-09-16T22:36:00Z",360,0,360
"LATI","LDZA","2025-09-16T20:00:00Z","2025-09-16T22:38:00Z",320,0,320
"SABE","OAKB","2025-09-16T01:32:00Z","2025-09-16T22:38:00Z",360,0,360
"SEQM","LOWW","2025-09-16T08:41:00Z","2025-09-16T22:38:00Z",300,0,300
"OSDI","LDZA","2025-09-16T18:55:00Z","2025-09-16T22:39:00Z",300,0,300
"SKBO","OMDB","2025-09-16T03:31:00Z","2025-09-16T22:40:00Z",320,0,320
"UBBB","OYSN","2025-09-16T17:06:00Z","2025-09-16T22:40:00Z",320,0,320
"LDZA","LKPR","2025-09-16T20:58:00Z","2025-09-16T22:41:00Z",340,0,340
"SPIM","SVMI","2025-09-16T17:15:00Z","2025-09-16T22:41:00Z",320,0,320
"SABE","SLLP","2025-09-16T18:54:00Z","2025-09-16T22:42:00Z",300,0,300
"SCEL","SGAS","2025-09-16T19:46:00Z","2025-09-16T22:42:00Z",320,0,320
"LOWW","SUAA","2025-09-16T06:09:00Z","2025-09-16T22:43:00Z",320,0,320
"OSDI","OPKC","2025-09-16T17:44:00Z","2025-09-16T22:43:00Z",320,0,320
"SBBR","SPIM","2025-09-16T16:38:00Z","2025-09-16T22:43:00Z",320,0,320
"UBBB","LKPR","2025-09-16T17:57:00Z","2025-09-16T22:43:00Z",320,0,320
"VIDP","LOWW","2025-09-16T13:39:00Z","2025-09-16T22:43:00Z",320,0,320
"SEQM","LDZA","2025-09-16T08:45:00Z","2025-09-16T22:44:00Z",300,0,300
"SKBO","OAKB","2025-09-16T03:46:00Z","2025-09-16T22:44:00Z",320,0,320
"SVMI","SGAS","2025-09-16T15:43:00Z","2025-09-16T22:45:00Z",300,0,300
"OOMS","OSDI","2025-09-16T17:46:00Z","2025-09-16T22:48:00Z",320,0,320
"SABE","SVMI","2025-09-16T14:34:00Z","2025-09-16T22:48:00Z",340,0,340
"EHAM","SPIM","2025-09-16T07:40:00Z","2025-09-16T22:49:00Z",320,0,320
"SKBO","UMMS","2025-09-16T07:41:00Z","2025-09-16T22:49:00Z",320,0,320
"SEQM","EDDI","2025-09-16T08:10:00Z","2025-09-16T22:50:00Z",360,0,360
"SEQM","SLLP","2025-09-16T18:15:00Z","2025-09-16T22:52:00Z",320,0,320
"EKCH","EHAM","2025-09-16T20:06:00Z","2025-09-16T22:53:00Z",300,0,300
"OMDB","LATI","2025-09-16T16:09:00Z","2025-09-16T22:53:00Z",340,0,340
"SBBR","OSDI","2025-09-16T08:58:00Z","2025-09-16T22:53:00Z",360,0,360
"UMMS","OSDI","2025-09-16T18:59:00Z","2025-09-16T22:53:00Z",300,0,300
"SKBO","UBBB","2025-09-16T05:10:00Z","2025-09-16T22:54:00Z",300,0,300
"OAKB","LATI","2025-09-16T15:22:00Z","2025-09-16T22:55:00Z",340,0,340
"OPKC","EBCI","2025-09-16T13:16:00Z","2025-09-16T22:55:00Z",320,0,320
"VIDP","EDDI","2025-09-16T13:34:00Z","2025-09-16T22:55:00Z",340,0,340
"EHAM","LDZA","2025-09-16T19:28:00Z","2025-09-16T22:56:00Z",320,0,320
"OMDB","LOWW","2025-09-16T15:35:00Z","2025-09-16T22:56:00Z",360,0,360
"SBBR","LOWW","2025-09-16T09:10:00Z","2025-09-16T22:56:00Z",360,0,360
"SABE","SUAA","2025-09-16T20:46:00Z","2025-09-16T22:59:00Z",360,0,360
"SGAS","SVMI","2025-09-16T16:58:00Z","2025-09-16T23:00:00Z",300,0,300
"SBBR","SVMI","2025-09-16T17:39:00Z","2025-09-16T23:01:00Z",360,0,360
"OPKC","EKCH","2025-09-16T14:58:00Z","2025-09-16T23:03:00Z",320,0,320
"OOMS","LKPR","2025-09-16T15:59:00Z","2025-09-16T23:04:00Z",320,0,320
"SGAS","OMDB","2025-09-16T05:25:00Z","2025-09-16T23:04:00Z",300,0,300
"EDDI","EHAM","2025-09-16T21:19:00Z","2025-09-16T23:05:00Z",360,0,360
"OERK","SCEL","2025-09-16T04:47:00Z","2025-09-16T23:06:00Z",340,0,340
"SGAS","LDZA","2025-09-16T08:37:00Z","2025-09-16T23:06:00Z",340,0,340
"SEQM","LATI","2025-09-16T08:48:00Z","2025-09-16T23:07:00Z",320,0,320
"SPIM","LOWW","2025-09-16T07:01:00Z","2025-09-16T23:07:00Z",300,0,300
"OMDB","UMMS","2025-09-16T17:19:00Z","2025-09-16T23:09:00Z",360,0,360
"OAKB","SUAA","2025-09-16T03:17:00Z","2025-09-16T23:10:00Z",360,0,360
"SLLP","EKCH","2025-09-16T08:32:00Z","2025-09-16T23:10:00Z",340,0,340
"SUAA","LATI","2025-09-16T07:56:00Z","2025-09-16T23:10:00Z",340,0,340
"LBSF","SUAA","2025-09-16T07:31:00Z","2025-09-16T23:11:00Z",340,0,340
"LOWW","LATI","2025-09-16T20:10:00Z","2025-09-16T23:11:00Z",300,0,300
"LOWW","OERK","2025-09-16T17:28:00Z","2025-09-16T23:11:00Z",340,0,340
"OAKB","EDDI","2025-09-16T15:07:00Z","2025-09-16T23:11:00Z",360,0,360
"OERK","OMDB","2025-09-16T20:02:00Z","2025-09-16T23:11:00Z",300,0,300
"SABE","OPKC","2025-09-16T03:48:00Z","2025-09-16T23:11:00Z",300,0,300
"OAKB","SVMI","2025-09-16T05:38:00Z","2025-09-16T23:14:00Z",340,0,340
"OJAI","EBCI","2025-09-16T17:03:00Z","2025-09-16T23:14:00Z",340,0,340
"SBBR","LKPR","2025-09-16T10:28:00Z","2025-09-16T23:14:00Z",360,0,360
"EBCI","SABE","2025-09-16T07:14:00Z","2025-09-16T23:15:00Z",360,0,360
"SBBR","OMDB","2025-09-16T07:18:00Z","2025-09-16T23:15:00Z",360,0,360
"LBSF","OPKC","2025-09-16T16:37:00Z","2025-09-16T23:16:00Z",300,0,300
"OJAI","EKCH","2025-09-16T17:14:00Z","2025-09-16T23:17:00Z",300,0,300
"OMDB","OPKC","2025-09-16T20:45:00Z","2025-09-16T23:17:00Z",360,0,360
"SGAS","OSDI","2025-09-16T07:31:00Z","2025-09-16T23:17:00Z",340,0,340
"OPKC","EDDI","2025-09-16T15:25:00Z","2025-09-16T23:19:00Z",360,0,360
"SBBR","OJAI","2025-09-16T09:35:00Z","2025-09-16T23:19:00Z",320,0,320
"EDDI","LBSF","2025-09-16T20:39:00Z","2025-09-16T23:20:00Z",360,0,360
"SLLP","SABE","2025-09-16T19:32:00Z","2025-09-16T23:20:00Z",320,0,320
"LDZA","OSDI","2025-09-16T19:38:00Z","2025-09-16T23:22:00Z",320,0,320
"SCEL","OJAI","2025-09-16T05:54:00Z","2025-09-16T23:22:00Z",340,0,340
"SGAS","OYSN","2025-09-16T07:32:00Z","2025-09-16T23:22:00Z",360,0,360
"OMDB","EDDI","2025-09-16T16:36:00Z","2025-09-16T23:25:00Z",360,0,360
"OPKC","OAKB","2025-09-16T20:00:00Z","2025-09-16T23:25:00Z",320,0,320
"SVMI","OOMS","2025-09-16T05:12:00Z","2025-09-16T23:26:00Z",340,0,340
"LKPR","VIDP","2025-09-16T14:12:00Z","2025-09-16T23:27:00Z",320,0,320
"SCEL","EDDI","2025-09-16T06:52:00Z","2025-09-16T23:27:00Z",300,0,300
"SEQM","SBBR","2025-09-16T17:41:00Z","2025-09-16T23:27:00Z",320,0,320
"LBSF","EDDI","2025-09-16T20:47:00Z","2025-09-16T23:28:00Z",320,0,320
"SPIM","VIDP","2025-09-16T00:22:00Z","2025-09-16T23:28:00Z",300,0,300
"UMMS","SCEL","2025-09-16T05:38:00Z","2025-09-16T23:28:00Z",340,0,340
"LKPR","SVMI","2025-09-16T11:52:00Z","2025-09-16T23:29:00Z",300,0,300
"OSDI","UMMS","2025-09-16T19:35:00Z","2025-09-16T23:29:00Z",340,0,340
"LOWW","SEQM","2025-09-16T09:33:00Z","2025-09-16T23:30:00Z",300,0,300
"OAKB","LBSF","2025-09-16T16:23:00Z","2025-09-16T23:30:00Z",300,0,300
"OJAI","SGAS","2025-09-16T07:56:00Z","2025-09-16T23:30:00Z",320,0,320
"OSDI","LATI","2025-09-16T19:19:00Z","2025-09-16T23:30:00Z",360,0,360
"SUAA","LDZA","2025-09-16T07:11:00Z","2025-09-16T23:30:00Z",300,0,300
"SKBO","LATI","2025-09-16T09:59:00Z","2025-09-16T23:31:00Z",300,0,300
"SKBO","LKPR","2025-09-16T10:32:00Z","2025-09-16T23:31:00Z",360,0,360
"SUAA","UMMS","2025-09-16T06:41:00Z","2025-09-16T23:31:00Z",300,0,300
"OPKC","SKBO","2025-09-16T03:57:00Z","2025-09-16T23:32:00Z",320,0,320
"SUAA","EHAM","2025-09-16T07:27:00Z","2025-09-16T23:32:00Z",320,0,320
"EHAM","UMMS","2025-09-16T19:31:00Z","2025-09-16T23:33:00Z",300,0,300
"EKCH","OOMS","2025-09-16T15:02:00Z","2025-09-16T23:33:00Z",300,0,300
"LATI","EDDI","2025-09-16T20:55:00Z","2025-09-16T23:33:00Z",360,0,360
"OJAI","SUAA","2025-09-16T06:31:00Z","2025-09-16T23:33:00Z",340,0,340
"OYSN","SLLP","2025-09-16T05:30:00Z","2025-09-16T23:33:00Z",340,0,340
"OMDB","SUAA","2025-09-16T05:44:00Z","2025-09-16T23:34:00Z",340,0,340
"VIDP","SVMI","2025-09-16T04:42:00Z","2025-09-16T23:34:00Z",300,0,300
"LDZA","EBCI","2025-09-16T20:17:00Z","2025-09-16T23:36:00Z",340,0,340
"VIDP","OAKB","2025-09-16T20:20:00Z","2025-09-16T23:36:00Z",360,0,360
"OOMS","SCEL","2025-09-16T03:57:00Z","2025-09-16T23:37:00Z",360,0,360
"OPKC","OYSN","2025-09-16T18:21:00Z","2025-09-16T23:37:00Z",300,0,300
"SLLP","EBCI","2025-09-16T09:52:00Z","2025-09-16T23:37:00Z",360,0,360
"OYSN","OAKB","2025-09-16T17:31:00Z","2025-09-16T23:38:00Z",300,0,300
"VIDP","UBBB","2025-09-16T18:07:00Z","2025-09-16T23:38:00Z",300,0,300
"LBSF","LOWW","2025-09-16T20:34:00Z","2025-09-16T23:39:00Z",340,0,340
"LDZA","EDDI","2025-09-16T20:38:00Z","2025-09-16T23:39:00Z",320,0,320
"SABE","LOWW","2025-09-16T07:56:00Z","2025-09-16T23:39:00Z",360,0,360
"OOMS","OMDB","2025-09-16T21:13:00Z","2025-09-16T23:41:00Z",300,0,300
"SUAA","OSDI","2025-09-16T06:25:00Z","2025-09-16T23:41:00Z",320,0,320
"LDZA","LBSF","2025-09-16T21:53:00Z","2025-09-16T23:42:00Z",340,0,340
"EDDI","SPIM","2025-09-16T08:49:00Z","2025-09-16T23:43:00Z",360,0,360
"SABE","OOMS","2025-09-16T04:27:00Z","2025-09-16T23:44:00Z",320,0,320
"SLLP","SPIM","2025-09-16T20:24:00Z","2025-09-16T23:44:00Z",320,0,320
"LBSF","SPIM","2025-09-16T07:01:00Z","2025-09-16T23:45:00Z",320,0,320
"LDZA","SLLP","2025-09-16T08:10:00Z","2025-09-16T23:45:00Z",340,0,340
"SLLP","OOMS","2025-09-16T03:44:00Z","2025-09-16T23:45:00Z",300,0,300
"OAKB","LDZA","2025-09-16T16:58:00Z","2025-09-16T23:46:00Z",300,0,300
"OPKC","SBBR","2025-09-16T05:19:00Z","2025-09-16T23:46:00Z",360,0,360
"UMMS","LATI","2025-09-16T20:54:00Z","2025-09-16T23:46:00Z",360,0,360
"LATI","EHAM","2025-09-16T19:42:00Z","2025-09-16T23:48:00Z",320,0,320
"OERK","LKPR","2025-09-16T16:47:00Z","2025-09-16T23:48:00Z",360,0,360
"OOMS","SGAS","2025-09-16T05:51:00Z","2025-09-16T23:48:00Z",300,0,300
"EHAM","EKCH","2025-09-16T21:02:00Z","2025-09-16T23:49:00Z",300,0,300
"LOWW","EBCI","2025-09-16T20:41:00Z","2025-09-16T23:49:00Z",300,0,300
"OSDI","SEQM","2025-09-16T06:27:00Z","2025-09-16T23:49:00Z",360,0,360
"EBCI","OMDB","2025-09-16T15:21:00Z","2025-09-16T23:50:00Z",360,0,360
"LKPR","LBSF","2025-09-16T20:25:00Z","2025-09-16T23:50:00Z",300,0,300
"OSDI","SBBR","2025-09-16T09:55:00Z","2025-09-16T23:50:00Z",320,0,320
"LKPR","SPIM","2025-09-16T08:55:00Z","2025-09-16T23:52:00Z",340,0,340
"OJAI","VIDP","2025-09-16T16:46:00Z","2025-09-16T23:52:00Z",300,0,300
"SGAS","OOMS","2025-09-16T05:55:00Z","2025-09-16T23:52:00Z",360,0,360
"LBSF","SVMI","2025-09-16T10:20:00Z","2025-09-16T23:53:00Z",300,0,300
"LKPR","LDZA","2025-09-16T21:10:00Z","2025-09-16T23:53:00Z",360,0,360
"LOWW","SGAS","2025-09-16T08:12:00Z","2025-09-16T23:53:00Z",340,0,340
"LOWW","LBSF","2025-09-16T20:49:00Z","2025-09-16T23:54:00Z",340,0,340
"OPKC","SPIM","2025-09-16T01:47:00Z","2025-09-16T23:54:00Z",340,0,340
"SGAS","OPKC","2025-09-16T03:48:00Z","2025-09-16T23:54:00Z",360,0,360
"OOMS","SBBR","2025-09-16T06:38:00Z","2025-09-16T23:55:00Z",360,0,360
"EBCI","SLLP","2025-09-16T09:11:00Z","2025-09-16T23:56:00Z",360,0,360
"SUAA","EKCH","2025-09-16T07:05:00Z","2025-09-16T23:56:00Z",320,0,320
"VIDP","OSDI","2025-09-16T17:59:00Z","2025-09-16T23:56:00Z",320,0,320
"LBSF","OAKB","2025-09-16T16:50:00Z","2025-09-16T23:57:00Z",360,0,360
"OPKC","UMMS","2025-09-16T16:12:00Z","2025-09-16T23:58:00Z",360,0,360
"LATI","SCEL","2025-09-16T07:35:00Z","2025-09-17T00:00:00Z",320,0,320
"OPKC","OMDB","2025-09-16T21:28:00Z","2025-09-17T00:00:00Z",320,0,320
"UBBB","LOWW","2025-09-16T19:26:00Z","2025-09-17T00:00:00Z",300,0,300
"LATI","SPIM","2025-09-16T08:42:00Z","2025-09-17T00:01:00Z",320,0,320
"LBSF","EDDI","2025-09-16T21:20:00Z","2025-09-17T00:01:00Z",300,0,300
"SVMI","LOWW","2025-09-16T12:13:00Z","2025-09-17T00:01:00Z",340,0,340
"OJAI","EDDI","2025-09-16T19:20:00Z","2025-09-17T00:02:00Z",320,0,320
"EBCI","SVMI","2025-09-16T13:20:00Z","2025-09-17T00:03:00Z",300,0,300
"OJAI","LKPR","2025-09-16T19:37:00Z","2025-09-17T00:03:00Z",360,0,360
"SABE","OYSN","2025-09-16T07:57:00Z","2025-09-17T00:04:00Z",340,0,340
"UBBB","OERK","2025-09-16T20:47:00Z","2025-09-17T00:04:00Z",360,0,360
"VIDP","SEQM","2025-09-16T02:03:00Z","2025-09-17T00:04:00Z",300,0,300
"EKCH","LBSF","2025-09-16T20:01:00Z","2025-09-17T00:05:00Z",360,0,360
"OAKB","OOMS","2025-09-16T20:03:00Z","2025-09-17T00:05:00Z",340,0,340
"OSDI","SCEL","2025-09-16T06:23:00Z","2025-09-17T00:05:00Z",340,0,340
"SUAA","LKPR","2025-09-16T08:30:00Z","2025-09-17T00:05:00Z",360,0,360
"SVMI","UMMS","2025-09-16T11:17:00Z","2025-09-17T00:05:00Z",300,0,300
"EKCH","OAKB","2025-09-16T16:56:00Z","2025-09-17T00:06:00Z",340,0,340
"OERK","OMDB","2025-09-16T21:57:00Z","2025-09-17T00:06:00Z",340,0,340
"SCEL","OYSN","2025-09-16T06:35:00Z","2025-09-17T00:06:00Z",320,0,320
"UBBB","SABE","2025-09-16T05:48:00Z","2025-09-17T00:06:00Z",360,0,360
"EDDI","OOMS","2025-09-16T16:51:00Z","2025-09-17T00:07:00Z",360,0,360
"SKBO","LDZA","2025-09-16T10:56:00Z","2025-09-17T00:07:00Z",300,0,300
"SKBO","EHAM","2025-09-16T11:01:00Z","2025-09-17T00:08:00Z",340,0,340
"LBSF","EBCI","2025-09-16T20:00:00Z","2025-09-17T00:09:00Z",300,0,300
"OERK","OSDI","2025-09-16T21:24:00Z","2025-09-17T00:09:00Z",360,0,360
"SEQM","SABE","2025-09-16T17:44:00Z","2025-09-17T00:09:00Z",320,0,320
"SPIM","OMDB","2025-09-16T04:35:00Z","2025-09-17T00:10:00Z",360,0,360
"LBSF","SEQM","2025-09-16T09:28:00Z","2025-09-17T00:11:00Z",320,0,320
"OPKC","EHAM","2025-09-16T15:31:00Z","2025-09-17T00:11:00Z",300,0,300
"OYSN","EHAM","2025-09-16T16:22:00Z","2025-09-17T00:11:00Z",360,0,360
"UBBB","SGAS","2025-09-16T06:38:00Z","2025-09-17T00:11:00Z",320,0,320
"SGAS","SBBR","2025-09-16T21:19:00Z","2025-09-17T00:14:00Z",300,0,300
"SBBR","UBBB","2025-09-16T08:35:00Z","2025-09-17T00:15:00Z",300,0,300
"OMDB","SCEL","2025-09-16T04:50:00Z","2025-09-17T00:16:00Z",300,0,300
"SBBR","LBSF","2025-09-16T10:16:00Z","2025-09-17T00:16:00Z",360,0,360
"SGAS","SCEL","2025-09-16T21:20:00Z","2025-09-17T00:16:00Z",340,0,340
"OJAI","SCEL","2025-09-16T06:49:00Z","2025-09-17T00:17:00Z",300,0,300
"OYSN","OJAI","2025-09-16T20:46:00Z","2025-09-17T00:17:00Z",320,0,320
"SEQM","OAKB","2025-09-16T04:32:00Z","2025-09-17T00:17:00Z",340,0,340
"UMMS","UBBB","2025-09-16T20:31:00Z","2025-09-17T00:17:00Z",300,0,300
"EDDI","OYSN","2025-09-16T16:05:00Z","2025-09-17T00:18:00Z",320,0,320
"EKCH","SGAS","2025-09-16T09:26:00Z","2025-09-17T00:18:00Z",340,0,340
"EBCI","SLLP","2025-09-16T10:35:00Z","2025-09-17T00:20:00Z",300,0,300
"SLLP","LATI","2025-09-16T09:36:00Z","2025-09-17T00:20:00Z",360,0,360
"SLLP","SGAS","2025-09-16T21:26:00Z","2025-09-17T00:20:00Z",300,0,300
"VIDP","OJAI","2025-09-16T17:15:00Z","2025-09-17T00:21:00Z",320,0,320
"UMMS","SGAS","2025-09-16T08:25:00Z","2025-09-17T00:22:00Z",340,0,340
"SPIM","EHAM","2025-09-16T09:14:00Z","2025-09-17T00:23:00Z",340,0,340
"SKBO","SABE","2025-09-16T17:41:00Z","2025-09-17T00:24:00Z",360,0,360
"OSDI","SUAA","2025-09-16T07:09:00Z","2025-09-17T00:25:00Z",340,0,340
"SBBR","OOMS","2025-09-16T07:09:00Z","2025-09-17T00:26:00Z",360,0,360
"LBSF","OMDB","2025-09-16T18:04:00Z","2025-09-17T00:27:00Z",360,0,360
"LDZA","SEQM","2025-09-16T10:28:00Z","2025-09-17T00:27:00Z",360,0,360
"OJAI","SVMI","2025-09-16T09:17:00Z","2025-09-17T00:27:00Z",340,0,340
"OSDI","LKPR","2025-09-16T19:10:00Z","2025-09-17T00:27:00Z",360,0,360
"EDDI","LATI","2025-09-16T21:50:00Z","2025-09-17T00:28:00Z",320,0,320
"SBBR","SKBO","2025-09-16T18:53:00Z","2025-09-17T00:28:00Z",360,0,360
"SLLP","EDDI","2025-09-16T09:53:00Z","2025-09-17T00:28:00Z",360,0,360
"SPIM","LKPR","2025-09-16T09:31:00Z","2025-09-17T00:28:00Z",360,0,360
"SPIM","SLLP","2025-09-16T21:09:00Z","2025-09-17T00:29:00Z",300,0,300
"OERK","LOWW","2025-09-16T18:47:00Z","2025-09-17T00:30:00Z",300,0,300
"EBCI","SBBR","2025-09-16T11:29:00Z","2025-09-17T00:31:00Z",300,0,300
"OERK","OAKB","2025-09-16T19:24:00Z","2025-09-17T00:31:00Z",360,0,360
"OSDI","LOWW","2025-09-16T20:33:00Z","2025-09-17T00:31:00Z",300,0,300
"EBCI","OAKB","2025-09-16T16:40:00Z","2025-09-17T00:32:00Z",300,0,300
"EHAM","LKPR","2025-09-16T22:37:00Z","2025-09-17T00:32:00Z",320,0,320
"OERK","VIDP","2025-09-16T19:37:00Z","2025-09-17T00:32:00Z",360,0,360
"OPKC","SABE","2025-09-16T04:09:00Z","2025-09-17T00:32:00Z",360,0,360
"SABE","EKCH","2025-09-16T08:34:00Z","2025-09-17T00:33:00Z",340,0,340
"OOMS","UMMS","2025-09-16T17:18:00Z","2025-09-17T00:34:00Z",360,0,360
"OYSN","SCEL","2025-09-16T06:03:00Z","2025-09-17T00:34:00Z",340,0,340
"SBBR","LATI","2025-09-16T11:00:00Z","2025-09-17T00:34:00Z",340,0,340
"SGAS","OPKC","2025-09-16T04:28:00Z","2025-09-17T00:34:00Z",360,0,360
"UBBB","VIDP","2025-09-16T19:03:00Z","2025-09-17T00:34:00Z",320,0,320
"EDDI","SVMI","2025-09-16T12:03:00Z","2025-09-17T00:35:00Z",360,0,360
"SABE","SLLP","2025-09-16T20:47:00Z","2025-09-17T00:35:00Z",300,0,300
"LDZA","LKPR","2025-09-16T22:53:00Z","2025-09-17T00:36:00Z",300,0,300
"OMDB","OERK","2025-09-16T21:27:00Z","2025-09-17T00:36:00Z",340,0,340
"SEQM","SCEL","2025-09-16T18:52:00Z","2025-09-17T00:36:00Z",300,0,300
"VIDP","SLLP","2025-09-16T02:15:00Z","2025-09-17T00:36:00Z",320,0,320
"SLLP","LOWW","2025-09-16T09:57:00Z","2025-09-17T00:38:00Z",320,0,320
"OYSN","SPIM","2025-09-16T05:29:00Z","2025-09-17T00:39:00Z",360,0,360
"UMMS","SLLP","2025-09-16T08:47:00Z","2025-09-17T00:39:00Z",340,0,340
"LBSF","OJAI","2025-09-16T20:39:00Z","2025-09-17T00:41:00Z",360,0,360
"SVMI","LBSF","2025-09-16T11:08:00Z","2025-09-17T00:41:00Z",360,0,360
"VIDP","OYSN","2025-09-16T18:03:00Z","2025-09-17T00:41:00Z",340,0,340
"LATI","SUAA","2025-09-16T08:28:00Z","2025-09-17T00:42:00Z",340,0,340
"SLLP","SVMI","2025-09-16T19:04:00Z","2025-09-17T00:42:00Z",300,0,300
"SLLP","EBCI","2025-09-16T10:58:00Z","2025-09-17T00:43:00Z",300,0,300
"UBBB","OOMS","2025-09-16T20:10:00Z","2025-09-17T00:43:00Z",360,0,360
"LOWW","SLLP","2025-09-16T09:03:00Z","2025-09-17T00:44:00Z",340,0,340
"SLLP","OYSN","2025-09-16T06:41:00Z","2025-09-17T00:44:00Z",300,0,300
"EKCH","VIDP","2025-09-16T15:21:00Z","2025-09-17T00:47:00Z",300,0,300
"EBCI","VIDP","2025-09-16T14:39:00Z","2025-09-17T00:48:00Z",340,0,340
"OPKC","OSDI","2025-09-16T19:49:00Z","2025-09-17T00:48:00Z",360,0,360
"OSDI","OAKB","2025-09-16T19:58:00Z","2025-09-17T00:48:00Z",320,0,320
"EDDI","SLLP","2025-09-16T09:14:00Z","2025-09-17T00:49:00Z",360,0,360
"OJAI","LBSF","2025-09-16T20:47:00Z","2025-09-17T00:49:00Z",360,0,360
"OOMS","EKCH","2025-09-16T16:18:00Z","2025-09-17T00:49:00Z",320,0,320
"SLLP","SEQM","2025-09-16T20:12:00Z","2025-09-17T00:49:00Z",320,0,320
"UMMS","VIDP","2025-09-16T16:43:00Z","2025-09-17T00:49:00Z",320,0,320
"LATI","VIDP","2025-09-16T16:02:00Z","2025-09-17T00:50:00Z",360,0,360
"OAKB","OPKC","2025-09-16T21:26:00Z","2025-09-17T00:51:00Z",300,0,300
"LATI","SKBO","2025-09-16T10:21:00Z","2025-09-17T00:53:00Z",360,0,360
"OAKB","OYSN","2025-09-16T18:46:00Z","2025-09-17T00:53:00Z",320,0,320
"EBCI","LOWW","2025-09-16T21:46:00Z","2025-09-17T00:54:00Z",320,0,320
"OAKB","SGAS","2025-09-16T04:21:00Z","2025-09-17T00:54:00Z",320,0,320
"OSDI","LBSF","2025-09-16T21:00:00Z","2025-09-17T00:54:00Z",300,0,300
"EHAM","OYSN","2025-09-16T16:06:00Z","2025-09-17T00:55:00Z",360,0,360
"LKPR","OAKB","2025-09-16T17:56:00Z","2025-09-17T00:55:00Z",340,0,340
"EHAM","VIDP","2025-09-16T14:49:00Z","2025-09-17T00:56:00Z",320,0,320
"LKPR","SGAS","2025-09-16T09:16:00Z","2025-09-17T00:56:00Z",320,0,320
"OJAI","SEQM","2025-09-16T07:37:00Z","2025-09-17T00:56:00Z",320,0,320
"UMMS","SVMI","2025-09-16T11:08:00Z","2025-09-17T00:56:00Z",360,0,360
"OYSN","LKPR","2025-09-16T17:00:00Z","2025-09-17T00:57:00Z",340,0,340
"SLLP","SBBR","2025-09-16T20:07:00Z","2025-09-17T00:57:00Z",360,0,360
"UBBB","EBCI","2025-09-16T18:17:00Z","2025-09-17T00:57:00Z",360,0,360
"EDDI","LDZA","2025-09-16T21:58:00Z","2025-09-17T00:59:00Z",300,0,300
"SLLP","SCEL","2025-09-16T20:36:00Z","2025-09-17T00:59:00Z",340,0,340
"EBCI","SPIM","2025-09-16T10:56:00Z","2025-09-17T01:00:00Z",320,0,320
"SBBR","SGAS","2025-09-16T22:05:00Z","2025-09-17T01:00:00Z",360,0,360
"SEQM","OMDB","2025-09-16T06:04:00Z","2025-09-17T01:00:00Z",320,0,320
"OPKC","LKPR","2025-09-16T17:16:00Z","2025-09-17T01:01:00Z",300,0,300
"OSDI","LATI","2025-09-16T21:50:00Z","2025-09-17T01:01:00Z",300,0,300
"UBBB","SPIM","2025-09-16T06:26:00Z","2025-09-17T01:01:00Z",320,0,320
"VIDP","SPIM","2025-09-16T02:55:00Z","2025-09-17T01:01:00Z",340,0,340
"LATI","UBBB","2025-09-16T20:45:00Z","2025-09-17T01:02:00Z",300,0,300
"OOMS","EDDI","2025-09-16T17:46:00Z","2025-09-17T01:02:00Z",360,0,360
"OERK","SGAS","2025-09-16T08:33:00Z","2025-09-17T01:04:00Z",360,0,360
"SCEL","OAKB","2025-09-16T03:39:00Z","2025-09-17T01:04:00Z",340,0,340
"LKPR","SLLP","2025-09-16T10:30:00Z","2025-09-17T01:05:00Z",360,0,360
"SABE","SBBR","2025-09-16T21:06:00Z","2025-09-17T01:05:00Z",360,0,360
"SVMI","SGAS","2025-09-16T18:03:00Z","2025-09-17T01:05:00Z",300,0,300
"EBCI","SUAA","2025-09-16T10:13:00Z","2025-09-17T01:06:00Z",360,0,360
"OYSN","LATI","2025-09-16T19:22:00Z","2025-09-17T01:06:00Z",360,0,360
"SPIM","OJAI","2025-09-16T07:02:00Z","2025-09-17T01:06:00Z",300,0,300
"EKCH","OPKC","2025-09-16T16:02:00Z","2025-09-17T01:07:00Z",320,0,320
"LOWW","EHAM","2025-09-16T22:55:00Z","2025-09-17T01:07:00Z",360,0,360
"OSDI","UBBB","2025-09-16T22:16:00Z","2025-09-17T01:07:00Z",300,0,300
"UMMS","OOMS","2025-09-16T18:51:00Z","2025-09-17T01:07:00Z",360,0,360
"OSDI","EBCI","2025-09-16T19:06:00Z","2025-09-17T01:09:00Z",340,0,340
"SUAA","SBBR","2025-09-16T21:16:00Z","2025-09-17T01:09:00Z",320,0,320
"OPKC","OERK","2025-09-16T21:30:00Z","2025-09-17T01:10:00Z",360,0,360
"SUAA","SLLP","2025-09-16T21:14:00Z","2025-09-17T01:10:00Z",320,0,320
"LOWW","SCEL","2025-09-16T08:36:00Z","2025-09-17T01:11:00Z",340,0,340
"OYSN","SUAA","2025-09-16T09:18:00Z","2025-09-17T01:11:00Z",300,0,300
"SLLP","LBSF","2025-09-16T09:01:00Z","2025-09-17T01:11:00Z",340,0,340
"LDZA","SKBO","2025-09-16T11:01:00Z","2025-09-17T01:12:00Z",320,0,320
"OOMS","OPKC","2025-09-16T22:04:00Z","2025-09-17T01:13:00Z",360,0,360
"OJAI","OAKB","2025-09-16T19:14:00Z","2025-09-17T01:14:00Z",340,0,340
"OAKB","SKBO","2025-09-16T06:17:00Z","2025-09-17T01:15:00Z",360,0,360
"SPIM","EDDI","2025-09-16T10:21:00Z","2025-09-17T01:15:00Z",340,0,340
"SVMI","VIDP","2025-09-16T06:23:00Z","2025-09-17T01:15:00Z",300,0,300
"LKPR","OYSN","2025-09-16T18:19:00Z","2025-09-17T01:16:00Z",300,0,300
"SGAS","OJAI","2025-09-16T09:42:00Z","2025-09-17T01:16:00Z",360,0,360
"EBCI","OYSN","2025-09-16T17:38:00Z","2025-09-17T01:17:00Z",300,0,300
"LKPR","EDDI","2025-09-16T23:00:00Z","2025-09-17T01:17:00Z",300,0,300
"SCEL","VIDP","2025-09-16T02:08:00Z","2025-09-17T01:17:00Z",320,0,320
"SPIM","OAKB","2025-09-16T04:25:00Z","2025-09-17T01:17:00Z",320,0,320
"EBCI","SCEL","2025-09-16T09:32:00Z","2025-09-17T01:18:00Z",320,0,320
"OSDI","UMMS","2025-09-16T21:24:00Z","2025-09-17T01:18:00Z",300,0,300
"SBBR","OERK","2025-09-16T10:30:00Z","2025-09-17T01:18:00Z",360,0,360
"SKBO","LBSF","2025-09-16T11:22:00Z","2025-09-17T01:18:00Z",320,0,320
"OPKC","SCEL","2025-09-16T04:32:00Z","2025-09-17T01:19:00Z",360,0,360
"EBCI","UMMS","2025-09-16T21:13:00Z","2025-09-17T01:20:00Z",340,0,340
"EKCH","LATI","2025-09-16T21:17:00Z","2025-09-17T01:20:00Z",320,0,320
"LBSF","UMMS","2025-09-16T22:44:00Z","2025-09-17T01:20:00Z",340,0,340
"OSDI","SPIM","2025-09-16T07:09:00Z","2025-09-17T01:20:00Z",340,0,340
"VIDP","LDZA","2025-09-16T16:16:00Z","2025-09-17T01:20:00Z",320,0,320
"EKCH","OERK","2025-09-16T18:47:00Z","2025-09-17T01:21:00Z",360,0,360
"LATI","SEQM","2025-09-16T10:02:00Z","2025-09-17T01:21:00Z",300,0,300
"SBBR","SLLP","2025-09-16T21:31:00Z","2025-09-17T01:21:00Z",320,0,320
"SPIM","EKCH","2025-09-16T10:28:00Z","2025-09-17T01:21:00Z",340,0,340
"OAKB","EKCH","2025-09-16T17:12:00Z","2025-09-17T01:22:00Z",300,0,300
"SUAA","OYSN","2025-09-16T09:29:00Z","2025-09-17T01:22:00Z",360,0,360
"SVMI","SBBR","2025-09-16T19:00:00Z","2025-09-17T01:22:00Z",360,0,360
"SKBO","EKCH","2025-09-16T12:35:00Z","2025-09-17T01:23:00Z",340,0,340
"LKPR","SKBO","2025-09-16T12:25:00Z","2025-09-17T01:24:00Z",340,0,340
"SBBR","EBCI","2025-09-16T12:22:00Z","2025-09-17T01:24:00Z",300,0,300
"SBBR","UBBB","2025-09-16T09:45:00Z","2025-09-17T01:25:00Z",320,0,320
"OYSN","SBBR","2025-09-16T10:11:00Z","2025-09-17T01:26:00Z",360,0,360
"SEQM","EHAM","2025-09-16T12:32:00Z","2025-09-17T01:26:00Z",340,0,340
"SUAA","OMDB","2025-09-16T07:36:00Z","2025-09-17T01:26:00Z",320,0,320
"EHAM","LBSF","2025-09-16T21:11:00Z","2025-09-17T01:27:00Z",360,0,360
"SGAS","UBBB","2025-09-16T07:54:00Z","2025-09-17T01:27:00Z",300,0,300
"OERK","SVMI","2025-09-16T09:44:00Z","2025-09-17T01:29:00Z",320,0,320
"OMDB","SKBO","2025-09-16T06:20:00Z","2025-09-17T01:29:00Z",360,0,360
"SCEL","SBBR","2025-09-16T20:38:00Z","2025-09-17T01:29:00Z",360,0,360
"SUAA","EKCH","2025-09-16T09:38:00Z","2025-09-17T01:29:00Z",340,0,340
"EKCH","LKPR","2025-09-16T23:47:00Z","2025-09-17T01:30:00Z",340,0,340
"LBSF","SCEL","2025-09-16T08:39:00Z","2025-09-17T01:30:00Z",320,0,320
"LOWW","LDZA","2025-09-16T23:05:00Z","2025-09-17T01:30:00Z",320,0,320
"LKPR","OMDB","2025-09-16T18:54:00Z","2025-09-17T01:31:00Z",320,0,320
"EKCH","UMMS","2025-09-16T22:12:00Z","2025-09-17T01:32:00Z",320,0,320
"LOWW","VIDP","2025-09-16T16:28:00Z","2025-09-17T01:32:00Z",360,0,360
"UBBB","LDZA","2025-09-16T20:00:00Z","2025-09-17T01:32:00Z",320,0,320
"LOWW","OJAI","2025-09-16T20:26:00Z","2025-09-17T01:33:00Z",300,0,300
"SGAS","SCEL","2025-09-16T22:37:00Z","2025-09-17T01:33:00Z",340,0,340
"EHAM","SEQM","2025-09-16T12:40:00Z","2025-09-17T01:34:00Z",360,0,360
"OSDI","OOMS","2025-09-16T20:33:00Z","2025-09-17T01:35:00Z",320,0,320
"SGAS","SBBR","2025-09-16T22:40:00Z","2025-09-17T01:35:00Z",300,0,300
"UMMS","EBCI","2025-09-16T21:29:00Z","2025-09-17T01:36:00Z",360,0,360
"LATI","SVMI","2025-09-16T12:29:00Z","2025-09-17T01:38:00Z",320,0,320
"SABE","VIDP","2025-09-16T04:53:00Z","2025-09-17T01:38:00Z",340,0,340
"OMDB","EHAM","2025-09-16T17:06:00Z","2025-09-17T01:39:00Z",320,0,320
"SPIM","OSDI","2025-09-16T07:28:00Z","2025-09-17T01:39:00Z",320,0,320
"OMDB","EKCH","2025-09-16T17:37:00Z","2025-09-17T01:41:00Z",360,0,360
"SLLP","EDDI","2025-09-16T10:06:00Z","2025-09-17T01:41:00Z",300,0,300
"UMMS","OPKC","2025-09-16T18:55:00Z","2025-09-17T01:41:00Z",300,0,300
"OSDI","SVMI","2025-09-16T10:30:00Z","2025-09-17T01:42:00Z",320,0,320
"SBBR","OPKC","2025-09-16T07:15:00Z","2025-09-17T01:42:00Z",300,0,300
"VIDP","EKCH","2025-09-16T16:16:00Z","2025-09-17T01:42:00Z",360,0,360
"OPKC","SVMI","2025-09-16T06:32:00Z","2025-09-17T01:43:00Z",300,0,300
"SCEL","SUAA","2025-09-16T22:05:00Z","2025-09-17T01:43:00Z",300,0,300
"SEQM","SUAA","2025-09-16T18:10:00Z","2025-09-17T01:43:00Z",360,0,360
"EKCH","OJAI","2025-09-16T19:41:00Z","2025-09-17T01:44:00Z",320,0,320
"OJAI","OYSN","2025-09-16T21:13:00Z","2025-09-17T01:44:00Z",320,0,320
"OMDB","VIDP","2025-09-16T21:58:00Z","2025-09-17T01:44:00Z",320,0,320
"SCEL","OSDI","2025-09-16T07:02:00Z","2025-09-17T01:44:00Z",340,0,340
"SLLP","OPKC","2025-09-16T04:33:00Z","2025-09-17T01:44:00Z",340,0,340
"UMMS","SPIM","2025-09-16T08:33:00Z","2025-09-17T01:44:00Z",360,0,360
"LATI","LOWW","2025-09-16T22:44:00Z","2025-09-17T01:45:00Z",360,0,360
"OSDI","EKCH","2025-09-16T20:53:00Z","2025-09-17T01:45:00Z",300,0,300
"OSDI","SABE","2025-09-16T08:17:00Z","2025-09-17T01:46:00Z",340,0,340
"SCEL","EKCH","2025-09-16T08:04:00Z","2025-09-17T01:46:00Z",300,0,300
"VIDP","SBBR","2025-09-16T06:02:00Z","2025-09-17T01:46:00Z",320,0,320
"LOWW","SGAS","2025-09-16T10:06:00Z","2025-09-17T01:47:00Z",300,0,300
"SGAS","SUAA","2025-09-16T22:32:00Z","2025-09-17T01:47:00Z",360,0,360
"LBSF","OERK","2025-09-16T20:08:00Z","2025-09-17T01:48:00Z",300,0,300
"OYSN","EBCI","2025-09-16T17:09:00Z","2025-09-17T01:48:00Z",300,0,300
"SGAS","LKPR","2025-09-16T10:08:00Z","2025-09-17T01:48:00Z",300,0,300
"OSDI","VIDP","2025-09-16T19:52:00Z","2025-09-17T01:49:00Z",300,0,300
"SEQM","OJAI","2025-09-16T08:30:00Z","2025-09-17T01:49:00Z",320,0,320
"EKCH","SBBR","2025-09-16T11:50:00Z","2025-09-17T01:50:00Z",360,0,360
"SKBO","OSDI","2025-09-16T09:14:00Z","2025-09-17T01:50:00Z",340,0,340
"SUAA","VIDP","2025-09-16T04:19:00Z","2025-09-17T01:51:00Z",300,0,300
"UBBB","OSDI","2025-09-16T22:00:00Z","2025-09-17T01:51:00Z",340,0,340
"SPIM","SEQM","2025-09-16T22:11:00Z","2025-09-17T01:52:00Z",300,0,300
"SCEL","SKBO","2025-09-16T18:41:00Z","2025-09-17T01:53:00Z",360,0,360
"SGAS","SABE","2025-09-16T22:38:00Z","2025-09-17T01:53:00Z",300,0,300
"UBBB","SVMI","2025-09-16T09:32:00Z","2025-09-17T01:53:00Z",320,0,320
"UMMS","LOWW","2025-09-16T22:37:00Z","2025-09-17T01:53:00Z",320,0,320
"LKPR","OJAI","2025-09-16T20:28:00Z","2025-09-17T01:54:00Z",360,0,360
"SUAA","SEQM","2025-09-16T18:21:00Z","2025-09-17T01:54:00Z",360,0,360
"OJAI","EHAM","2025-09-16T19:36:00Z","2025-09-17T01:55:00Z",320,0,320
"EHAM","SKBO","2025-09-16T12:49:00Z","2025-09-17T01:56:00Z",360,0,360
"EDDI","SUAA","2025-09-16T09:17:00Z","2025-09-17T01:57:00Z",340,0,340
"SPIM","SABE","2025-09-16T20:03:00Z","2025-09-17T01:57:00Z",340,0,340
"EBCI","OPKC","2025-09-16T16:19:00Z","2025-09-17T01:58:00Z",300,0,300
"EKCH","SPIM","2025-09-16T10:05:00Z","2025-09-17T01:58:00Z",320,0,320
"OMDB","SGAS","2025-09-16T07:19:00Z","2025-09-17T01:58:00Z",360,0,360
"LBSF","VIDP","2025-09-16T17:37:00Z","2025-09-17T01:59:00Z",360,0,360
"SABE","UBBB","2025-09-16T06:41:00Z","2025-09-17T01:59:00Z",300,0,300
"SUAA","OJAI","2025-09-16T08:57:00Z","2025-09-17T01:59:00Z",320,0,320
"EDDI","OSDI","2025-09-16T21:29:00Z","2025-09-17T02:00:00Z",340,0,340
"OPKC","LOWW","2025-09-16T18:29:00Z","2025-09-17T02:00:00Z",320,0,320
"SABE","LDZA","2025-09-16T10:31:00Z","2025-09-17T02:00:00Z",300,0,300
"OJAI","OERK","2025-09-16T23:22:00Z","2025-09-17T02:02:00Z",300,0,300
"SKBO","OYSN","2025-09-16T08:51:00Z","2025-09-17T02:02:00Z",320,0,320
"EHAM","OAKB","2025-09-16T18:12:00Z","2025-09-17T02:03:00Z",340,0,340
"EBCI","LOWW","2025-09-16T23:56:00Z","2025-09-17T02:04:00Z",360,0,360
"OOMS","SBBR","2025-09-16T09:47:00Z","2025-09-17T02:04:00Z",340,0,340
"SGAS","OERK","2025-09-16T09:33:00Z","2025-09-17T02:04:00Z",340,0,340
"OOMS","SGAS","2025-09-16T08:08:00Z","2025-09-17T02:05:00Z",340,0,340
"SUAA","LBSF","2025-09-16T10:25:00Z","2025-09-17T02:05:00Z",300,0,300
"VIDP","EBCI","2025-09-16T16:56:00Z","2025-09-17T02:05:00Z",340,0,340
"LOWW","SABE","2025-09-16T10:23:00Z","2025-09-17T02:06:00Z",360,0,360
"OOMS","UBBB","2025-09-16T22:33:00Z","2025-09-17T02:06:00Z",340,0,340
"UMMS","SUAA","2025-09-16T09:16:00Z","2025-09-17T02:06:00Z",360,0,360
"SEQM","VIDP","2025-09-16T04:07:00Z","2025-09-17T02:08:00Z",300,0,300
"EHAM","UMMS","2025-09-16T22:09:00Z","2025-09-17T02:11:00Z",300,0,300
"SEQM","LBSF","2025-09-16T11:28:00Z","2025-09-17T02:11:00Z",340,0,340
"UBBB","EHAM","2025-09-16T20:30:00Z","2025-09-17T02:11:00Z",360,0,360
"EBCI","OJAI","2025-09-16T20:01:00Z","2025-09-17T02:12:00Z",340,0,340
"OERK","OPKC","2025-09-16T22:32:00Z","2025-09-17T02:12:00Z",300,0,300
"LOWW","OMDB","2025-09-16T19:52:00Z","2025-09-17T02:13:00Z",300,0,300
"SCEL","LATI","2025-09-16T09:48:00Z","2025-09-17T02:13:00Z",340,0,340
"LBSF","SLLP","2025-09-16T10:04:00Z","2025-09-17T02:14:00Z",360,0,360
"LDZA","UMMS","2025-09-16T23:41:00Z","2025-09-17T02:14:00Z",320,0,320
"OERK","EKCH","2025-09-16T19:40:00Z","2025-09-17T02:14:00Z",340,0,340
"OSDI","SLLP","2025-09-16T09:49:00Z","2025-09-17T02:14:00Z",300,0,300
"LBSF","OYSN","2025-09-16T20:43:00Z","2025-09-17T02:15:00Z",340,0,340
"SEQM","OERK","2025-09-16T08:22:00Z","2025-09-17T02:15:00Z",320,0,320
"EHAM","EBCI","2025-09-17T00:00:00Z","2025-09-17T02:16:00Z",300,0,300
"VIDP","SKBO","2025-09-16T05:02:00Z","2025-09-17T02:16:00Z",340,0,340
"EBCI","SABE","2025-09-16T10:16:00Z","2025-09-17T02:17:00Z",340,0,340
"SBBR","VIDP","2025-09-16T07:33:00Z","2025-09-17T02:17:00Z",320,0,320
"LATI","OERK","2025-09-16T21:22:00Z","2025-09-17T02:18:00Z",300,0,300
"SVMI","EKCH","2025-09-16T14:50:00Z","2025-09-17T02:19:00Z",360,0,360
"UMMS","SKBO","2025-09-16T11:11:00Z","2025-09-17T02:19:00Z",300,0,300
"EHAM","LBSF","2025-09-16T22:04:00Z","2025-09-17T02:20:00Z",340,0,340
"EHAM","LDZA","2025-09-16T23:52:00Z","2025-09-17T02:20:00Z",320,0,320
"SABE","EKCH","2025-09-16T10:22:00Z","2025-09-17T02:21:00Z",320,0,320
"EKCH","LBSF","2025-09-16T22:18:00Z","2025-09-17T02:22:00Z",360,0,360
"LATI","OAKB","2025-09-16T19:49:00Z","2025-09-17T02:22:00Z",320,0,320
"LKPR","OERK","2025-09-16T19:21:00Z","2025-09-17T02:22:00Z",340,0,340
"OERK","UMMS","2025-09-16T20:54:00Z","2025-09-17T02:22:00Z",300,0,300
"SPIM","LBSF","2025-09-16T10:38:00Z","2025-09-17T02:22:00Z",360,0,360
"OYSN","VIDP","2025-09-16T20:46:00Z","2025-09-17T02:24:00Z",320,0,320
"SUAA","LKPR","2025-09-16T10:49:00Z","2025-09-17T02:24:00Z",340,0,340
"SVMI","SEQM","2025-09-16T22:14:00Z","2025-09-17T02:24:00Z",360,0,360
"VIDP","OMDB","2025-09-16T22:38:00Z","2025-09-17T02:24:00Z",300,0,300
"LOWW","OYSN","2025-09-16T19:47:00Z","2025-09-17T02:25:00Z",360,0,360
"SPIM","EHAM","2025-09-16T11:16:00Z","2025-09-17T02:25:00Z",360,0,360
"SPIM","SLLP","2025-09-16T23:05:00Z","2025-09-17T02:25:00Z",320,0,320
"SVMI","SCEL","2025-09-16T18:23:00Z","2025-09-17T02:25:00Z",300,0,300
"LATI","LKPR","2025-09-16T23:05:00Z","2025-09-17T02:26:00Z",300,0,300
"OMDB","SABE","2025-09-16T07:22:00Z","2025-09-17T02:26:00Z",300,0,300
"OMDB","SLLP","2025-09-16T07:47:00Z","2025-09-17T02:26:00Z",300,0,300
"SCEL","EHAM","2025-09-16T10:34:00Z","2025-09-17T02:29:00Z",320,0,320
"SBBR","LBSF","2025-09-16T12:30:00Z","2025-09-17T02:30:00Z",320,0,320
"UMMS","EDDI","2025-09-16T23:14:00Z","2025-09-17T02:30:00Z",340,0,340
"LOWW","SLLP","2025-09-16T11:50:00Z","2025-09-17T02:31:00Z",300,0,300
"OYSN","OPKC","2025-09-16T21:15:00Z","2025-09-17T02:31:00Z",300,0,300
"SUAA","SABE","2025-09-17T00:18:00Z","2025-09-17T02:31:00Z",360,0,360
"SPIM","LATI","2025-09-16T10:13:00Z","2025-09-17T02:32:00Z",320,0,320
"UBBB","SLLP","2025-09-16T07:33:00Z","2025-09-17T02:33:00Z",300,0,300
"EHAM","LATI","2025-09-16T22:28:00Z","2025-09-17T02:34:00Z",320,0,320
"LDZA","OERK","2025-09-16T20:05:00Z","2025-09-17T02:34:00Z",300,0,300
"OMDB","OJAI","2025-09-16T22:58:00Z","2025-09-17T02:34:00Z",300,0,300
"SUAA","OERK","2025-09-16T09:49:00Z","2025-09-17T02:34:00Z",340,0,340
"UBBB","SEQM","2025-09-16T08:03:00Z","2025-09-17T02:34:00Z",360,0,360
"OJAI","OMDB","2025-09-16T22:00:00Z","2025-09-17T02:36:00Z",320,0,320
"OMDB","SUAA","2025-09-16T08:47:00Z","2025-09-17T02:37:00Z",340,0,340
"SGAS","EHAM","2025-09-16T11:33:00Z","2025-09-17T02:38:00Z",320,0,320
"UBBB","OAKB","2025-09-16T22:24:00Z","2025-09-17T02:40:00Z",320,0,320
"EKCH","OSDI","2025-09-16T21:49:00Z","2025-09-17T02:41:00Z",320,0,320
"OERK","SGAS","2025-09-16T09:10:00Z","2025-09-17T02:41:00Z",320,0,320
"OOMS","SUAA","2025-09-16T07:38:00Z","2025-09-17T02:41:00Z",300,0,300
"SVMI","EBCI","2025-09-16T15:58:00Z","2025-09-17T02:41:00Z",320,0,320
"OAKB","VIDP","2025-09-16T23:26:00Z","2025-09-17T02:42:00Z",300,0,300
"SEQM","SKBO","2025-09-17T00:55:00Z","2025-09-17T02:42:00Z",360,0,360
"SGAS","OAKB","2025-09-16T06:09:00Z","2025-09-17T02:42:00Z",360,0,360
"LBSF","EHAM","2025-09-16T22:27:00Z","2025-09-17T02:43:00Z",300,0,300
"LBSF","LATI","2025-09-17T00:17:00Z","2025-09-17T02:43:00Z",300,0,300
"SGAS","LBSF","2025-09-16T11:49:00Z","2025-09-17T02:44:00Z",320,0,320
"SUAA","OOMS","2025-09-16T07:41:00Z","2025-09-17T02:44:00Z",320,0,320
"LATI","LBSF","2025-09-17T00:20:00Z","2025-09-17T02:46:00Z",300,0,300
"LKPR","SEQM","2025-09-16T12:00:00Z","2025-09-17T02:46:00Z",360,0,360
"SBBR","OSDI","2025-09-16T12:51:00Z","2025-09-17T02:46:00Z",300,0,300
"SCEL","SPIM","2025-09-16T21:42:00Z","2025-09-17T02:46:00Z",360,0,360
"VIDP","SUAA","2025-09-16T05:14:00Z","2025-09-17T02:46:00Z",320,0,320
"OJAI","SPIM","2025-09-16T08:43:00Z","2025-09-17T02:47:00Z",340,0,340
"OMDB","OOMS","2025-09-17T00:19:00Z","2025-09-17T02:47:00Z",300,0,300
"OYSN","OJAI","2025-09-16T22:16:00Z","2025-09-17T02:47:00Z",320,0,320
"SBBR","OAKB","2025-09-16T08:02:00Z","2025-09-17T02:47:00Z",320,0,320
"VIDP","OSDI","2025-09-16T20:50:00Z","2025-09-17T02:47:00Z",300,0,300
"EBCI","SKBO","2025-09-16T13:43:00Z","2025-09-17T02:48:00Z",340,0,340
"EDDI","UBBB","2025-09-16T21:54:00Z","2025-09-17T02:48:00Z",340,0,340
"SKBO","SEQM","2025-09-17T00:01:00Z","2025-09-17T02:48:00Z",340,0,340
"SVMI","SUAA","2025-09-16T18:31:00Z","2025-09-17T02:48:00Z",360,0,360
"EKCH","SABE","2025-09-16T10:50:00Z","2025-09-17T02:49:00Z",360,0,360
"EKCH","SUAA","2025-09-16T10:58:00Z","2025-09-17T02:49:00Z",340,0,340
"LOWW","UBBB","2025-09-16T21:15:00Z","2025-09-17T02:49:00Z",300,0,300
"SVMI","OPKC","2025-09-16T07:38:00Z","2025-09-17T02:49:00Z",340,0,340
"UBBB","OERK","2025-09-16T22:32:00Z","2025-09-17T02:49:00Z",340,0,340
"LOWW","UMMS","2025-09-16T23:34:00Z","2025-09-17T02:50:00Z",300,0,300
"OJAI","SEQM","2025-09-16T09:31:00Z","2025-09-17T02:50:00Z",360,0,360
"OPKC","LATI","2025-09-16T18:47:00Z","2025-09-17T02:50:00Z",340,0,340
"SABE","SGAS","2025-09-16T23:35:00Z","2025-09-17T02:50:00Z",340,0,340
"SKBO","UMMS","2025-09-16T11:42:00Z","2025-09-17T02:50:00Z",340,0,340
"EKCH","UBBB","2025-09-16T20:46:00Z","2025-09-17T02:51:00Z",320,0,320
"EBCI","VIDP","2025-09-16T16:43:00Z","2025-09-17T02:52:00Z",320,0,320
"OPKC","SVMI","2025-09-16T07:41:00Z","2025-09-17T02:52:00Z",360,0,360
"SKBO","OJAI","2025-09-16T10:19:00Z","2025-09-17T02:52:00Z",360,0,360
"SKBO","LATI","2025-09-16T12:21:00Z","2025-09-17T02:53:00Z",360,0,360
"UBBB","OPKC","2025-09-16T21:53:00Z","2025-09-17T02:53:00Z",340,0,340
"LKPR","UBBB","2025-09-16T21:08:00Z","2025-09-17T02:54:00Z",360,0,360
"SKBO","SCEL","2025-09-16T19:42:00Z","2025-09-17T02:54:00Z",320,0,320
"VIDP","SGAS","2025-09-16T05:29:00Z","2025-09-17T02:55:00Z",360,0,360
"LATI","SGAS","2025-09-16T11:27:00Z","2025-09-17T02:56:00Z",340,0,340
"EHAM","OPKC","2025-09-16T17:18:00Z","2025-09-17T02:58:00Z",320,0,320
"LATI","OMDB","2025-09-16T20:14:00Z","2025-09-17T02:58:00Z",340,0,340
"OERK","VIDP","2025-09-16T21:04:00Z","2025-09-17T02:59:00Z",300,0,300
"OSDI","OMDB","2025-09-16T22:25:00Z","2025-09-17T02:59:00Z",340,0,340
"SABE","EBCI","2025-09-16T10:58:00Z","2025-09-17T02:59:00Z",360,0,360
"SPIM","SUAA","2025-09-16T20:55:00Z","2025-09-17T02:59:00Z",340,0,340
"SVMI","EHAM","2025-09-16T16:14:00Z","2025-09-17T03:00:00Z",360,0,360
"EDDI","OMDB","2025-09-16T20:12:00Z","2025-09-17T03:01:00Z",360,0,360
"EDDI","SLLP","2025-09-16T12:26:00Z","2025-09-17T03:01:00Z",300,0,300
"EHAM","SBBR","2025-09-16T14:48:00Z","2025-09-17T03:01:00Z",340,0,340
"LDZA","EDDI","2025-09-17T00:00:00Z","2025-09-17T03:01:00Z",340,0,340
"OMDB","LBSF","2025-09-16T21:38:00Z","2025-09-17T03:01:00Z",360,0,360
"OMDB","LDZA","2025-09-16T20:49:00Z","2025-09-17T03:01:00Z",340,0,340
"OPKC","LATI","2025-09-16T19:58:00Z","2025-09-17T03:01:00Z",360,0,360
"OJAI","SBBR","2025-09-16T13:18:00Z","2025-09-17T03:02:00Z",320,0,320
"EKCH","LOWW","2025-09-17T00:01:00Z","2025-09-17T03:03:00Z",300,0,300
"LDZA","UBBB","2025-09-16T22:31:00Z","2025-09-17T03:03:00Z",340,0,340
"LOWW","OSDI","2025-09-16T23:05:00Z","2025-09-17T03:03:00Z",300,0,300
"EBCI","EHAM","2025-09-17T01:48:00Z","2025-09-17T03:04:00Z",360,0,360
"LDZA","VIDP","2025-09-16T18:00:00Z","2025-09-17T03:04:00Z",340,0,340
"OERK","EBCI","2025-09-16T20:15:00Z","2025-09-17T03:04:00Z",360,0,360
"SCEL","OERK","2025-09-16T08:45:00Z","2025-09-17T03:04:00Z",360,0,360
"EKCH","LATI","2025-09-16T23:02:00Z","2025-09-17T03:05:00Z",340,0,340
"OAKB","SPIM","2025-09-16T06:13:00Z","2025-09-17T03:05:00Z",340,0,340
"SPIM","OPKC","2025-09-16T05:58:00Z","2025-09-17T03:05:00Z",360,0,360
"EBCI","UBBB","2025-09-16T21:27:00Z","2025-09-17T03:07:00Z",300,0,300
"SABE","LOWW","2025-09-16T11:24:00Z","2025-09-17T03:07:00Z",300,0,300
"SGAS","LDZA","2025-09-16T12:38:00Z","2025-09-17T03:07:00Z",340,0,340
"SLLP","EKCH","2025-09-16T12:29:00Z","2025-09-17T03:07:00Z",360,0,360
"SUAA","EBCI","2025-09-16T12:14:00Z","2025-09-17T03:07:00Z",340,0,340
"LATI","OYSN","2025-09-16T21:24:00Z","2025-09-17T03:08:00Z",320,0,320
"OJAI","SABE","2025-09-16T10:55:00Z","2025-09-17T03:09:00Z",360,0,360
"SPIM","UBBB","2025-09-16T08:34:00Z","2025-09-17T03:09:00Z",340,0,340
"EKCH","LDZA","2025-09-17T00:44:00Z","2025-09-17T03:10:00Z",320,0,320
"LDZA","OSDI","2025-09-16T23:26:00Z","2025-09-17T03:10:00Z",300,0,300
"LDZA","SCEL","2025-09-16T10:46:00Z","2025-09-17T03:10:00Z",300,0,300
"OAKB","LDZA","2025-09-16T20:22:00Z","2025-09-17T03:10:00Z",320,0,320
"OPKC","LKPR","2025-09-16T19:25:00Z","2025-09-17T03:10:00Z",360,0,360
"EKCH","OMDB","2025-09-16T19:07:00Z","2025-09-17T03:11:00Z",360,0,360
"EHAM","OJAI","2025-09-16T21:53:00Z","2025-09-17T03:12:00Z",300,0,300
"OMDB","SPIM","2025-09-16T07:37:00Z","2025-09-17T03:12:00Z",360,0,360
"OOMS","OSDI","2025-09-16T22:10:00Z","2025-09-17T03:12:00Z",300,0,300
"OPKC","OYSN","2025-09-16T22:56:00Z","2025-09-17T03:12:00Z",300,0,300
"SABE","OERK","2025-09-16T10:13:00Z","2025-09-17T03:12:00Z",300,0,300
"LBSF","LDZA","2025-09-17T01:25:00Z","2025-09-17T03:14:00Z",340,0,340
"OAKB","OERK","2025-09-16T22:08:00Z","2025-09-17T03:15:00Z",320,0,320
"OSDI","SBBR","2025-09-16T13:20:00Z","2025-09-17T03:15:00Z",360,0,360
"SUAA","OAKB","2025-09-16T07:22:00Z","2025-09-17T03:15:00Z",360,0,360
"EHAM","LOWW","2025-09-17T00:05:00Z","2025-09-17T03:17:00Z",320,0,320
"OAKB","SABE","2025-09-16T06:12:00Z","2025-09-17T03:18:00Z",360,0,360
"SABE","OMDB","2025-09-16T08:14:00Z","2025-09-17T03:18:00Z",340,0,340
"EDDI","SVMI","2025-09-16T15:47:00Z","2025-09-17T03:19:00Z",340,0,340
"LATI","EDDI","2025-09-17T00:41:00Z","2025-09-17T03:19:00Z",360,0,360
"SUAA","EDDI","2025-09-16T11:39:00Z","2025-09-17T03:19:00Z",300,0,300
"OJAI","EDDI","2025-09-16T22:38:00Z","2025-09-17T03:20:00Z",340,0,340
"OERK","SEQM","2025-09-16T09:28:00Z","2025-09-17T03:21:00Z",340,0,340
"OOMS","SVMI","2025-09-16T09:07:00Z","2025-09-17T03:21:00Z",340,0,340
"EDDI","SUAA","2025-09-16T11:42:00Z","2025-09-17T03:22:00Z",320,0,320
"LDZA","SABE","2025-09-16T11:53:00Z","2025-09-17T03:22:00Z",360,0,360
"OERK","SUAA","2025-09-16T10:37:00Z","2025-09-17T03:22:00Z",300,0,300
"UBBB","SBBR","2025-09-16T11:42:00Z","2025-09-17T03:22:00Z",360,0,360
"EBCI","SKBO","2025-09-16T14:18:00Z","2025-09-17T03:23:00Z",300,0,300
"OAKB","SEQM","2025-09-16T07:38:00Z","2025-09-17T03:23:00Z",300,0,300
"LKPR","EBCI","2025-09-17T01:31:00Z","2025-09-17T03:24:00Z",300,0,300
"OMDB","EBCI","2025-09-16T19:55:00Z","2025-09-17T03:24:00Z",340,0,340
"OYSN","SCEL","2025-09-16T09:53:00Z","2025-09-17T03:24:00Z",340,0,340
"SLLP","SEQM","2025-09-16T23:47:00Z","2025-09-17T03:24:00Z",320,0,320
"SUAA","OPKC","2025-09-16T07:15:00Z","2025-09-17T03:24:00Z",300,0,300
"LATI","OERK","2025-09-16T22:29:00Z","2025-09-17T03:25:00Z",340,0,340
"SPIM","SKBO","2025-09-16T23:09:00Z","2025-09-17T03:25:00Z",340,0,340
"LKPR","SGAS","2025-09-16T12:46:00Z","2025-09-17T03:26:00Z",300,0,300
"OPKC","UBBB","2025-09-16T22:26:00Z","2025-09-17T03:26:00Z",320,0,320
"SKBO","OOMS","2025-09-16T08:49:00Z","2025-09-17T03:26:00Z",300,0,300
"VIDP","OERK","2025-09-16T22:31:00Z","2025-09-17T03:26:00Z",320,0,320
"EDDI","EKCH","2025-09-17T01:02:00Z","2025-09-17T03:27:00Z",300,0,300
"LATI","EBCI","2025-09-17T00:32:00Z","2025-09-17T03:27:00Z",360,0,360
"OJAI","SKBO","2025-09-16T11:54:00Z","2025-09-17T03:27:00Z",320,0,320
"OMDB","OYSN","2025-09-16T23:27:00Z","2025-09-17T03:27:00Z",340,0,340
"SCEL","LOWW","2025-09-16T10:53:00Z","2025-09-17T03:28:00Z",300,0,300
"VIDP","SVMI","2025-09-16T08:36:00Z","2025-09-17T03:28:00Z",340,0,340
"EHAM","EDDI","2025-09-17T01:43:00Z","2025-09-17T03:29:00Z",300,0,300
"LATI","SBBR","2025-09-16T14:55:00Z","2025-09-17T03:29:00Z",320,0,320
"LDZA","SUAA","2025-09-16T11:10:00Z","2025-09-17T03:29:00Z",300,0,300
"VIDP","OOMS","2025-09-16T23:00:00Z","2025-09-17T03:29:00Z",340,0,340
"EHAM","UBBB","2025-09-16T21:49:00Z","2025-09-17T03:30:00Z",360,0,360
"SLLP","UBBB","2025-09-16T08:30:00Z","2025-09-17T03:30:00Z",320,0,320
"OOMS","LOWW","2025-09-16T20:43:00Z","2025-09-17T03:32:00Z",340,0,340
"SLLP","LKPR","2025-09-16T12:57:00Z","2025-09-17T03:32:00Z",300,0,300
"SLLP","SUAA","2025-09-16T23:36:00Z","2025-09-17T03:32:00Z",300,0,300
"SCEL","EBCI","2025-09-16T11:47:00Z","2025-09-17T03:33:00Z",320,0,320
"SCEL","UMMS","2025-09-16T09:43:00Z","2025-09-17T03:33:00Z",360,0,360
"OOMS","LBSF","2025-09-16T21:43:00Z","2025-09-17T03:34:00Z",300,0,300
"SABE","LATI","2025-09-16T11:09:00Z","2025-09-17T03:34:00Z",340,0,340
"SABE","SUAA","2025-09-17T01:21:00Z","2025-09-17T03:34:00Z",320,0,320
"SCEL","OPKC","2025-09-16T06:47:00Z","2025-09-17T03:34:00Z",320,0,320
"SCEL","SGAS","2025-09-17T00:38:00Z","2025-09-17T03:34:00Z",360,0,360
"UBBB","LBSF","2025-09-16T23:43:00Z","2025-09-17T03:34:00Z",320,0,320
"OSDI","SUAA","2025-09-16T10:19:00Z","2025-09-17T03:35:00Z",340,0,340
"SVMI","SPIM","2025-09-16T22:09:00Z","2025-09-17T03:35:00Z",320,0,320
"EDDI","OSDI","2025-09-16T22:05:00Z","2025-09-17T03:36:00Z",300,0,300
"OYSN","EKCH","2025-09-16T19:02:00Z","2025-09-17T03:36:00Z",300,0,300
"VIDP","LKPR","2025-09-16T18:21:00Z","2025-09-17T03:36:00Z",320,0,320
"LDZA","OMDB","2025-09-16T20:25:00Z","2025-09-17T03:37:00Z",320,0,320
"OYSN","EDDI","2025-09-16T19:24:00Z","2025-09-17T03:37:00Z",360,0,360
"SCEL","LBSF","2025-09-16T10:46:00Z","2025-09-17T03:37:00Z",320,0,320
"EDDI","UBBB","2025-09-16T22:44:00Z","2025-09-17T03:38:00Z",360,0,360
"OAKB","SBBR","2025-09-16T09:53:00Z","2025-09-17T03:38:00Z",300,0,300
"SCEL","OMDB","2025-09-16T07:12:00Z","2025-09-17T03:38:00Z",300,0,300
"SEQM","EBCI","2025-09-16T14:46:00Z","2025-09-17T03:38:00Z",320,0,320
"SEQM","SLLP","2025-09-16T23:01:00Z","2025-09-17T03:38:00Z",320,0,320
"SPIM","OMDB","2025-09-16T07:04:00Z","2025-09-17T03:39:00Z",340,0,340
"EKCH","EHAM","2025-09-17T01:53:00Z","2025-09-17T03:40:00Z",360,0,360
"LOWW","SCEL","2025-09-16T10:05:00Z","2025-09-17T03:40:00Z",300,0,300
"EBCI","OMDB","2025-09-16T19:12:00Z","2025-09-17T03:41:00Z",360,0,360
"SKBO","SVMI","2025-09-17T00:18:00Z","2025-09-17T03:41:00Z",360,0,360
"EDDI","UMMS","2025-09-17T00:27:00Z","2025-09-17T03:43:00Z",300,0,300
"SCEL","SVMI","2025-09-16T19:42:00Z","2025-09-17T03:44:00Z",300,0,300
"EDDI","EBCI","2025-09-17T01:55:00Z","2025-09-17T03:45:00Z",300,0,300
"LATI","OPKC","2025-09-16T19:42:00Z","2025-09-17T03:45:00Z",320,0,320
"LDZA","OOMS","2025-09-16T20:05:00Z","2025-09-17T03:45:00Z",300,0,300
"SUAA","LOWW","2025-09-16T11:11:00Z","2025-09-17T03:45:00Z",300,0,300
"EDDI","VIDP","2025-09-16T18:25:00Z","2025-09-17T03:46:00Z",340,0,340
"LDZA","EHAM","2025-09-17T00:18:00Z","2025-09-17T03:46:00Z",340,0,340
"SCEL","UBBB","2025-09-16T07:17:00Z","2025-09-17T03:46:00Z",320,0,320
"LATI","OJAI","2025-09-16T23:31:00Z","2025-09-17T03:47:00Z",300,0,300
"LDZA","LOWW","2025-09-17T01:23:00Z","2025-09-17T03:48:00Z",340,0,340
"SABE","LDZA","2025-09-16T11:19:00Z","2025-09-17T03:48:00Z",360,0,360
"UBBB","SVMI","2025-09-16T11:27:00Z","2025-09-17T03:48:00Z",360,0,360
"OJAI","SCEL","2025-09-16T09:22:00Z","2025-09-17T03:50:00Z",320,0,320
"EBCI","OOMS","2025-09-16T19:54:00Z","2025-09-17T03:51:00Z",300,0,300
"SEQM","OSDI","2025-09-16T10:30:00Z","2025-09-17T03:52:00Z",320,0,320
"SGAS","SEQM","2025-09-16T21:22:00Z","2025-09-17T03:52:00Z",320,0,320
"EKCH","SVMI","2025-09-16T15:24:00Z","2025-09-17T03:53:00Z",300,0,300
"LOWW","OPKC","2025-09-16T19:22:00Z","2025-09-17T03:53:00Z",320,0,320
"SBBR","SUAA","2025-09-16T23:00:00Z","2025-09-17T03:53:00Z",340,0,340
"OOMS","SKBO","2025-09-16T08:17:00Z","2025-09-17T03:54:00Z",360,0,360
"OYSN","SKBO","2025-09-16T09:43:00Z","2025-09-17T03:54:00Z",360,0,360
"EHAM","EKCH","2025-09-17T01:08:00Z","2025-09-17T03:55:00Z",340,0,340
"LBSF","OJAI","2025-09-16T23:53:00Z","2025-09-17T03:55:00Z",360,0,360
"EKCH","SGAS","2025-09-16T12:04:00Z","2025-09-17T03:56:00Z",320,0,320
"EHAM","SVMI","2025-09-16T16:11:00Z","2025-09-17T03:57:00Z",320,0,320
"EBCI","EKCH","2025-09-17T01:00:00Z","2025-09-17T03:58:00Z",300,0,300
"LKPR","LDZA","2025-09-17T01:15:00Z","2025-09-17T03:58:00Z",300,0,300
"VIDP","UMMS","2025-09-16T19:52:00Z","2025-09-17T03:58:00Z",320,0,320
"EBCI","LATI","2025-09-17T00:04:00Z","2025-09-17T03:59:00Z",300,0,300
"EBCI","SCEL","2025-09-16T11:13:00Z","2025-09-17T03:59:00Z",360,0,360
"LKPR","LATI","2025-09-17T00:38:00Z","2025-09-17T03:59:00Z",300,0,300
"OSDI","SKBO","2025-09-16T11:23:00Z","2025-09-17T03:59:00Z",300,0,300
"SVMI","OAKB","2025-09-16T09:23:00Z","2025-09-17T03:59:00Z",320,0,320
"UBBB","OYSN","2025-09-16T22:25:00Z","2025-09-17T03:59:00Z",320,0,320
"UMMS","EHAM","2025-09-16T23:57:00Z","2025-09-17T03:59:00Z",320,0,320
"LDZA","EKCH","2025-09-17T01:34:00Z","2025-09-17T04:00:00Z",320,0,320
"OOMS","OAKB","2025-09-17T00:58:00Z","2025-09-17T04:00:00Z",300,0,300
"SABE","SVMI","2025-09-16T20:46:00Z","2025-09-17T04:00:00Z",300,0,300
"OSDI","OERK","2025-09-17T01:17:00Z","2025-09-17T04:02:00Z",300,0,300
"EBCI","SVMI","2025-09-16T17:20:00Z","2025-09-17T04:03:00Z",360,0,360
"SGAS","EBCI","2025-09-16T14:08:00Z","2025-09-17T04:03:00Z",360,0,360
"SLLP","SBBR","2025-09-17T00:13:00Z","2025-09-17T04:03:00Z",320,0,320
"UMMS","OPKC","2025-09-16T21:17:00Z","2025-09-17T04:03:00Z",360,0,360
"OMDB","SEQM","2025-09-16T09:08:00Z","2025-09-17T04:04:00Z",360,0,360
"SGAS","OYSN","2025-09-16T12:14:00Z","2025-09-17T04:04:00Z",360,0,360
"SKBO","OMDB","2025-09-16T09:55:00Z","2025-09-17T04:04:00Z",300,0,300
"SLLP","SKBO","2025-09-17T00:09:00Z","2025-09-17T04:04:00Z",300,0,300
"SUAA","UBBB","2025-09-16T09:58:00Z","2025-09-17T04:04:00Z",320,0,320
"SVMI","UBBB","2025-09-16T12:43:00Z","2025-09-17T04:04:00Z",320,0,320
"OMDB","SKBO","2025-09-16T09:56:00Z","2025-09-17T04:05:00Z",340,0,340
"OYSN","VIDP","2025-09-16T22:27:00Z","2025-09-17T04:05:00Z",360,0,360
"SBBR","EBCI","2025-09-16T15:04:00Z","2025-09-17T04:06:00Z",300,0,300
"OAKB","SGAS","2025-09-16T08:34:00Z","2025-09-17T04:07:00Z",360,0,360
"SBBR","SVMI","2025-09-16T22:45:00Z","2025-09-17T04:07:00Z",320,0,320
"SGAS","LOWW","2025-09-16T13:26:00Z","2025-09-17T04:07:00Z",300,0,300
"OAKB","SLLP","2025-09-16T07:54:00Z","2025-09-17T04:08:00Z",320,0,320
"OSDI","SCEL","2025-09-16T10:26:00Z","2025-09-17T04:08:00Z",320,0,320
"SPIM","OYSN","2025-09-16T09:58:00Z","2025-09-17T04:08:00Z",320,0,320
"SPIM","EBCI","2025-09-16T13:07:00Z","2025-09-17T04:11:00Z",320,0,320
"UBBB","UMMS","2025-09-17T00:26:00Z","2025-09-17T04:12:00Z",300,0,300
"LATI","OSDI","2025-09-17T00:02:00Z","2025-09-17T04:13:00Z",360,0,360
"OSDI","EKCH","2025-09-16T23:21:00Z","2025-09-17T04:13:00Z",340,0,340
"SEQM","VIDP","2025-09-16T06:12:00Z","2025-09-17T04:13:00Z",320,0,320
"SVMI","OERK","2025-09-16T12:28:00Z","2025-09-17T04:13:00Z",320,0,320
"EDDI","SABE","2025-09-16T12:25:00Z","2025-09-17T04:14:00Z",340,0,340
"OOMS","LKPR","2025-09-16T20:10:00Z","2025-09-17T04:15:00Z",320,0,320
"SEQM","LKPR","2025-09-16T14:29:00Z","2025-09-17T04:15:00Z",320,0,320
"SVMI","SKBO","2025-09-17T01:52:00Z","2025-09-17T04:15:00Z",360,0,360
"OAKB","SKBO","2025-09-16T09:18:00Z","2025-09-17T04:16:00Z",320,0,320
"SLLP","VIDP","2025-09-16T06:55:00Z","2025-09-17T04:16:00Z",320,0,320
"OMDB","OAKB","2025-09-17T00:11:00Z","2025-09-17T04:17:00Z",320,0,320
"OYSN","UMMS","2025-09-16T21:41:00Z","2025-09-17T04:17:00Z",340,0,340
"VIDP","EHAM","2025-09-16T18:10:00Z","2025-09-17T04:17:00Z",360,0,360
"SKBO","SGAS","2025-09-16T22:38:00Z","2025-09-17T04:18:00Z",340,0,340
"EDDI","LATI","2025-09-17T01:41:00Z","2025-09-17T04:19:00Z",320,0,320
"LBSF","UBBB","2025-09-17T00:28:00Z","2025-09-17T04:19:00Z",320,0,320
"LDZA","SPIM","2025-09-16T12:15:00Z","2025-09-17T04:19:00Z",300,0,300
"OJAI","LKPR","2025-09-16T23:53:00Z","2025-09-17T04:19:00Z",320,0,320
"UMMS","SPIM","2025-09-16T11:08:00Z","2025-09-17T04:19:00Z",340,0,340
"EKCH","EBCI","2025-09-17T02:22:00Z","2025-09-17T04:20:00Z",340,0,340
"OAKB","EBCI","2025-09-16T20:28:00Z","2025-09-17T04:20:00Z",320,0,320
"SVMI","LOWW","2025-09-16T16:32:00Z","2025-09-17T04:20:00Z",320,0,320
"EDDI","EHAM","2025-09-17T02:35:00Z","2025-09-17T04:21:00Z",340,0,340
"LOWW","LATI","2025-09-17T01:20:00Z","2025-09-17T04:21:00Z",300,0,300
"OJAI","EBCI","2025-09-16T22:10:00Z","2025-09-17T04:21:00Z",360,0,360
"SKBO","OAKB","2025-09-16T09:24:00Z","2025-09-17T04:22:00Z",300,0,300
"UMMS","LATI","2025-09-17T01:30:00Z","2025-09-17T04:22:00Z",320,0,320
"LKPR","OSDI","2025-09-16T23:06:00Z","2025-09-17T04:23:00Z",340,0,340
"LKPR","SBBR","2025-09-16T15:37:00Z","2025-09-17T04:23:00Z",360,0,360
"OERK","OAKB","2025-09-16T23:16:00Z","2025-09-17T04:23:00Z",340,0,340
"OSDI","VIDP","2025-09-16T22:27:00Z","2025-09-17T04:24:00Z",360,0,360
"OERK","LKPR","2025-09-16T21:24:00Z","2025-09-17T04:25:00Z",320,0,320
"OSDI","LKPR","2025-09-16T23:08:00Z","2025-09-17T04:25:00Z",300,0,300
"SLLP","SGAS","2025-09-17T01:31:00Z","2025-09-17T04:25:00Z",360,0,360
"SVMI","LKPR","2025-09-16T16:52:00Z","2025-09-17T04:29:00Z",360,0,360
"EBCI","EDDI","2025-09-17T02:41:00Z","2025-09-17T04:31:00Z",360,0,360
"LOWW","OERK","2025-09-16T22:48:00Z","2025-09-17T04:31:00Z",340,0,340
"EKCH","EDDI","2025-09-17T02:07:00Z","2025-09-17T04:32:00Z",340,0,340
"OJAI","LDZA","2025-09-17T00:41:00Z","2025-09-17T04:32:00Z",300,0,300
"LDZA","EBCI","2025-09-17T01:14:00Z","2025-09-17T04:33:00Z",300,0,300
"SABE","OAKB","2025-09-16T07:27:00Z","2025-09-17T04:33:00Z",360,0,360
"SVMI","EDDI","2025-09-16T16:01:00Z","2025-09-17T04:33:00Z",320,0,320
"LDZA","LATI","2025-09-17T02:56:00Z","2025-09-17T04:34:00Z",340,0,340
"LKPR","SUAA","2025-09-16T12:59:00Z","2025-09-17T04:34:00Z",360,0,360
"UBBB","EHAM","2025-09-16T22:53:00Z","2025-09-17T04:34:00Z",340,0,340
"EKCH","SCEL","2025-09-16T11:53:00Z","2025-09-17T04:35:00Z",340,0,340
"EHAM","OMDB","2025-09-16T20:03:00Z","2025-09-17T04:36:00Z",360,0,360
"OMDB","SLLP","2025-09-16T09:57:00Z","2025-09-17T04:36:00Z",340,0,340
"OPKC","UMMS","2025-09-16T21:50:00Z","2025-09-17T04:36:00Z",340,0,340
"SPIM","LKPR","2025-09-16T13:39:00Z","2025-09-17T04:36:00Z",340,0,340
"LBSF","LKPR","2025-09-17T01:12:00Z","2025-09-17T04:37:00Z",360,0,360
"EDDI","LKPR","2025-09-17T02:21:00Z","2025-09-17T04:38:00Z",360,0,360
"OPKC","EKCH","2025-09-16T19:33:00Z","2025-09-17T04:38:00Z",340,0,340
"UMMS","SABE","2025-09-16T11:39:00Z","2025-09-17T04:38:00Z",300,0,300
"SLLP","OERK","2025-09-16T10:09:00Z","2025-09-17T04:39:00Z",300,0,300
"OMDB","OOMS","2025-09-17T02:13:00Z","2025-09-17T04:41:00Z",320,0,320
"OSDI","SGAS","2025-09-16T12:55:00Z","2025-09-17T04:41:00Z",300,0,300
"SKBO","UBBB","2025-09-16T11:57:00Z","2025-09-17T04:41:00Z",320,0,320
"EKCH","SKBO","2025-09-16T15:54:00Z","2025-09-17T04:42:00Z",320,0,320
"SCEL","SKBO","2025-09-16T21:30:00Z","2025-09-17T04:42:00Z",340,0,340
"SUAA","UMMS","2025-09-16T11:52:00Z","2025-09-17T04:42:00Z",360,0,360
"VIDP","OYSN","2025-09-16T22:04:00Z","2025-09-17T04:42:00Z",300,0,300
"EDDI","OJAI","2025-09-16T23:01:00Z","2025-09-17T04:43:00Z",340,0,340
"EDDI","SEQM","2025-09-16T14:03:00Z","2025-09-17T04:43:00Z",320,0,320
"LATI","SVMI","2025-09-16T15:34:00Z","2025-09-17T04:43:00Z",300,0,300
"OERK","SPIM","2025-09-16T09:16:00Z","2025-09-17T04:43:00Z",360,0,360
"SBBR","OMDB","2025-09-16T12:46:00Z","2025-09-17T04:43:00Z",300,0,300
"EBCI","OERK","2025-09-16T21:56:00Z","2025-09-17T04:45:00Z",340,0,340
"LBSF","OSDI","2025-09-17T01:51:00Z","2025-09-17T04:45:00Z",340,0,340
"SEQM","UBBB","2025-09-16T10:14:00Z","2025-09-17T04:45:00Z",340,0,340
"SLLP","OMDB","2025-09-16T09:06:00Z","2025-09-17T04:45:00Z",300,0,300
"VIDP","SPIM","2025-09-16T05:39:00Z","2025-09-17T04:45:00Z",300,0,300
"LBSF","SVMI","2025-09-16T15:13:00Z","2025-09-17T04:46:00Z",300,0,300
"VIDP","OJAI","2025-09-16T21:41:00Z","2025-09-17T04:47:00Z",360,0,360
"SCEL","SEQM","2025-09-16T22:04:00Z","2025-09-17T04:48:00Z",340,0,340
"EDDI","SPIM","2025-09-16T13:55:00Z","2025-09-17T04:49:00Z",360,0,360
"LDZA","SGAS","2025-09-16T13:20:00Z","2025-09-17T04:49:00Z",360,0,360
"SUAA","SVMI","2025-09-16T20:32:00Z","2025-09-17T04:49:00Z",360,0,360
"LOWW","LBSF","2025-09-17T01:45:00Z","2025-09-17T04:50:00Z",320,0,320
"UBBB","EBCI","2025-09-16T22:10:00Z","2025-09-17T04:50:00Z",340,0,340
"OMDB","OSDI","2025-09-17T00:18:00Z","2025-09-17T04:52:00Z",360,0,360
"OSDI","LDZA","2025-09-17T00:08:00Z","2025-09-17T04:52:00Z",360,0,360
"OYSN","SPIM","2025-09-16T09:42:00Z","2025-09-17T04:52:00Z",300,0,300
"SKBO","OERK","2025-09-16T10:45:00Z","2025-09-17T04:52:00Z",360,0,360
"LBSF","SUAA","2025-09-16T12:13:00Z","2025-09-17T04:53:00Z",300,0,300
"OJAI","LOWW","2025-09-16T23:46:00Z","2025-09-17T04:53:00Z",360,0,360
"SABE","OSDI","2025-09-16T11:24:00Z","2025-09-17T04:53:00Z",340,0,340
"SBBR","SCEL","2025-09-16T23:02:00Z","2025-09-17T04:53:00Z",300,0,300
"SEQM","UMMS","2025-09-16T13:58:00Z","2025-09-17T04:53:00Z",360,0,360
"SABE","OMDB","2025-09-16T09:50:00Z","2025-09-17T04:54:00Z",340,0,340
"SPIM","SUAA","2025-09-16T22:51:00Z","2025-09-17T04:55:00Z",360,0,360
"EHAM","OERK","2025-09-16T21:01:00Z","2025-09-17T04:56:00Z",300,0,300
"LATI","LDZA","2025-09-17T02:18:00Z","2025-09-17T04:56:00Z",340,0,340
"LOWW","SUAA","2025-09-16T12:22:00Z","2025-09-17T04:56:00Z",320,0,320
"OJAI","SPIM","2025-09-16T10:52:00Z","2025-09-17T04:56:00Z",360,0,360
"SPIM","SABE","2025-09-16T23:02:00Z","2025-09-17T04:56:00Z",340,0,340
"OMDB","EDDI","2025-09-16T21:08:00Z","2025-09-17T04:57:00Z",340,0,340
"OOMS","SPIM","2025-09-16T07:57:00Z","2025-09-17T04:57:00Z",300,0,300
"OSDI","SPIM","2025-09-16T10:46:00Z","2025-09-17T04:57:00Z",320,0,320
"LBSF","EBCI","2025-09-17T00:49:00Z","2025-09-17T04:58:00Z",300,0,300
"UMMS","OSDI","2025-09-17T00:04:00Z","2025-09-17T04:58:00Z",320,0,320
"LBSF","LOWW","2025-09-17T01:54:00Z","2025-09-17T04:59:00Z",360,0,360
"SBBR","SABE","2025-09-17T01:01:00Z","2025-09-17T05:00:00Z",300,0,300
"EHAM","SUAA","2025-09-16T13:56:00Z","2025-09-17T05:01:00Z",340,0,340
"OERK","SBBR","2025-09-16T14:13:00Z","2025-09-17T05:01:00Z",360,0,360
"SABE","OOMS","2025-09-16T10:44:00Z","2025-09-17T05:01:00Z",340,0,340
"OOMS","VIDP","2025-09-17T01:33:00Z","2025-09-17T05:02:00Z",340,0,340
"LKPR","UBBB","2025-09-17T00:17:00Z","2025-09-17T05:03:00Z",320,0,320
"OPKC","EDDI","2025-09-16T21:09:00Z","2025-09-17T05:03:00Z",320,0,320
"OAKB","UBBB","2025-09-17T01:48:00Z","2025-09-17T05:04:00Z",320,0,320
"EHAM","VIDP","2025-09-16T19:58:00Z","2025-09-17T05:05:00Z",340,0,340
"OERK","UBBB","2025-09-17T01:48:00Z","2025-09-17T05:05:00Z",300,0,300
"OYSN","LATI","2025-09-16T23:21:00Z","2025-09-17T05:05:00Z",300,0,300
"SLLP","LOWW","2025-09-16T14:24:00Z","2025-09-17T05:05:00Z",300,0,300
"LOWW","SVMI","2025-09-16T17:18:00Z","2025-09-17T05:06:00Z",320,0,320
"UBBB","LATI","2025-09-17T00:49:00Z","2025-09-17T05:06:00Z",300,0,300
"LDZA","OPKC","2025-09-16T21:41:00Z","2025-09-17T05:07:00Z",320,0,320
"LBSF","EKCH","2025-09-17T01:04:00Z","2025-09-17T05:08:00Z",340,0,340
"OYSN","OAKB","2025-09-16T23:01:00Z","2025-09-17T05:08:00Z",300,0,300
"LATI","UMMS","2025-09-17T02:17:00Z","2025-09-17T05:09:00Z",340,0,340
"LDZA","SKBO","2025-09-16T15:59:00Z","2025-09-17T05:10:00Z",360,0,360
"EKCH","SLLP","2025-09-16T14:33:00Z","2025-09-17T05:11:00Z",340,0,340
"UMMS","EKCH","2025-09-17T02:51:00Z","2025-09-17T05:11:00Z",340,0,340
"LATI","OMDB","2025-09-16T23:28:00Z","2025-09-17T05:12:00Z",360,0,360
"LBSF","OYSN","2025-09-16T23:41:00Z","2025-09-17T05:13:00Z",360,0,360
"LKPR","EHAM","2025-09-17T03:18:00Z","2025-09-17T05:13:00Z",300,0,300
"SUAA","OSDI","2025-09-16T12:57:00Z","2025-09-17T05:13:00Z",340,0,340
"LBSF","OAKB","2025-09-16T22:08:00Z","2025-09-17T05:15:00Z",300,0,300
"EBCI","LKPR","2025-09-17T03:23:00Z","2025-09-17T05:16:00Z",300,0,300
"SLLP","OSDI","2025-09-16T12:52:00Z","2025-09-17T05:17:00Z",320,0,320
"EDDI","OAKB","2025-09-16T21:14:00Z","2025-09-17T05:18:00Z",320,0,320
"OMDB","LKPR","2025-09-16T22:42:00Z","2025-09-17T05:19:00Z",300,0,300
"SCEL","OYSN","2025-09-16T11:48:00Z","2025-09-17T05:19:00Z",320,0,320
"UMMS","OAKB","2025-09-16T23:29:00Z","2025-09-17T05:19:00Z",320,0,320
"OJAI","OPKC","2025-09-16T23:16:00Z","2025-09-17T05:20:00Z",340,0,340
"OPKC","SEQM","2025-09-16T08:58:00Z","2025-09-17T05:20:00Z",300,0,300
"OYSN","SGAS","2025-09-16T13:30:00Z","2025-09-17T05:20:00Z",360,0,360
"SEQM","LATI","2025-09-16T14:01:00Z","2025-09-17T05:20:00Z",300,0,300
"LBSF","SLLP","2025-09-16T13:11:00Z","2025-09-17T05:21:00Z",320,0,320
"OAKB","SVMI","2025-09-16T11:45:00Z","2025-09-17T05:21:00Z",360,0,360
"OJAI","VIDP","2025-09-16T22:15:00Z","2025-09-17T05:21:00Z",300,0,300
"EDDI","LOWW","2025-09-17T03:45:00Z","2025-09-17T05:22:00Z",320,0,320
"EHAM","SPIM","2025-09-16T14:13:00Z","2025-09-17T05:22:00Z",320,0,320
"OJAI","SLLP","2025-09-16T12:07:00Z","2025-09-17T05:22:00Z",360,0,360
"EDDI","OPKC","2025-09-16T21:30:00Z","2025-09-17T05:24:00Z",320,0,320
"LKPR","OAKB","2025-09-16T22:25:00Z","2025-09-17T05:24:00Z",360,0,360
"OOMS","LATI","2025-09-16T22:12:00Z","2025-09-17T05:24:00Z",340,0,340
"SPIM","SBBR","2025-09-16T23:19:00Z","2025-09-17T05:24:00Z",340,0,340
"SCEL","OOMS","2025-09-16T09:46:00Z","2025-09-17T05:26:00Z",360,0,360
"UMMS","OERK","2025-09-16T23:58:00Z","2025-09-17T05:26:00Z",320,0,320
"UMMS","SEQM","2025-09-16T14:31:00Z","2025-09-17T05:26:00Z",340,0,340
"SCEL","OSDI","2025-09-16T11:45:00Z","2025-09-17T05:27:00Z",340,0,340
"OERK","SKBO","2025-09-16T11:22:00Z","2025-09-17T05:29:00Z",340,0,340
"OAKB","UMMS","2025-09-16T23:40:00Z","2025-09-17T05:30:00Z",320,0,320
"SLLP","OOMS","2025-09-16T09:30:00Z","2025-09-17T05:31:00Z",360,0,360
"VIDP","LATI","2025-09-16T21:43:00Z","2025-09-17T05:31:00Z",320,0,320
"LKPR","OPKC","2025-09-16T21:47:00Z","2025-09-17T05:32:00Z",360,0,360
"OYSN","SEQM","2025-09-16T11:39:00Z","2025-09-17T05:32:00Z",300,0,300
"SLLP","SVMI","2025-09-17T00:54:00Z","2025-09-17T05:32:00Z",320,0,320
"SUAA","SCEL","2025-09-17T02:55:00Z","2025-09-17T05:33:00Z",360,0,360
"OPKC","SKBO","2025-09-16T09:00:00Z","2025-09-17T05:35:00Z",320,0,320
"SABE","SPIM","2025-09-17T00:41:00Z","2025-09-17T05:35:00Z",300,0,300
"VIDP","EBCI","2025-09-16T19:26:00Z","2025-09-17T05:35:00Z",360,0,360
"OOMS","SUAA","2025-09-16T10:33:00Z","2025-09-17T05:36:00Z",320,0,320
"OSDI","OOMS","2025-09-17T00:34:00Z","2025-09-17T05:36:00Z",320,0,320
"SGAS","LBSF","2025-09-16T14:41:00Z","2025-09-17T05:36:00Z",320,0,320
"LKPR","SCEL","2025-09-16T12:04:00Z","2025-09-17T05:37:00Z",320,0,320
"LATI","EHAM","2025-09-17T01:32:00Z","2025-09-17T05:38:00Z",340,0,340
"SPIM","SCEL","2025-09-17T00:34:00Z","2025-09-17T05:38:00Z",300,0,300
"OERK","OJAI","2025-09-17T02:59:00Z","2025-09-17T05:39:00Z",320,0,320
"SUAA","OPKC","2025-09-16T09:30:00Z","2025-09-17T05:39:00Z",360,0,360
"OPKC","SCEL","2025-09-16T08:53:00Z","2025-09-17T05:40:00Z",300,0,300
"OYSN","EDDI","2025-09-16T21:27:00Z","2025-09-17T05:40:00Z",360,0,360
"EDDI","LBSF","2025-09-17T02:01:00Z","2025-09-17T05:42:00Z",360,0,360
"OAKB","EKCH","2025-09-16T21:32:00Z","2025-09-17T05:42:00Z",300,0,300
"OERK","LOWW","2025-09-16T23:59:00Z","2025-09-17T05:42:00Z",300,0,300
"SBBR","EHAM","2025-09-16T16:30:00Z","2025-09-17T05:43:00Z",320,0,320
"SBBR","OJAI","2025-09-16T15:59:00Z","2025-09-17T05:43:00Z",340,0,340
"SUAA","SPIM","2025-09-16T23:39:00Z","2025-09-17T05:43:00Z",300,0,300
"UBBB","VIDP","2025-09-17T00:12:00Z","2025-09-17T05:43:00Z",300,0,300
"VIDP","LOWW","2025-09-16T20:39:00Z","2025-09-17T05:43:00Z",340,0,340
"SCEL","SLLP","2025-09-17T01:21:00Z","2025-09-17T05:44:00Z",360,0,360
"EBCI","LBSF","2025-09-17T01:36:00Z","2025-09-17T05:45:00Z",340,0,340
"OYSN","EKCH","2025-09-16T21:11:00Z","2025-09-17T05:45:00Z",360,0,360
"EBCI","SGAS","2025-09-16T15:51:00Z","2025-09-17T05:46:00Z",300,0,300
"LOWW","EDDI","2025-09-17T03:09:00Z","2025-09-17T05:46:00Z",360,0,360
"UBBB","SKBO","2025-09-16T12:02:00Z","2025-09-17T05:46:00Z",300,0,300
"VIDP","UBBB","2025-09-17T00:15:00Z","2025-09-17T05:46:00Z",360,0,360
"LOWW","EBCI","2025-09-17T02:39:00Z","2025-09-17T05:47:00Z",320,0,320
"LOWW","UBBB","2025-09-17T00:13:00Z","2025-09-17T05:47:00Z",360,0,360
"SKBO","LKPR","2025-09-16T16:48:00Z","2025-09-17T05:47:00Z",360,0,360
"SEQM","SGAS","2025-09-16T23:18:00Z","2025-09-17T05:48:00Z",360,0,360
"LBSF","OOMS","2025-09-16T23:58:00Z","2025-09-17T05:49:00Z",340,0,340
"OMDB","LATI","2025-09-16T23:05:00Z","2025-09-17T05:49:00Z",340,0,340
"SVMI","EBCI","2025-09-16T18:06:00Z","2025-09-17T05:49:00Z",340,0,340
"LDZA","LBSF","2025-09-17T03:01:00Z","2025-09-17T05:50:00Z",320,0,320
"OMDB","UBBB","2025-09-17T01:40:00Z","2025-09-17T05:50:00Z",340,0,340
"SPIM","SEQM","2025-09-17T02:09:00Z","2025-09-17T05:50:00Z",320,0,320
"SGAS","EDDI","2025-09-16T14:07:00Z","2025-09-17T05:51:00Z",340,0,340
"SUAA","EHAM","2025-09-16T13:46:00Z","2025-09-17T05:51:00Z",300,0,300
"LKPR","OERK","2025-09-16T22:51:00Z","2025-09-17T05:52:00Z",360,0,360
"SGAS","SVMI","2025-09-16T22:50:00Z","2025-09-17T05:52:00Z",300,0,300
"UBBB","LKPR","2025-09-17T00:06:00Z","2025-09-17T05:52:00Z",360,0,360
"UBBB","SLLP","2025-09-16T10:53:00Z","2025-09-17T05:53:00Z",300,0,300
"LBSF","OERK","2025-09-17T00:14:00Z","2025-09-17T05:54:00Z",300,0,300
"SBBR","SEQM","2025-09-16T23:11:00Z","2025-09-17T05:57:00Z",300,0,300
"SABE","UBBB","2025-09-16T10:41:00Z","2025-09-17T05:59:00Z",360,0,360
"OOMS","OAKB","2025-09-17T02:58:00Z","2025-09-17T06:00:00Z",360,0,360
"SEQM","SVMI","2025-09-17T02:50:00Z","2025-09-17T06:00:00Z",320,0,320
"SGAS","SLLP","2025-09-17T03:06:00Z","2025-09-17T06:00:00Z",320,0,320
"UMMS","SBBR","2025-09-16T15:59:00Z","2025-09-17T06:01:00Z",340,0,340
"EBCI","LDZA","2025-09-17T03:43:00Z","2025-09-17T06:02:00Z",340,0,340
"EKCH","OERK","2025-09-16T23:28:00Z","2025-09-17T06:02:00Z",340,0,340
"OJAI","EHAM","2025-09-17T00:43:00Z","2025-09-17T06:02:00Z",360,0,360
"EDDI","LDZA","2025-09-17T03:03:00Z","2025-09-17T06:04:00Z",360,0,360
"OERK","LATI","2025-09-17T01:08:00Z","2025-09-17T06:04:00Z",300,0,300
"SABE","LKPR","2025-09-16T14:21:00Z","2025-09-17T06:04:00Z",340,0,340
"SGAS","UBBB","2025-09-16T12:31:00Z","2025-09-17T06:04:00Z",340,0,340
"EHAM","OMDB","2025-09-16T22:32:00Z","2025-09-17T06:05:00Z",340,0,340
"EBCI","OSDI","2025-09-17T00:03:00Z","2025-09-17T06:06:00Z",320,0,320
"LKPR","SPIM","2025-09-16T15:09:00Z","2025-09-17T06:06:00Z",300,0,300
"LOWW","SABE","2025-09-16T14:23:00Z","2025-09-17T06:06:00Z",320,0,320
"LBSF","OMDB","2025-09-17T00:44:00Z","2025-09-17T06:07:00Z",340,0,340
"SVMI","OSDI","2025-09-16T15:55:00Z","2025-09-17T06:07:00Z",340,0,340
"LBSF","SPIM","2025-09-16T14:24:00Z","2025-09-17T06:08:00Z",320,0,320
"OYSN","SVMI","2025-09-16T14:16:00Z","2025-09-17T06:08:00Z",320,0,320
"SGAS","OERK","2025-09-16T13:37:00Z","2025-09-17T06:08:00Z",340,0,340
"SUAA","SGAS","2025-09-17T03:55:00Z","2025-09-17T06:10:00Z",340,0,340
"LATI","OYSN","2025-09-17T00:28:00Z","2025-09-17T06:12:00Z",300,0,300
"SLLP","SPIM","2025-09-17T03:52:00Z","2025-09-17T06:12:00Z",340,0,340
"EHAM","SGAS","2025-09-16T15:08:00Z","2025-09-17T06:13:00Z",340,0,340
"LBSF","SKBO","2025-09-16T16:17:00Z","2025-09-17T06:13:00Z",300,0,300
"VIDP","OERK","2025-09-17T01:18:00Z","2025-09-17T06:13:00Z",360,0,360
"SGAS","EKCH","2025-09-16T15:22:00Z","2025-09-17T06:14:00Z",300,0,300
"SGAS","OSDI","2025-09-16T14:28:00Z","2025-09-17T06:14:00Z",340,0,340
"EBCI","OAKB","2025-09-16T22:23:00Z","2025-09-17T06:15:00Z",360,0,360
"SEQM","EDDI","2025-09-16T16:35:00Z","2025-09-17T06:15:00Z",340,0,340
"SEQM","OJAI","2025-09-16T13:57:00Z","2025-09-17T06:16:00Z",340,0,340
"UBBB","OPKC","2025-09-17T01:16:00Z","2025-09-17T06:16:00Z",340,0,340
"EDDI","OPKC","2025-09-16T22:23:00Z","2025-09-17T06:17:00Z",340,0,340
"LOWW","LKPR","2025-09-17T04:57:00Z","2025-09-17T06:17:00Z",300,0,300
"OJAI","SUAA","2025-09-16T13:16:00Z","2025-09-17T06:18:00Z",360,0,360
"UMMS","LOWW","2025-09-17T03:02:00Z","2025-09-17T06:18:00Z",340,0,340
"UMMS","LKPR","2025-09-17T03:02:00Z","2025-09-17T06:19:00Z",340,0,340
"OMDB","EKCH","2025-09-16T22:17:00Z","2025-09-17T06:21:00Z",300,0,300
"SUAA","LATI","2025-09-16T14:08:00Z","2025-09-17T06:22:00Z",340,0,340
"LOWW","SEQM","2025-09-16T16:26:00Z","2025-09-17T06:23:00Z",320,0,320
"UBBB","OMDB","2025-09-17T02:13:00Z","2025-09-17T06:23:00Z",360,0,360
"OERK","SLLP","2025-09-16T12:54:00Z","2025-09-17T06:24:00Z",320,0,320
"OOMS","SCEL","2025-09-16T10:44:00Z","2025-09-17T06:24:00Z",320,0,320
"SVMI","SGAS","2025-09-16T23:22:00Z","2025-09-17T06:24:00Z",320,0,320
"UMMS","SGAS","2025-09-16T14:27:00Z","2025-09-17T06:24:00Z",340,0,340
"OPKC","VIDP","2025-09-17T03:03:00Z","2025-09-17T06:25:00Z",340,0,340
"SKBO","LDZA","2025-09-16T16:14:00Z","2025-09-17T06:25:00Z",300,0,300
"EKCH","SVMI","2025-09-16T18:57:00Z","2025-09-17T06:26:00Z",340,0,340
"OPKC","EHAM","2025-09-16T21:46:00Z","2025-09-17T06:26:00Z",300,0,300
"UMMS","LATI","2025-09-17T03:34:00Z","2025-09-17T06:26:00Z",320,0,320
"VIDP","SEQM","2025-09-16T08:25:00Z","2025-09-17T06:26:00Z",360,0,360
"LKPR","SBBR","2025-09-16T17:41:00Z","2025-09-17T06:27:00Z",320,0,320
"SBBR","LKPR","2025-09-16T17:41:00Z","2025-09-17T06:27:00Z",300,0,300
"SKBO","SLLP","2025-09-17T02:33:00Z","2025-09-17T06:28:00Z",360,0,360
"OERK","SABE","2025-09-16T13:30:00Z","2025-09-17T06:29:00Z",360,0,360
"SPIM","VIDP","2025-09-16T07:23:00Z","2025-09-17T06:29:00Z",360,0,360
"LKPR","LOWW","2025-09-17T04:11:00Z","2025-09-17T06:31:00Z",360,0,360
"LOWW","OOMS","2025-09-16T23:43:00Z","2025-09-17T06:32:00Z",320,0,320
"SBBR","SKBO","2025-09-17T00:57:00Z","2025-09-17T06:32:00Z",360,0,360
"UBBB","SUAA","2025-09-16T11:26:00Z","2025-09-17T06:32:00Z",300,0,300
"OMDB","SABE","2025-09-16T11:30:00Z","2025-09-17T06:34:00Z",340,0,340
"SPIM","LBSF","2025-09-16T14:51:00Z","2025-09-17T06:35:00Z",340,0,340
"UMMS","LDZA","2025-09-17T03:02:00Z","2025-09-17T06:35:00Z",320,0,320
"UMMS","UBBB","2025-09-17T02:49:00Z","2025-09-17T06:35:00Z",340,0,340
"OAKB","SPIM","2025-09-16T09:44:00Z","2025-09-17T06:36:00Z",340,0,340
"SGAS","UMMS","2025-09-16T14:39:00Z","2025-09-17T06:36:00Z",320,0,320
"SABE","VIDP","2025-09-16T09:52:00Z","2025-09-17T06:37:00Z",300,0,300
"SEQM","LDZA","2025-09-16T16:38:00Z","2025-09-17T06:37:00Z",340,0,340
"OAKB","SABE","2025-09-16T09:33:00Z","2025-09-17T06:39:00Z",320,0,320
"OERK","LBSF","2025-09-17T01:59:00Z","2025-09-17T06:39:00Z",340,0,340
"OPKC","UBBB","2025-09-17T01:39:00Z","2025-09-17T06:39:00Z",300,0,300
"VIDP","SABE","2025-09-16T09:54:00Z","2025-09-17T06:39:00Z",300,0,300
"EDDI","SKBO","2025-09-16T17:47:00Z","2025-09-17T06:40:00Z",340,0,340
"OPKC","SABE","2025-09-16T10:17:00Z","2025-09-17T06:40:00Z",360,0,360
"EBCI","OOMS","2025-09-16T22:44:00Z","2025-09-17T06:41:00Z",360,0,360
"LKPR","SABE","2025-09-16T14:58:00Z","2025-09-17T06:41:00Z",320,0,320
"OSDI","LOWW","2025-09-17T02:43:00Z","2025-09-17T06:41:00Z",300,0,300
"SLLP","OOMS","2025-09-16T10:40:00Z","2025-09-17T06:41:00Z",300,0,300
"SVMI","LATI","2025-09-16T17:32:00Z","2025-09-17T06:41:00Z",320,0,320
"OAKB","LBSF","2025-09-16T23:35:00Z","2025-09-17T06:42:00Z",320,0,320
"VIDP","EKCH","2025-09-16T21:18:00Z","2025-09-17T06:44:00Z",300,0,300
"LDZA","SUAA","2025-09-16T14:26:00Z","2025-09-17T06:45:00Z",360,0,360
"OJAI","LBSF","2025-09-17T02:43:00Z","2025-09-17T06:45:00Z",360,0,360
"SUAA","EBCI","2025-09-16T15:52:00Z","2025-09-17T06:45:00Z",360,0,360
"EHAM","SCEL","2025-09-16T14:51:00Z","2025-09-17T06:46:00Z",360,0,360
"OYSN","SLLP","2025-09-16T12:43:00Z","2025-09-17T06:46:00Z",300,0,300
"OAKB","OYSN","2025-09-17T00:42:00Z","2025-09-17T06:49:00Z",320,0,320
"OPKC","OJAI","2025-09-17T00:45:00Z","2025-09-17T06:49:00Z",300,0,300
"UBBB","SCEL","2025-09-16T10:20:00Z","2025-09-17T06:49:00Z",300,0,300
"LATI","SUAA","2025-09-16T14:36:00Z","2025-09-17T06:50:00Z",300,0,300
"SEQM","OYSN","2025-09-16T12:58:00Z","2025-09-17T06:51:00Z",340,0,340
"LKPR","VIDP","2025-09-16T21:37:00Z","2025-09-17T06:52:00Z",340,0,340
"SKBO","OPKC","2025-09-16T10:17:00Z","2025-09-17T06:52:00Z",360,0,360
"OMDB","LOWW","2025-09-16T23:34:00Z","2025-09-17T06:55:00Z",300,0,300
"OPKC","LBSF","2025-09-16T23:16:00Z","2025-09-17T06:55:00Z",300,0,300
"SCEL","OERK","2025-09-16T11:36:00Z","2025-09-17T06:55:00Z",360,0,360
"SVMI","OJAI","2025-09-16T15:46:00Z","2025-09-17T06:56:00Z",300,0,300
"OSDI","SABE","2025-09-16T13:29:00Z","2025-09-17T06:58:00Z",320,0,320
"SEQM","OSDI","2025-09-16T13:36:00Z","2025-09-17T06:58:00Z",300,0,300
"SABE","OAKB","2025-09-16T09:53:00Z","2025-09-17T06:59:00Z",320,0,320
"SCEL","OMDB","2025-09-16T10:33:00Z","2025-09-17T06:59:00Z",320,0,320
"OMDB","SBBR","2025-09-16T15:03:00Z","2025-09-17T07:00:00Z",340,0,340
"SABE","OPKC","2025-09-16T11:37:00Z","2025-09-17T07:00:00Z",300,0,300
"SBBR","SLLP","2025-09-17T03:10:00Z","2025-09-17T07:00:00Z",360,0,360
"SEQM","OPKC","2025-09-16T10:38:00Z","2025-09-17T07:00:00Z",360,0,360
"SGAS","SCEL","2025-09-17T04:04:00Z","2025-09-17T07:00:00Z",360,0,360
"SVMI","LDZA","2025-09-16T19:12:00Z","2025-09-17T07:00:00Z",340,0,340
"SKBO","SPIM","2025-09-17T03:45:00Z","2025-09-17T07:01:00Z",340,0,340
"LDZA","OJAI","2025-09-17T03:11:00Z","2025-09-17T07:02:00Z",300,0,300
"LKPR","SVMI","2025-09-16T19:25:00Z","2025-09-17T07:02:00Z",300,0,300
"SCEL","OJAI","2025-09-16T13:34:00Z","2025-09-17T07:02:00Z",300,0,300
"EBCI","SGAS","2025-09-16T17:08:00Z","2025-09-17T07:03:00Z",300,0,300
"OAKB","LKPR","2025-09-17T00:04:00Z","2025-09-17T07:03:00Z",340,0,340
"SBBR","EKCH","2025-09-16T17:04:00Z","2025-09-17T07:04:00Z",320,0,320
"LKPR","OPKC","2025-09-16T23:20:00Z","2025-09-17T07:05:00Z",300,0,300
"LOWW","SBBR","2025-09-16T18:19:00Z","2025-09-17T07:05:00Z",320,0,320
"EKCH","LDZA","2025-09-17T04:40:00Z","2025-09-17T07:06:00Z",320,0,320
"EKCH","UBBB","2025-09-17T01:01:00Z","2025-09-17T07:06:00Z",300,0,300
"LOWW","SKBO","2025-09-16T17:56:00Z","2025-09-17T07:06:00Z",360,0,360
"LATI","LKPR","2025-09-17T04:46:00Z","2025-09-17T07:07:00Z",320,0,320
"OMDB","SPIM","2025-09-16T11:32:00Z","2025-09-17T07:07:00Z",320,0,320
"SLLP","LBSF","2025-09-16T15:57:00Z","2025-09-17T07:07:00Z",340,0,340
"OOMS","EDDI","2025-09-16T23:52:00Z","2025-09-17T07:08:00Z",300,0,300
"OJAI","SGAS","2025-09-16T15:35:00Z","2025-09-17T07:09:00Z",300,0,300
"OYSN","SBBR","2025-09-16T16:55:00Z","2025-09-17T07:10:00Z",360,0,360
"EKCH","SKBO","2025-09-16T18:23:00Z","2025-09-17T07:11:00Z",360,0,360
"SGAS","OJAI","2025-09-16T15:37:00Z","2025-09-17T07:11:00Z",360,0,360
"SLLP","SCEL","2025-09-17T03:48:00Z","2025-09-17T07:11:00Z",320,0,320
"OAKB","OJAI","2025-09-17T01:12:00Z","2025-09-17T07:12:00Z",340,0,340
"SPIM","LDZA","2025-09-16T15:11:00Z","2025-09-17T07:15:00Z",360,0,360
"VIDP","LDZA","2025-09-16T22:11:00Z","2025-09-17T07:15:00Z",320,0,320
"EKCH","OAKB","2025-09-16T23:06:00Z","2025-09-17T07:16:00Z",300,0,300
"OMDB","SGAS","2025-09-16T13:37:00Z","2025-09-17T07:16:00Z",360,0,360
"LATI","LDZA","2025-09-17T05:39:00Z","2025-09-17T07:17:00Z",360,0,360
"SKBO","OJAI","2025-09-16T15:44:00Z","2025-09-17T07:17:00Z",300,0,300
"LOWW","OMDB","2025-09-17T00:57:00Z","2025-09-17T07:18:00Z",340,0,340
"SLLP","OYSN","2025-09-16T13:15:00Z","2025-09-17T07:18:00Z",340,0,340
"SUAA","OJAI","2025-09-16T14:16:00Z","2025-09-17T07:18:00Z",300,0,300
"UMMS","SCEL","2025-09-16T13:28:00Z","2025-09-17T07:18:00Z",360,0,360
"OAKB","UBBB","2025-09-17T03:03:00Z","2025-09-17T07:19:00Z",340,0,340
"SUAA","VIDP","2025-09-16T10:47:00Z","2025-09-17T07:19:00Z",300,0,300
"SVMI","OMDB","2025-09-16T14:33:00Z","2025-09-17T07:19:00Z",320,0,320
"EBCI","OMDB","2025-09-16T23:51:00Z","2025-09-17T07:20:00Z",360,0,360
"EDDI","OOMS","2025-09-16T23:05:00Z","2025-09-17T07:21:00Z",300,0,300
"OPKC","OSDI","2025-09-17T02:22:00Z","2025-09-17T07:21:00Z",360,0,360
"OJAI","OYSN","2025-09-17T03:51:00Z","2025-09-17T07:22:00Z",340,0,340
"EBCI","LATI","2025-09-17T04:28:00Z","2025-09-17T07:23:00Z",340,0,340
"EHAM","UBBB","2025-09-17T01:42:00Z","2025-09-17T07:23:00Z",300,0,300
"OMDB","EBCI","2025-09-16T23:54:00Z","2025-09-17T07:23:00Z",320,0,320
"SBBR","OOMS","2025-09-16T14:06:00Z","2025-09-17T07:23:00Z",300,0,300
"SPIM","UMMS","2025-09-16T14:12:00Z","2025-09-17T07:23:00Z",320,0,320
"VIDP","LBSF","2025-09-16T23:01:00Z","2025-09-17T07:23:00Z",360,0,360
"SUAA","LBSF","2025-09-16T15:44:00Z","2025-09-17T07:24:00Z",340,0,340
"EBCI","UBBB","2025-09-17T01:45:00Z","2025-09-17T07:25:00Z",360,0,360
"LKPR","SGAS","2025-09-16T16:45:00Z","2025-09-17T07:25:00Z",300,0,300
"OPKC","LDZA","2025-09-16T23:59:00Z","2025-09-17T07:25:00Z",300,0,300
"VIDP","OYSN","2025-09-17T01:47:00Z","2025-09-17T07:25:00Z",340,0,340
"EKCH","SLLP","2025-09-16T16:48:00Z","2025-09-17T07:26:00Z",340,0,340
"LATI","SKBO","2025-09-16T17:54:00Z","2025-09-17T07:26:00Z",360,0,360
"SPIM","OYSN","2025-09-16T12:16:00Z","2025-09-17T07:26:00Z",300,0,300
"VIDP","UBBB","2025-09-17T02:55:00Z","2025-09-17T07:26:00Z",300,0,300
"LATI","SEQM","2025-09-16T16:08:00Z","2025-09-17T07:27:00Z",340,0,340
"OPKC","SUAA","2025-09-16T11:18:00Z","2025-09-17T07:27:00Z",340,0,340
"OYSN","UBBB","2025-09-17T02:53:00Z","2025-09-17T07:27:00Z",340,0,340
"VIDP","SCEL","2025-09-16T08:18:00Z","2025-09-17T07:27:00Z",360,0,360
"OSDI","SEQM","2025-09-16T14:06:00Z","2025-09-17T07:28:00Z",300,0,300
"SGAS","SKBO","2025-09-17T01:48:00Z","2025-09-17T07:28:00Z",340,0,340
"SLLP","LDZA","2025-09-16T16:53:00Z","2025-09-17T07:28:00Z",320,0,320
"EBCI","EHAM","2025-09-17T05:13:00Z","2025-09-17T07:29:00Z",340,0,340
"LATI","EKCH","2025-09-17T03:26:00Z","2025-09-17T07:29:00Z",340,0,340
"SKBO","SCEL","2025-09-17T00:18:00Z","2025-09-17T07:30:00Z",320,0,320
"SLLP","SABE","2025-09-17T03:42:00Z","2025-09-17T07:30:00Z",340,0,340
"LATI","UBBB","2025-09-17T02:14:00Z","2025-09-17T07:31:00Z",360,0,360
"SCEL","UMMS","2025-09-16T13:41:00Z","2025-09-17T07:31:00Z",360,0,360
"SVMI","SBBR","2025-09-17T01:09:00Z","2025-09-17T07:31:00Z",320,0,320
"UBBB","OOMS","2025-09-17T03:58:00Z","2025-09-17T07:31:00Z",360,0,360
"SVMI","SLLP","2025-09-17T02:55:00Z","2025-09-17T07:33:00Z",300,0,300
"OSDI","EBCI","2025-09-17T01:32:00Z","2025-09-17T07:35:00Z",320,0,320
"SPIM","EDDI","2025-09-16T16:41:00Z","2025-09-17T07:35:00Z",320,0,320
"SBBR","OAKB","2025-09-16T13:51:00Z","2025-09-17T07:36:00Z",300,0,300
"SCEL","LKPR","2025-09-16T14:04:00Z","2025-09-17T07:37:00Z",360,0,360
"SBBR","OERK","2025-09-16T16:50:00Z","2025-09-17T07:38:00Z",320,0,320
"SGAS","LKPR","2025-09-16T16:58:00Z","2025-09-17T07:38:00Z",360,0,360
"SKBO","EBCI","2025-09-16T18:33:00Z","2025-09-17T07:38:00Z",360,0,360
"LDZA","OMDB","2025-09-17T00:27:00Z","2025-09-17T07:39:00Z",300,0,300
"OERK","SVMI","2025-09-16T15:54:00Z","2025-09-17T07:39:00Z",320,0,320
"SGAS","OOMS","2025-09-16T13:42:00Z","2025-09-17T07:39:00Z",360,0,360
"UBBB","SEQM","2025-09-16T13:08:00Z","2025-09-17T07:39:00Z",340,0,340
"SEQM","UBBB","2025-09-16T13:09:00Z","2025-09-17T07:40:00Z",360,0,360
"SUAA","OOMS","2025-09-16T12:37:00Z","2025-09-17T07:40:00Z",320,0,320
"LOWW","UMMS","2025-09-17T04:25:00Z","2025-09-17T07:41:00Z",300,0,300
"SKBO","EDDI","2025-09-16T18:48:00Z","2025-09-17T07:41:00Z",320,0,320
"UMMS","EKCH","2025-09-17T04:21:00Z","2025-09-17T07:41:00Z",320,0,320
"LKPR","EBCI","2025-09-17T05:49:00Z","2025-09-17T07:42:00Z",300,0,300
"SEQM","OOMS","2025-09-16T11:19:00Z","2025-09-17T07:42:00Z",300,0,300
"VIDP","OOMS","2025-09-17T03:14:00Z","2025-09-17T07:43:00Z",340,0,340
"OSDI","OPKC","2025-09-17T02:45:00Z","2025-09-17T07:44:00Z",300,0,300
"SPIM","SGAS","2025-09-17T02:32:00Z","2025-09-17T07:44:00Z",360,0,360
"SUAA","LDZA","2025-09-16T15:25:00Z","2025-09-17T07:44:00Z",340,0,340
"UMMS","VIDP","2025-09-16T23:39:00Z","2025-09-17T07:45:00Z",340,0,340
"SGAS","SBBR","2025-09-17T04:51:00Z","2025-09-17T07:46:00Z",300,0,300
"VIDP","SUAA","2025-09-16T10:15:00Z","2025-09-17T07:47:00Z",360,0,360
"OSDI","EDDI","2025-09-17T02:17:00Z","2025-09-17T07:48:00Z",320,0,320
"LBSF","OPKC","2025-09-17T00:10:00Z","2025-09-17T07:49:00Z",340,0,340
"SBBR","LDZA","2025-09-16T18:15:00Z","2025-09-17T07:49:00Z",360,0,360
"EHAM","SKBO","2025-09-16T18:44:00Z","2025-09-17T07:51:00Z",300,0,300
"LDZA","LATI","2025-09-17T05:13:00Z","2025-09-17T07:51:00Z",320,0,320
"OAKB","SCEL","2025-09-16T09:26:00Z","2025-09-17T07:51:00Z",320,0,320
"OJAI","EKCH","2025-09-17T01:48:00Z","2025-09-17T07:51:00Z",300,0,300
"SEQM","SPIM","2025-09-17T04:10:00Z","2025-09-17T07:51:00Z",340,0,340
"SPIM","OJAI","2025-09-16T13:47:00Z","2025-09-17T07:51:00Z",360,0,360
"VIDP","SLLP","2025-09-16T09:31:00Z","2025-09-17T07:52:00Z",340,0,340
"EHAM","OJAI","2025-09-17T01:34:00Z","2025-09-17T07:53:00Z",300,0,300
"SPIM","OAKB","2025-09-16T10:01:00Z","2025-09-17T07:53:00Z",360,0,360
"SVMI","OYSN","2025-09-16T15:01:00Z","2025-09-17T07:53:00Z",360,0,360
"EBCI","SLLP","2025-09-16T17:09:00Z","2025-09-17T07:54:00Z",320,0,320
"SCEL","LDZA","2025-09-16T14:31:00Z","2025-09-17T07:55:00Z",320,0,320
"LBSF","SPIM","2025-09-16T15:12:00Z","2025-09-17T07:56:00Z",300,0,300
"EDDI","SABE","2025-09-16T15:08:00Z","2025-09-17T07:57:00Z",320,0,320
"OYSN","LOWW","2025-09-17T00:19:00Z","2025-09-17T07:57:00Z",340,0,340
"SKBO","SBBR","2025-09-17T01:22:00Z","2025-09-17T07:57:00Z",360,0,360
"EBCI","UMMS","2025-09-17T03:51:00Z","2025-09-17T07:58:00Z",300,0,300
"EDDI","SBBR","2025-09-16T18:08:00Z","2025-09-17T07:58:00Z",300,0,300
"LKPR","LATI","2025-09-17T04:37:00Z","2025-09-17T07:58:00Z",360,0,360
"SKBO","VIDP","2025-09-16T10:44:00Z","2025-09-17T07:58:00Z",320,0,320
"SCEL","OPKC","2025-09-16T10:12:00Z","2025-09-17T07:59:00Z",340,0,340
"SEQM","LOWW","2025-09-16T17:02:00Z","2025-09-17T07:59:00Z",340,0,340
"EHAM","SCEL","2025-09-16T16:05:00Z","2025-09-17T08:00:00Z",300,0,300
"LATI","UMMS","2025-09-17T05:08:00Z","2025-09-17T08:00:00Z",360,0,360
"OJAI","SKBO","2025-09-16T16:27:00Z","2025-09-17T08:00:00Z",360,0,360
"UMMS","OJAI","2025-09-17T03:51:00Z","2025-09-17T08:00:00Z",300,0,300
"OYSN","EBCI","2025-09-17T00:22:00Z","2025-09-17T08:01:00Z",300,0,300
"LDZA","OPKC","2025-09-17T00:36:00Z","2025-09-17T08:02:00Z",360,0,360
"UMMS","SKBO","2025-09-16T17:54:00Z","2025-09-17T08:02:00Z",360,0,360
"OJAI","OERK","2025-09-17T05:23:00Z","2025-09-17T08:03:00Z",320,0,320
"OOMS","SLLP","2025-09-16T12:02:00Z","2025-09-17T08:03:00Z",360,0,360
"SGAS","LOWW","2025-09-16T17:22:00Z","2025-09-17T08:03:00Z",340,0,340
"SEQM","SPIM","2025-09-17T05:23:00Z","2025-09-17T08:04:00Z",300,0,300
"UBBB","LDZA","2025-09-17T03:33:00Z","2025-09-17T08:05:00Z",300,0,300
"EBCI","OJAI","2025-09-17T02:55:00Z","2025-09-17T08:06:00Z",340,0,340
"EHAM","EBCI","2025-09-17T06:50:00Z","2025-09-17T08:06:00Z",340,0,340
"EHAM","OPKC","2025-09-16T23:27:00Z","2025-09-17T08:07:00Z",300,0,300
"OSDI","LOWW","2025-09-17T04:09:00Z","2025-09-17T08:07:00Z",360,0,360
"OSDI","UMMS","2025-09-17T04:13:00Z","2025-09-17T08:07:00Z",340,0,340
"OAKB","OERK","2025-09-17T03:01:00Z","2025-09-17T08:08:00Z",340,0,340
"OERK","EHAM","2025-09-17T01:13:00Z","2025-09-17T08:08:00Z",320,0,320
"SBBR","SCEL","2025-09-17T03:17:00Z","2025-09-17T08:08:00Z",340,0,340
"SLLP","OPKC","2025-09-16T11:57:00Z","2025-09-17T08:08:00Z",300,0,300
"OAKB","OSDI","2025-09-17T03:19:00Z","2025-09-17T08:09:00Z",340,0,340
"SLLP","OAKB","2025-09-16T11:55:00Z","2025-09-17T08:09:00Z",340,0,340
"VIDP","LKPR","2025-09-16T23:54:00Z","2025-09-17T08:09:00Z",360,0,360
"OERK","OMDB","2025-09-17T05:01:00Z","2025-09-17T08:10:00Z",340,0,340
"SKBO","EKCH","2025-09-16T19:22:00Z","2025-09-17T08:10:00Z",340,0,340
"LBSF","SUAA","2025-09-16T16:31:00Z","2025-09-17T08:11:00Z",300,0,300
"OAKB","UMMS","2025-09-17T02:21:00Z","2025-09-17T08:11:00Z",360,0,360
"LBSF","OJAI","2025-09-17T04:10:00Z","2025-09-17T08:12:00Z",360,0,360
"SGAS","SABE","2025-09-17T05:57:00Z","2025-09-17T08:12:00Z",360,0,360
"LDZA","EHAM","2025-09-17T05:45:00Z","2025-09-17T08:13:00Z",320,0,320
"SGAS","SPIM","2025-09-17T03:01:00Z","2025-09-17T08:13:00Z",340,0,340
"LBSF","SBBR","2025-09-16T18:14:00Z","2025-09-17T08:14:00Z",320,0,320
"SABE","OERK","2025-09-16T15:16:00Z","2025-09-17T08:15:00Z",340,0,340
"SVMI","OOMS","2025-09-16T14:01:00Z","2025-09-17T08:15:00Z",320,0,320
"EBCI","LOWW","2025-09-17T05:10:00Z","2025-09-17T08:18:00Z",320,0,320
"OSDI","OJAI","2025-09-17T06:00:00Z","2025-09-17T08:18:00Z",360,0,360
"LBSF","OSDI","2025-09-17T05:25:00Z","2025-09-17T08:19:00Z",320,0,320
"LOWW","OJAI","2025-09-17T03:12:00Z","2025-09-17T08:19:00Z",320,0,320
"UBBB","EDDI","2025-09-17T03:25:00Z","2025-09-17T08:19:00Z",340,0,340
"VIDP","OMDB","2025-09-17T04:33:00Z","2025-09-17T08:19:00Z",320,0,320
"SPIM","LATI","2025-09-16T16:01:00Z","2025-09-17T08:20:00Z",360,0,360
"EHAM","LDZA","2025-09-17T05:54:00Z","2025-09-17T08:22:00Z",360,0,360
"OYSN","OSDI","2025-09-17T04:40:00Z","2025-09-17T08:22:00Z",360,0,360
"OAKB","OMDB","2025-09-17T04:17:00Z","2025-09-17T08:23:00Z",360,0,360
"OYSN","UBBB","2025-09-17T03:49:00Z","2025-09-17T08:23:00Z",360,0,360
"SABE","SBBR","2025-09-17T04:24:00Z","2025-09-17T08:23:00Z",320,0,320
"EKCH","OSDI","2025-09-17T03:32:00Z","2025-09-17T08:24:00Z",300,0,300
"SGAS","OYSN","2025-09-16T16:34:00Z","2025-09-17T08:24:00Z",320,0,320
"UBBB","SABE","2025-09-16T13:06:00Z","2025-09-17T08:24:00Z",360,0,360
"UMMS","EDDI","2025-09-17T05:08:00Z","2025-09-17T08:24:00Z",300,0,300
"LKPR","SEQM","2025-09-16T18:39:00Z","2025-09-17T08:25:00Z",360,0,360
"SABE","SGAS","2025-09-17T05:10:00Z","2025-09-17T08:25:00Z",340,0,340
"EHAM","EKCH","2025-09-17T06:39:00Z","2025-09-17T08:26:00Z",340,0,340
"LATI","OPKC","2025-09-17T00:23:00Z","2025-09-17T08:26:00Z",300,0,300
"LOWW","SUAA","2025-09-16T16:52:00Z","2025-09-17T08:26:00Z",320,0,320
"VIDP","EHAM","2025-09-16T22:19:00Z","2025-09-17T08:26:00Z",300,0,300
"LDZA","OERK","2025-09-17T02:59:00Z","2025-09-17T08:28:00Z",320,0,320
"OSDI","SVMI","2025-09-16T17:16:00Z","2025-09-17T08:28:00Z",360,0,360
"SBBR","LDZA","2025-09-16T19:54:00Z","2025-09-17T08:28:00Z",320,0,320
"VIDP","OPKC","2025-09-17T05:06:00Z","2025-09-17T08:28:00Z",340,0,340
"EDDI","LKPR","2025-09-17T06:12:00Z","2025-09-17T08:29:00Z",320,0,320
"SABE","EDDI","2025-09-16T16:40:00Z","2025-09-17T08:29:00Z",320,0,320
"SPIM","OSDI","2025-09-16T14:18:00Z","2025-09-17T08:29:00Z",300,0,300
"SABE","EKCH","2025-09-16T16:31:00Z","2025-09-17T08:30:00Z",360,0,360
"SLLP","EHAM","2025-09-16T18:39:00Z","2025-09-17T08:31:00Z",340,0,340
"SABE","SKBO","2025-09-17T01:50:00Z","2025-09-17T08:33:00Z",320,0,320
"OOMS","SABE","2025-09-16T13:17:00Z","2025-09-17T08:34:00Z",300,0,300
"SGAS","SUAA","2025-09-17T05:19:00Z","2025-09-17T08:34:00Z",320,0,320
"LKPR","LBSF","2025-09-17T05:10:00Z","2025-09-17T08:35:00Z",360,0,360
"OYSN","LBSF","2025-09-17T02:03:00Z","2025-09-17T08:35:00Z",340,0,340
"EKCH","OMDB","2025-09-17T00:32:00Z","2025-09-17T08:36:00Z",300,0,300
"EDDI","OMDB","2025-09-17T01:50:00Z","2025-09-17T08:39:00Z",300,0,300
"SEQM","OAKB","2025-09-16T12:54:00Z","2025-09-17T08:39:00Z",340,0,340
"SPIM","SLLP","2025-09-17T05:21:00Z","2025-09-17T08:41:00Z",300,0,300
"LKPR","EKCH","2025-09-17T06:59:00Z","2025-09-17T08:42:00Z",360,0,360
"LOWW","SLLP","2025-09-16T17:01:00Z","2025-09-17T08:42:00Z",360,0,360
"OSDI","OYSN","2025-09-17T04:00:00Z","2025-09-17T08:42:00Z",360,0,360
"SVMI","SUAA","2025-09-17T00:25:00Z","2025-09-17T08:42:00Z",340,0,340
"UBBB","OOMS","2025-09-17T04:09:00Z","2025-09-17T08:42:00Z",300,0,300
"SEQM","SABE","2025-09-17T01:18:00Z","2025-09-17T08:43:00Z",320,0,320
"EDDI","LOWW","2025-09-17T06:07:00Z","2025-09-17T08:44:00Z",360,0,360
"LDZA","SGAS","2025-09-16T17:16:00Z","2025-09-17T08:45:00Z",360,0,360
"OYSN","LKPR","2025-09-17T01:48:00Z","2025-09-17T08:45:00Z",360,0,360
"OERK","UMMS","2025-09-17T02:18:00Z","2025-09-17T08:46:00Z",360,0,360
"LBSF","EDDI","2025-09-17T05:06:00Z","2025-09-17T08:47:00Z",320,0,320
"SEQM","SBBR","2025-09-17T02:02:00Z","2025-09-17T08:48:00Z",320,0,320
"SGAS","SLLP","2025-09-17T05:54:00Z","2025-09-17T08:48:00Z",320,0,320
"EDDI","EBCI","2025-09-17T06:59:00Z","2025-09-17T08:49:00Z",300,0,300
"OSDI","SUAA","2025-09-16T15:33:00Z","2025-09-17T08:49:00Z",320,0,320
"SCEL","EBCI","2025-09-16T16:03:00Z","2025-09-17T08:49:00Z",360,0,360
"SKBO","OSDI","2025-09-16T16:13:00Z","2025-09-17T08:49:00Z",320,0,320
"LATI","LBSF","2025-09-17T06:24:00Z","2025-09-17T08:50:00Z",320,0,320
"SGAS","EKCH","2025-09-16T17:58:00Z","2025-09-17T08:50:00Z",320,0,320
"SVMI","OSDI","2025-09-16T17:38:00Z","2025-09-17T08:50:00Z",360,0,360
"EKCH","OJAI","2025-09-17T02:48:00Z","2025-09-17T08:51:00Z",300,0,300
"SCEL","OOMS","2025-09-16T12:11:00Z","2025-09-17T08:51:00Z",340,0,340
"SUAA","OMDB","2025-09-16T14:01:00Z","2025-09-17T08:51:00Z",360,0,360
"UBBB","LOWW","2025-09-17T03:17:00Z","2025-09-17T08:51:00Z",320,0,320
"UBBB","UMMS","2025-09-17T04:05:00Z","2025-09-17T08:51:00Z",300,0,300
"SPIM","EDDI","2025-09-16T17:58:00Z","2025-09-17T08:52:00Z",320,0,320
"OYSN","OERK","2025-09-17T05:36:00Z","2025-09-17T08:53:00Z",320,0,320
"SBBR","UMMS","2025-09-16T17:51:00Z","2025-09-17T08:53:00Z",340,0,340
"OPKC","LOWW","2025-09-17T00:23:00Z","2025-09-17T08:54:00Z",340,0,340
"SPIM","SEQM","2025-09-17T05:13:00Z","2025-09-17T08:54:00Z",320,0,320
"SVMI","LBSF","2025-09-16T19:21:00Z","2025-09-17T08:54:00Z",300,0,300
"SABE","SEQM","2025-09-17T01:30:00Z","2025-09-17T08:55:00Z",360,0,360
"SBBR","SGAS","2025-09-17T05:00:00Z","2025-09-17T08:55:00Z",320,0,320
"SLLP","OJAI","2025-09-16T15:40:00Z","2025-09-17T08:55:00Z",320,0,320
"UBBB","EKCH","2025-09-17T02:50:00Z","2025-09-17T08:55:00Z",320,0,320
"LATI","SPIM","2025-09-16T16:37:00Z","2025-09-17T08:56:00Z",360,0,360
"SPIM","OAKB","2025-09-16T11:04:00Z","2025-09-17T08:56:00Z",320,0,320
"OSDI","UBBB","2025-09-17T05:06:00Z","2025-09-17T08:57:00Z",320,0,320
"SVMI","UBBB","2025-09-16T16:36:00Z","2025-09-17T08:57:00Z",340,0,340
"EBCI","UMMS","2025-09-17T04:51:00Z","2025-09-17T08:58:00Z",320,0,320
"EKCH","SABE","2025-09-16T16:59:00Z","2025-09-17T08:58:00Z",300,0,300
"OERK","SCEL","2025-09-16T13:39:00Z","2025-09-17T08:58:00Z",320,0,320
"SEQM","EHAM","2025-09-16T19:04:00Z","2025-09-17T08:58:00Z",360,0,360
"LKPR","UBBB","2025-09-17T04:14:00Z","2025-09-17T09:00:00Z",320,0,320
"SUAA","SABE","2025-09-17T07:47:00Z","2025-09-17T09:00:00Z",320,0,320
"OYSN","SGAS","2025-09-16T17:11:00Z","2025-09-17T09:01:00Z",300,0,300
"EDDI","UBBB","2025-09-17T04:08:00Z","2025-09-17T09:02:00Z",320,0,320
"LBSF","LDZA","2025-09-17T07:13:00Z","2025-09-17T09:02:00Z",360,0,360
"SUAA","SVMI","2025-09-17T01:45:00Z","2025-09-17T09:02:00Z",320,0,320
"EBCI","LKPR","2025-09-17T07:10:00Z","2025-09-17T09:03:00Z",300,0,300
"EBCI","SVMI","2025-09-16T22:21:00Z","2025-09-17T09:04:00Z",300,0,300
"OPKC","SLLP","2025-09-16T12:53:00Z","2025-09-17T09:04:00Z",360,0,360
"LKPR","OMDB","2025-09-17T02:29:00Z","2025-09-17T09:06:00Z",360,0,360
"LKPR","VIDP","2025-09-17T00:51:00Z","2025-09-17T09:06:00Z",360,0,360
"OPKC","SKBO","2025-09-16T13:31:00Z","2025-09-17T09:06:00Z",360,0,360
"EDDI","SGAS","2025-09-16T18:23:00Z","2025-09-17T09:07:00Z",300,0,300
"OPKC","LATI","2025-09-17T01:04:00Z","2025-09-17T09:07:00Z",300,0,300
"SUAA","LKPR","2025-09-16T17:32:00Z","2025-09-17T09:07:00Z",320,0,320
"SUAA","SEQM","2025-09-17T02:35:00Z","2025-09-17T09:08:00Z",300,0,300
"SVMI","EKCH","2025-09-16T21:39:00Z","2025-09-17T09:08:00Z",300,0,300
"SLLP","LOWW","2025-09-16T18:28:00Z","2025-09-17T09:09:00Z",360,0,360
"OMDB","EHAM","2025-09-17T01:37:00Z","2025-09-17T09:10:00Z",300,0,300
"LOWW","SGAS","2025-09-16T18:30:00Z","2025-09-17T09:11:00Z",360,0,360
"OPKC","SGAS","2025-09-16T13:05:00Z","2025-09-17T09:11:00Z",340,0,340
"SBBR","OYSN","2025-09-16T18:56:00Z","2025-09-17T09:11:00Z",340,0,340
"UBBB","OMDB","2025-09-17T05:01:00Z","2025-09-17T09:11:00Z",300,0,300
"EKCH","EHAM","2025-09-17T07:25:00Z","2025-09-17T09:12:00Z",360,0,360
"OERK","EBCI","2025-09-17T02:23:00Z","2025-09-17T09:12:00Z",360,0,360
"SEQM","SCEL","2025-09-17T03:28:00Z","2025-09-17T09:12:00Z",360,0,360
"SKBO","LATI","2025-09-16T19:40:00Z","2025-09-17T09:12:00Z",300,0,300
"VIDP","OSDI","2025-09-17T03:15:00Z","2025-09-17T09:12:00Z",340,0,340
"EDDI","SUAA","2025-09-16T17:33:00Z","2025-09-17T09:13:00Z",360,0,360
"OERK","EKCH","2025-09-17T02:39:00Z","2025-09-17T09:13:00Z",340,0,340
"OMDB","LOWW","2025-09-17T02:52:00Z","2025-09-17T09:13:00Z",360,0,360
"SABE","EBCI","2025-09-16T17:12:00Z","2025-09-17T09:13:00Z",320,0,320
"EDDI","SLLP","2025-09-16T18:40:00Z","2025-09-17T09:15:00Z",300,0,300
"EKCH","SUAA","2025-09-16T17:24:00Z","2025-09-17T09:15:00Z",320,0,320
"OAKB","VIDP","2025-09-17T06:59:00Z","2025-09-17T09:15:00Z",300,0,300
"OMDB","OERK","2025-09-17T06:06:00Z","2025-09-17T09:15:00Z",300,0,300
"SVMI","EBCI","2025-09-16T22:32:00Z","2025-09-17T09:15:00Z",340,0,340
"OMDB","SVMI","2025-09-16T16:31:00Z","2025-09-17T09:17:00Z",340,0,340
"EBCI","OYSN","2025-09-17T01:39:00Z","2025-09-17T09:18:00Z",300,0,300
"EDDI","SEQM","2025-09-16T19:38:00Z","2025-09-17T09:18:00Z",360,0,360
"SPIM","EKCH","2025-09-16T18:25:00Z","2025-09-17T09:18:00Z",340,0,340
"SUAA","OERK","2025-09-16T16:33:00Z","2025-09-17T09:18:00Z",320,0,320
"LKPR","SABE","2025-09-16T17:36:00Z","2025-09-17T09:19:00Z",360,0,360
"OJAI","OSDI","2025-09-17T07:01:00Z","2025-09-17T09:19:00Z",320,0,320
"OYSN","OMDB","2025-09-17T05:19:00Z","2025-09-17T09:19:00Z",300,0,300
"OOMS","OMDB","2025-09-17T07:52:00Z","2025-09-17T09:20:00Z",320,0,320
"OPKC","LOWW","2025-09-17T01:49:00Z","2025-09-17T09:20:00Z",360,0,360
"SEQM","LDZA","2025-09-16T19:21:00Z","2025-09-17T09:20:00Z",320,0,320
"SKBO","LBSF","2025-09-16T19:24:00Z","2025-09-17T09:20:00Z",340,0,340
"LBSF","EKCH","2025-09-17T05:18:00Z","2025-09-17T09:22:00Z",340,0,340
"LDZA","OJAI","2025-09-17T05:31:00Z","2025-09-17T09:22:00Z",320,0,320
"SLLP","EBCI","2025-09-16T19:37:00Z","2025-09-17T09:22:00Z",320,0,320
"VIDP","OAKB","2025-09-17T06:06:00Z","2025-09-17T09:22:00Z",360,0,360
"OERK","SGAS","2025-09-16T16:52:00Z","2025-09-17T09:23:00Z",360,0,360
"OSDI","VIDP","2025-09-17T03:26:00Z","2025-09-17T09:23:00Z",300,0,300
"SLLP","SBBR","2025-09-17T05:33:00Z","2025-09-17T09:23:00Z",320,0,320
"VIDP","SBBR","2025-09-16T14:39:00Z","2025-09-17T09:23:00Z",360,0,360
"SLLP","SCEL","2025-09-17T05:01:00Z","2025-09-17T09:24:00Z",320,0,320
"LATI","OAKB","2025-09-17T02:52:00Z","2025-09-17T09:25:00Z",360,0,360
"LATI","EBCI","2025-09-17T06:31:00Z","2025-09-17T09:26:00Z",300,0,300
"OJAI","EHAM","2025-09-17T03:07:00Z","2025-09-17T09:26:00Z",340,0,340
"OJAI","SLLP","2025-09-16T16:11:00Z","2025-09-17T09:26:00Z",340,0,340
"SGAS","LATI","2025-09-16T18:58:00Z","2025-09-17T09:27:00Z",340,0,340
"SEQM","SLLP","2025-09-17T05:51:00Z","2025-09-17T09:28:00Z",340,0,340
"OSDI","SKBO","2025-09-16T17:53:00Z","2025-09-17T09:29:00Z",340,0,340
"SVMI","OAKB","2025-09-16T15:53:00Z","2025-09-17T09:29:00Z",340,0,340
"OERK","OAKB","2025-09-17T04:23:00Z","2025-09-17T09:30:00Z",320,0,320
"LKPR","SKBO","2025-09-16T20:32:00Z","2025-09-17T09:31:00Z",340,0,340
"SABE","OJAI","2025-09-16T16:17:00Z","2025-09-17T09:31:00Z",320,0,320
"OPKC","OAKB","2025-09-17T06:07:00Z","2025-09-17T09:32:00Z",360,0,360
"SUAA","SPIM","2025-09-17T03:30:00Z","2025-09-17T09:34:00Z",300,0,300
"EBCI","OERK","2025-09-17T02:46:00Z","2025-09-17T09:35:00Z",340,0,340
"LDZA","EBCI","2025-09-17T06:16:00Z","2025-09-17T09:35:00Z",340,0,340
"OMDB","SLLP","2025-09-16T14:56:00Z","2025-09-17T09:35:00Z",360,0,360
"LDZA","SEQM","2025-09-16T19:37:00Z","2025-09-17T09:36:00Z",340,0,340
"LKPR","OJAI","2025-09-17T04:11:00Z","2025-09-17T09:37:00Z",340,0,340
"EHAM","EDDI","2025-09-17T07:52:00Z","2025-09-17T09:38:00Z",340,0,340
"LATI","VIDP","2025-09-17T01:50:00Z","2025-09-17T09:38:00Z",360,0,360
"OAKB","SUAA","2025-09-16T13:46:00Z","2025-09-17T09:39:00Z",340,0,340
"LBSF","EHAM","2025-09-17T05:24:00Z","2025-09-17T09:40:00Z",360,0,360
"LDZA","UBBB","2025-09-17T04:08:00Z","2025-09-17T09:40:00Z",340,0,340
"SCEL","OJAI","2025-09-16T15:12:00Z","2025-09-17T09:40:00Z",360,0,360
"LDZA","SBBR","2025-09-16T20:07:00Z","2025-09-17T09:41:00Z",340,0,340
"LKPR","EDDI","2025-09-17T07:24:00Z","2025-09-17T09:41:00Z",320,0,320
"OSDI","OPKC","2025-09-17T04:42:00Z","2025-09-17T09:41:00Z",360,0,360
"VIDP","EDDI","2025-09-17T00:20:00Z","2025-09-17T09:41:00Z",340,0,340
"LDZA","EKCH","2025-09-17T06:17:00Z","2025-09-17T09:43:00Z",360,0,360
"SCEL","LBSF","2025-09-16T16:52:00Z","2025-09-17T09:43:00Z",300,0,300
"EKCH","EDDI","2025-09-17T07:19:00Z","2025-09-17T09:44:00Z",340,0,340
"LATI","LOWW","2025-09-17T06:43:00Z","2025-09-17T09:44:00Z",320,0,320
"OMDB","OSDI","2025-09-17T05:10:00Z","2025-09-17T09:44:00Z",360,0,360
"LOWW","EBCI","2025-09-17T06:38:00Z","2025-09-17T09:46:00Z",300,0,300
"OAKB","LBSF","2025-09-17T02:39:00Z","2025-09-17T09:46:00Z",360,0,360
"SEQM","OERK","2025-09-16T15:53:00Z","2025-09-17T09:46:00Z",320,0,320
"OMDB","SCEL","2025-09-16T13:21:00Z","2025-09-17T09:47:00Z",320,0,320
"OOMS","OSDI","2025-09-17T04:45:00Z","2025-09-17T09:47:00Z",320,0,320
"EKCH","SEQM","2025-09-16T19:15:00Z","2025-09-17T09:50:00Z",360,0,360
"SABE","SUAA","2025-09-17T07:37:00Z","2025-09-17T09:50:00Z",320,0,320
"LATI","SABE","2025-09-16T17:26:00Z","2025-09-17T09:51:00Z",300,0,300
"LKPR","LDZA","2025-09-17T07:08:00Z","2025-09-17T09:51:00Z",320,0,320
"OMDB","UBBB","2025-09-17T05:41:00Z","2025-09-17T09:51:00Z",300,0,300
"OOMS","EBCI","2025-09-17T01:54:00Z","2025-09-17T09:51:00Z",340,0,340
"LKPR","SUAA","2025-09-16T17:19:00Z","2025-09-17T09:54:00Z",360,0,360
"OJAI","SVMI","2025-09-16T18:44:00Z","2025-09-17T09:54:00Z",340,0,340
"OYSN","SABE","2025-09-16T16:47:00Z","2025-09-17T09:54:00Z",320,0,320
"LOWW","OYSN","2025-09-17T02:17:00Z","2025-09-17T09:55:00Z",300,0,300
"SLLP","VIDP","2025-09-16T11:34:00Z","2025-09-17T09:55:00Z",340,0,340
"OAKB","OPKC","2025-09-17T06:31:00Z","2025-09-17T09:56:00Z",360,0,360
"OSDI","OAKB","2025-09-17T04:08:00Z","2025-09-17T09:58:00Z",340,0,340
"SVMI","OMDB","2025-09-16T16:12:00Z","2025-09-17T09:58:00Z",360,0,360
"SLLP","EDDI","2025-09-16T18:24:00Z","2025-09-17T09:59:00Z",320,0,320
"SBBR","SABE","2025-09-17T06:01:00Z","2025-09-17T10:00:00Z",360,0,360
"SABE","SLLP","2025-09-17T06:13:00Z","2025-09-17T10:01:00Z",340,0,340
"SCEL","SEQM","2025-09-17T04:17:00Z","2025-09-17T10:01:00Z",360,0,360
"UMMS","SUAA","2025-09-16T17:12:00Z","2025-09-17T10:02:00Z",340,0,340
"OOMS","EHAM","2025-09-17T01:03:00Z","2025-09-17T10:03:00Z",360,0,360
"EBCI","VIDP","2025-09-17T00:55:00Z","2025-09-17T10:04:00Z",340,0,340
"EHAM","SEQM","2025-09-16T21:10:00Z","2025-09-17T10:04:00Z",320,0,320
"LBSF","LOWW","2025-09-17T07:59:00Z","2025-09-17T10:04:00Z",320,0,320
"OAKB","SGAS","2025-09-16T14:31:00Z","2025-09-17T10:04:00Z",340,0,340
"SKBO","OAKB","2025-09-16T15:06:00Z","2025-09-17T10:04:00Z",340,0,340
"EKCH","OPKC","2025-09-17T01:01:00Z","2025-09-17T10:06:00Z",320,0,320
"SEQM","LBSF","2025-09-16T19:23:00Z","2025-09-17T10:06:00Z",300,0,300
"EKCH","SBBR","2025-09-16T20:07:00Z","2025-09-17T10:07:00Z",320,0,320
"LDZA","SABE","2025-09-16T18:38:00Z","2025-09-17T10:07:00Z",300,0,300
"SBBR","OSDI","2025-09-16T20:12:00Z","2025-09-17T10:07:00Z",360,0,360
"VIDP","LKPR","2025-09-17T01:52:00Z","2025-09-17T10:07:00Z",340,0,340
"LATI","SGAS","2025-09-16T19:39:00Z","2025-09-17T10:08:00Z",340,0,340
"OYSN","SEQM","2025-09-16T16:15:00Z","2025-09-17T10:08:00Z",360,0,360
"OJAI","SBBR","2025-09-16T20:25:00Z","2025-09-17T10:09:00Z",320,0,320
"SLLP","UBBB","2025-09-16T15:09:00Z","2025-09-17T10:09:00Z",320,0,320
"UBBB","OYSN","2025-09-17T05:35:00Z","2025-09-17T10:09:00Z",360,0,360
"OOMS","UBBB","2025-09-17T06:37:00Z","2025-09-17T10:10:00Z",360,0,360
"SUAA","OAKB","2025-09-16T14:19:00Z","2025-09-17T10:12:00Z",340,0,340
"SLLP","OMDB","2025-09-16T15:34:00Z","2025-09-17T10:13:00Z",320,0,320
"LBSF","EBCI","2025-09-17T06:05:00Z","2025-09-17T10:14:00Z",360,0,360
"LDZA","UMMS","2025-09-17T07:41:00Z","2025-09-17T10:14:00Z",340,0,340
"SKBO","SPIM","2025-09-17T06:58:00Z","2025-09-17T10:14:00Z",340,0,340
"OOMS","VIDP","2025-09-17T06:46:00Z","2025-09-17T10:15:00Z",300,0,300
"SABE","SCEL","2025-09-17T07:53:00Z","2025-09-17T10:17:00Z",320,0,320
"SVMI","LKPR","2025-09-16T22:40:00Z","2025-09-17T10:17:00Z",320,0,320
"EDDI","SPIM","2025-09-16T19:24:00Z","2025-09-17T10:18:00Z",340,0,340
"LBSF","VIDP","2025-09-17T02:56:00Z","2025-09-17T10:18:00Z",320,0,320
"LDZA","LKPR","2025-09-17T08:35:00Z","2025-09-17T10:18:00Z",300,0,300
"EBCI","UBBB","2025-09-17T04:39:00Z","2025-09-17T10:19:00Z",320,0,320
"LDZA","VIDP","2025-09-17T01:15:00Z","2025-09-17T10:19:00Z",340,0,340
"EKCH","OOMS","2025-09-17T02:50:00Z","2025-09-17T10:21:00Z",360,0,360
"LBSF","LATI","2025-09-17T08:55:00Z","2025-09-17T10:21:00Z",320,0,320
"OJAI","OOMS","2025-09-17T05:17:00Z","2025-09-17T10:21:00Z",360,0,360
"SKBO","SEQM","2025-09-17T08:34:00Z","2025-09-17T10:21:00Z",300,0,300
"SUAA","SBBR","2025-09-17T06:28:00Z","2025-09-17T10:21:00Z",300,0,300
"EHAM","SUAA","2025-09-16T18:17:00Z","2025-09-17T10:22:00Z",340,0,340
"OAKB","SLLP","2025-09-16T13:08:00Z","2025-09-17T10:22:00Z",300,0,300
"OPKC","SLLP","2025-09-16T13:11:00Z","2025-09-17T10:22:00Z",320,0,320
"SABE","OYSN","2025-09-16T17:15:00Z","2025-09-17T10:22:00Z",340,0,340
"SKBO","SUAA","2025-09-17T03:33:00Z","2025-09-17T10:22:00Z",360,0,360
"SPIM","UMMS","2025-09-16T17:11:00Z","2025-09-17T10:22:00Z",360,0,360
"UMMS","LBSF","2025-09-17T07:46:00Z","2025-09-17T10:22:00Z",340,0,340
"LBSF","SEQM","2025-09-16T19:40:00Z","2025-09-17T10:23:00Z",340,0,340
"OAKB","OYSN","2025-09-17T04:17:00Z","2025-09-17T10:24:00Z",360,0,360
"SGAS","OERK","2025-09-16T17:53:00Z","2025-09-17T10:24:00Z",360,0,360
"SKBO","LKPR","2025-09-16T21:25:00Z","2025-09-17T10:24:00Z",300,0,300
"SUAA","EDDI","2025-09-16T18:44:00Z","2025-09-17T10:24:00Z",320,0,320
"SVMI","VIDP","2025-09-16T15:34:00Z","2025-09-17T10:26:00Z",300,0,300
"EBCI","EDDI","2025-09-17T08:37:00Z","2025-09-17T10:27:00Z",300,0,300
"LOWW","LBSF","2025-09-17T07:22:00Z","2025-09-17T10:27:00Z",340,0,340
"OJAI","EKCH","2025-09-17T04:24:00Z","2025-09-17T10:27:00Z",340,0,340
"SCEL","EHAM","2025-09-16T18:33:00Z","2025-09-17T10:28:00Z",300,0,300
"SKBO","OERK","2025-09-16T16:21:00Z","2025-09-17T10:28:00Z",320,0,320
"UBBB","EHAM","2025-09-17T04:47:00Z","2025-09-17T10:28:00Z",360,0,360
"UBBB","SPIM","2025-09-16T15:53:00Z","2025-09-17T10:28:00Z",300,0,300
"EKCH","EBCI","2025-09-17T08:31:00Z","2025-09-17T10:29:00Z",320,0,320
"SCEL","EDDI","2025-09-16T17:54:00Z","2025-09-17T10:29:00Z",340,0,340
"LOWW","VIDP","2025-09-17T01:26:00Z","2025-09-17T10:30:00Z",300,0,300
"EHAM","OSDI","2025-09-17T04:22:00Z","2025-09-17T10:32:00Z",320,0,320
"SVMI","UMMS","2025-09-16T21:44:00Z","2025-09-17T10:32:00Z",300,0,300
"SCEL","EKCH","2025-09-16T17:51:00Z","2025-09-17T10:33:00Z",320,0,320
"OYSN","OJAI","2025-09-17T06:03:00Z","2025-09-17T10:34:00Z",360,0,360
"SPIM","EHAM","2025-09-16T19:25:00Z","2025-09-17T10:34:00Z",300,0,300
"LOWW","UBBB","2025-09-17T05:02:00Z","2025-09-17T10:36:00Z",340,0,340
"OJAI","SEQM","2025-09-16T17:17:00Z","2025-09-17T10:36:00Z",300,0,300
"SPIM","UBBB","2025-09-16T15:01:00Z","2025-09-17T10:36:00Z",300,0,300
"LATI","EDDI","2025-09-17T07:59:00Z","2025-09-17T10:37:00Z",360,0,360
"LBSF","OERK","2025-09-17T05:57:00Z","2025-09-17T10:37:00Z",340,0,340
"OSDI","EHAM","2025-09-17T04:28:00Z","2025-09-17T10:38:00Z",300,0,300
"OPKC","OERK","2025-09-17T06:59:00Z","2025-09-17T10:39:00Z",340,0,340
"SVMI","OPKC","2025-09-16T15:28:00Z","2025-09-17T10:39:00Z",360,0,360
"VIDP","SPIM","2025-09-16T11:33:00Z","2025-09-17T10:39:00Z",340,0,340
"SKBO","OOMS","2025-09-16T15:03:00Z","2025-09-17T10:40:00Z",320,0,320
"UBBB","EKCH","2025-09-17T04:37:00Z","2025-09-17T10:42:00Z",340,0,340
"EBCI","OPKC","2025-09-17T01:04:00Z","2025-09-17T10:43:00Z",320,0,320
"SKBO","EHAM","2025-09-16T21:36:00Z","2025-09-17T10:43:00Z",320,0,320
"SEQM","EDDI","2025-09-16T20:04:00Z","2025-09-17T10:44:00Z",360,0,360
"SVMI","OYSN","2025-09-16T18:52:00Z","2025-09-17T10:44:00Z",320,0,320
"EBCI","EKCH","2025-09-17T08:47:00Z","2025-09-17T10:45:00Z",340,0,340
"OERK","LDZA","2025-09-17T04:17:00Z","2025-09-17T10:46:00Z",320,0,320
"OOMS","UMMS","2025-09-17T03:30:00Z","2025-09-17T10:46:00Z",360,0,360
"SLLP","EKCH","2025-09-16T19:08:00Z","2025-09-17T10:46:00Z",320,0,320
"EBCI","SABE","2025-09-16T18:46:00Z","2025-09-17T10:47:00Z",340,0,340
"OJAI","OAKB","2025-09-17T04:47:00Z","2025-09-17T10:47:00Z",360,0,360
"SCEL","OERK","2025-09-16T15:28:00Z","2025-09-17T10:47:00Z",360,0,360
"SGAS","OOMS","2025-09-16T16:50:00Z","2025-09-17T10:47:00Z",320,0,320
"EBCI","SBBR","2025-09-16T21:47:00Z","2025-09-17T10:49:00Z",360,0,360
"EDDI","OYSN","2025-09-17T02:36:00Z","2025-09-17T10:49:00Z",320,0,320
"OERK","OPKC","2025-09-17T06:09:00Z","2025-09-17T10:49:00Z",360,0,360
"SABE","LBSF","2025-09-16T18:59:00Z","2025-09-17T10:49:00Z",300,0,300
"LBSF","SVMI","2025-09-16T21:17:00Z","2025-09-17T10:50:00Z",320,0,320
"SVMI","SBBR","2025-09-17T04:28:00Z","2025-09-17T10:50:00Z",300,0,300
"UBBB","SVMI","2025-09-16T18:29:00Z","2025-09-17T10:50:00Z",320,0,320
"OSDI","SPIM","2025-09-16T16:40:00Z","2025-09-17T10:51:00Z",340,0,340
"SGAS","EHAM","2025-09-16T19:49:00Z","2025-09-17T10:54:00Z",320,0,320
"SKBO","SABE","2025-09-17T03:11:00Z","2025-09-17T10:54:00Z",340,0,340
"SPIM","EBCI","2025-09-16T19:50:00Z","2025-09-17T10:54:00Z",360,0,360
"OJAI","OPKC","2025-09-17T04:51:00Z","2025-09-17T10:55:00Z",300,0,300
"OPKC","EBCI","2025-09-17T01:16:00Z","2025-09-17T10:55:00Z",340,0,340
"VIDP","UMMS","2025-09-17T02:49:00Z","2025-09-17T10:55:00Z",300,0,300
"EHAM","LKPR","2025-09-17T08:01:00Z","2025-09-17T10:56:00Z",300,0,300
"EDDI","LATI","2025-09-17T07:19:00Z","2025-09-17T10:57:00Z",320,0,320
"EDDI","VIDP","2025-09-17T01:37:00Z","2025-09-17T10:58:00Z",360,0,360
"OSDI","OMDB","2025-09-17T06:24:00Z","2025-09-17T10:58:00Z",340,0,340
"SUAA","SEQM","2025-09-17T03:25:00Z","2025-09-17T10:58:00Z",340,0,340
"OMDB","LATI","2025-09-17T04:15:00Z","2025-09-17T10:59:00Z",340,0,340
"UBBB","LATI","2025-09-17T06:44:00Z","2025-09-17T11:01:00Z",300,0,300
"OMDB","UMMS","2025-09-17T05:13:00Z","2025-09-17T11:03:00Z",340,0,340
"SBBR","OOMS","2025-09-16T18:47:00Z","2025-09-17T11:04:00Z",320,0,320
"SUAA","SLLP","2025-09-17T07:08:00Z","2025-09-17T11:04:00Z",340,0,340
"SKBO","UBBB","2025-09-16T18:21:00Z","2025-09-17T11:05:00Z",320,0,320
"SVMI","SLLP","2025-09-17T06:28:00Z","2025-09-17T11:06:00Z",300,0,300
"OERK","SUAA","2025-09-16T18:22:00Z","2025-09-17T11:07:00Z",340,0,340
"OMDB","SKBO","2025-09-16T16:58:00Z","2025-09-17T11:07:00Z",360,0,360
"SPIM","OOMS","2025-09-16T14:07:00Z","2025-09-17T11:07:00Z",300,0,300
"SVMI","EDDI","2025-09-16T23:35:00Z","2025-09-17T11:07:00Z",340,0,340
"VIDP","EBCI","2025-09-17T01:58:00Z","2025-09-17T11:07:00Z",360,0,360
"OAKB","EHAM","2025-09-17T03:17:00Z","2025-09-17T11:08:00Z",360,0,360
"OJAI","SCEL","2025-09-16T17:40:00Z","2025-09-17T11:08:00Z",320,0,320
"SGAS","OAKB","2025-09-16T15:35:00Z","2025-09-17T11:08:00Z",300,0,300
"SUAA","EHAM","2025-09-16T19:03:00Z","2025-09-17T11:08:00Z",340,0,340
"SBBR","LOWW","2025-09-16T22:23:00Z","2025-09-17T11:09:00Z",360,0,360
"SVMI","OPKC","2025-09-16T16:58:00Z","2025-09-17T11:09:00Z",320,0,320
"EHAM","OYSN","2025-09-17T03:21:00Z","2025-09-17T11:10:00Z",300,0,300
"OYSN","SVMI","2025-09-16T19:18:00Z","2025-09-17T11:10:00Z",300,0,300
"SABE","SPIM","2025-09-17T06:16:00Z","2025-09-17T11:10:00Z",340,0,340
"UMMS","OERK","2025-09-17T05:42:00Z","2025-09-17T11:10:00Z",320,0,320
"SKBO","OPKC","2025-09-16T15:37:00Z","2025-09-17T11:12:00Z",300,0,300
"SVMI","SABE","2025-09-17T03:58:00Z","2025-09-17T11:12:00Z",340,0,340
"OSDI","SGAS","2025-09-16T19:27:00Z","2025-09-17T11:13:00Z",360,0,360
"SEQM","OYSN","2025-09-16T17:20:00Z","2025-09-17T11:13:00Z",300,0,300
"SGAS","EBCI","2025-09-16T21:18:00Z","2025-09-17T11:13:00Z",300,0,300
"SLLP","OSDI","2025-09-16T18:49:00Z","2025-09-17T11:14:00Z",340,0,340
"OOMS","EDDI","2025-09-17T03:59:00Z","2025-09-17T11:15:00Z",360,0,360
"SABE","UMMS","2025-09-16T18:16:00Z","2025-09-17T11:15:00Z",320,0,320
"SCEL","SGAS","2025-09-17T08:19:00Z","2025-09-17T11:15:00Z",320,0,320
"SPIM","LKPR","2025-09-16T20:18:00Z","2025-09-17T11:15:00Z",360,0,360
"OMDB","EBCI","2025-09-17T03:47:00Z","2025-09-17T11:16:00Z",300,0,300
"OOMS","SVMI","2025-09-16T17:02:00Z","2025-09-17T11:16:00Z",340,0,340
"SEQM","SKBO","2025-09-17T09:29:00Z","2025-09-17T11:16:00Z",340,0,340
"OPKC","OAKB","2025-09-17T08:52:00Z","2025-09-17T11:17:00Z",320,0,320
"LOWW","EDDI","2025-09-17T09:41:00Z","2025-09-17T11:18:00Z",320,0,320
"OMDB","SABE","2025-09-16T16:14:00Z","2025-09-17T11:18:00Z",360,0,360
"OOMS","SGAS","2025-09-16T17:21:00Z","2025-09-17T11:18:00Z",300,0,300
"UMMS","SPIM","2025-09-16T18:07:00Z","2025-09-17T11:18:00Z",360,0,360
"VIDP","OOMS","2025-09-17T07:49:00Z","2025-09-17T11:18:00Z",340,0,340
"LDZA","OAKB","2025-09-17T04:31:00Z","2025-09-17T11:19:00Z",340,0,340
"OJAI","VIDP","2025-09-17T04:13:00Z","2025-09-17T11:19:00Z",300,0,300
"SEQM","LKPR","2025-09-16T21:33:00Z","2025-09-17T11:19:00Z",340,0,340
"UMMS","OMDB","2025-09-17T05:29:00Z","2025-09-17T11:19:00Z",340,0,340
"UMMS","OSDI","2025-09-17T07:25:00Z","2025-09-17T11:19:00Z",360,0,360
"LBSF","UBBB","2025-09-17T07:29:00Z","2025-09-17T11:20:00Z",320,0,320
"LOWW","OJAI","2025-09-17T06:13:00Z","2025-09-17T11:20:00Z",340,0,340
"OERK","OJAI","2025-09-17T08:40:00Z","2025-09-17T11:20:00Z",360,0,360
"OOMS","EKCH","2025-09-17T03:49:00Z","2025-09-17T11:20:00Z",300,0,300
"EBCI","SPIM","2025-09-16T20:18:00Z","2025-09-17T11:22:00Z",360,0,360
"OOMS","OJAI","2025-09-17T06:18:00Z","2025-09-17T11:22:00Z",360,0,360
"OOMS","UMMS","2025-09-17T04:07:00Z","2025-09-17T11:23:00Z",340,0,340
"OPKC","OYSN","2025-09-17T06:07:00Z","2025-09-17T11:23:00Z",360,0,360
"OYSN","SKBO","2025-09-16T17:13:00Z","2025-09-17T11:24:00Z",340,0,340
"OYSN","OPKC","2025-09-17T06:10:00Z","2025-09-17T11:26:00Z",320,0,320
"OPKC","SABE","2025-09-16T15:04:00Z","2025-09-17T11:27:00Z",360,0,360
"UMMS","OOMS","2025-09-17T04:11:00Z","2025-09-17T11:27:00Z",300,0,300
"OJAI","SPIM","2025-09-16T17:24:00Z","2025-09-17T11:28:00Z",360,0,360
"OOMS","SLLP","2025-09-16T15:28:00Z","2025-09-17T11:29:00Z",340,0,340
"OYSN","EBCI","2025-09-17T03:50:00Z","2025-09-17T11:29:00Z",360,0,360
"SBBR","EKCH","2025-09-16T21:30:00Z","2025-09-17T11:30:00Z",320,0,320
"SPIM","OMDB","2025-09-16T15:57:00Z","2025-09-17T11:32:00Z",320,0,320
"LOWW","OPKC","2025-09-17T03:02:00Z","2025-09-17T11:33:00Z",340,0,340
"SUAA","UBBB","2025-09-16T16:27:00Z","2025-09-17T11:33:00Z",340,0,340
"UBBB","LDZA","2025-09-17T06:01:00Z","2025-09-17T11:33:00Z",300,0,300
"SKBO","OMDB","2025-09-16T16:25:00Z","2025-09-17T11:34:00Z",340,0,340
"UBBB","LBSF","2025-09-17T07:43:00Z","2025-09-17T11:34:00Z",360,0,360
"EDDI","EHAM","2025-09-17T09:50:00Z","2025-09-17T11:36:00Z",300,0,300
"OAKB","SPIM","2025-09-16T14:44:00Z","2025-09-17T11:36:00Z",320,0,320
"SUAA","OSDI","2025-09-16T18:20:00Z","2025-09-17T11:36:00Z",320,0,320
"LOWW","LATI","2025-09-17T08:36:00Z","2025-09-17T11:37:00Z",340,0,340
"LOWW","SVMI","2025-09-16T23:50:00Z","2025-09-17T11:38:00Z",360,0,360
"EDDI","EKCH","2025-09-17T09:14:00Z","2025-09-17T11:39:00Z",300,0,300
"SUAA","EKCH","2025-09-16T19:48:00Z","2025-09-17T11:39:00Z",340,0,340
"SLLP","SABE","2025-09-17T07:52:00Z","2025-09-17T11:40:00Z",300,0,300
"LDZA","LBSF","2025-09-17T09:52:00Z","2025-09-17T11:41:00Z",320,0,320
"LOWW","OAKB","2025-09-17T04:54:00Z","2025-09-17T11:42:00Z",360,0,360
"OSDI","LBSF","2025-09-17T08:48:00Z","2025-09-17T11:42:00Z",340,0,340
"OYSN","OAKB","2025-09-17T05:35:00Z","2025-09-17T11:42:00Z",360,0,360
"OPKC","LBSF","2025-09-17T04:04:00Z","2025-09-17T11:43:00Z",320,0,320
"OERK","SBBR","2025-09-16T20:56:00Z","2025-09-17T11:44:00Z",360,0,360
"OPKC","SEQM","2025-09-16T14:22:00Z","2025-09-17T11:44:00Z",360,0,360
"OSDI","EBCI","2025-09-17T05:41:00Z","2025-09-17T11:44:00Z",300,0,300
"SPIM","SGAS","2025-09-17T06:32:00Z","2025-09-17T11:44:00Z",320,0,320
"SLLP","UBBB","2025-09-16T16:45:00Z","2025-09-17T11:45:00Z",320,0,320
"EHAM","SPIM","2025-09-16T20:37:00Z","2025-09-17T11:46:00Z",360,0,360
"EKCH","SGAS","2025-09-16T20:54:00Z","2025-09-17T11:46:00Z",300,0,300
"OAKB","OPKC","2025-09-17T08:23:00Z","2025-09-17T11:48:00Z",360,0,360
"SVMI","SEQM","2025-09-17T07:38:00Z","2025-09-17T11:48:00Z",340,0,340
"EDDI","SVMI","2025-09-16T23:17:00Z","2025-09-17T11:49:00Z",340,0,340
"EKCH","OERK","2025-09-17T04:15:00Z","2025-09-17T11:49:00Z",300,0,300
"OERK","SCEL","2025-09-16T16:30:00Z","2025-09-17T11:49:00Z",320,0,320
"UMMS","SABE","2025-09-16T18:50:00Z","2025-09-17T11:49:00Z",300,0,300
"LATI","OMDB","2025-09-17T05:06:00Z","2025-09-17T11:50:00Z",300,0,300
"LBSF","SGAS","2025-09-16T20:55:00Z","2025-09-17T11:50:00Z",340,0,340
"SVMI","SCEL","2025-09-17T03:48:00Z","2025-09-17T11:50:00Z",360,0,360
"SUAA","OYSN","2025-09-16T19:58:00Z","2025-09-17T11:51:00Z",360,0,360
"EHAM","SGAS","2025-09-16T20:47:00Z","2025-09-17T11:52:00Z",300,0,300
"LOWW","EHAM","2025-09-17T08:40:00Z","2025-09-17T11:52:00Z",300,0,300
"OSDI","LKPR","2025-09-17T06:35:00Z","2025-09-17T11:52:00Z",340,0,340
"EHAM","LOWW","2025-09-17T08:41:00Z","2025-09-17T11:53:00Z",360,0,360
"EHAM","OERK","2025-09-17T04:58:00Z","2025-09-17T11:53:00Z",320,0,320
"OOMS","LATI","2025-09-17T04:41:00Z","2025-09-17T11:53:00Z",300,0,300
"SABE","LOWW","2025-09-16T19:10:00Z","2025-09-17T11:53:00Z",340,0,340
"SEQM","SUAA","2025-09-17T04:20:00Z","2025-09-17T11:53:00Z",320,0,320
"SPIM","SBBR","2025-09-17T05:48:00Z","2025-09-17T11:53:00Z",300,0,300
"UBBB","OAKB","2025-09-17T07:37:00Z","2025-09-17T11:53:00Z",300,0,300
"OOMS","SBBR","2025-09-16T18:37:00Z","2025-09-17T11:54:00Z",360,0,360
"SPIM","LDZA","2025-09-16T19:50:00Z","2025-09-17T11:54:00Z",320,0,320
"OAKB","EKCH","2025-09-17T03:45:00Z","2025-09-17T11:55:00Z",360,0,360
"OAKB","OOMS","2025-09-17T07:53:00Z","2025-09-17T11:55:00Z",300,0,300
"EBCI","OJAI","2025-09-17T05:45:00Z","2025-09-17T11:56:00Z",300,0,300
"EHAM","SEQM","2025-09-16T22:02:00Z","2025-09-17T11:56:00Z",320,0,320
"EKCH","UMMS","2025-09-17T08:36:00Z","2025-09-17T11:56:00Z",360,0,360
"SCEL","LOWW","2025-09-16T18:21:00Z","2025-09-17T11:56:00Z",320,0,320
"SUAA","OOMS","2025-09-16T16:53:00Z","2025-09-17T11:56:00Z",360,0,360
"EDDI","UMMS","2025-09-17T08:41:00Z","2025-09-17T11:57:00Z",340,0,340
"OOMS","SKBO","2025-09-16T16:22:00Z","2025-09-17T11:59:00Z",340,0,340
"EKCH","OJAI","2025-09-17T06:57:00Z","2025-09-17T12:00:00Z",320,0,320
"OPKC","EHAM","2025-09-17T03:20:00Z","2025-09-17T12:00:00Z",340,0,340
"SPIM","LBSF","2025-09-16T20:16:00Z","2025-09-17T12:00:00Z",340,0,340
"SLLP","SEQM","2025-09-17T08:24:00Z","2025-09-17T12:01:00Z",360,0,360
"OOMS","SUAA","2025-09-16T17:59:00Z","2025-09-17T12:02:00Z",360,0,360
"OOMS","OAKB","2025-09-17T08:01:00Z","2025-09-17T12:03:00Z",360,0,360
"UMMS","EHAM","2025-09-17T08:01:00Z","2025-09-17T12:03:00Z",360,0,360
"OERK","SBBR","2025-09-16T21:16:00Z","2025-09-17T12:04:00Z",360,0,360
"OPKC","LKPR","2025-09-17T04:19:00Z","2025-09-17T12:04:00Z",340,0,340
"SGAS","OSDI","2025-09-16T20:18:00Z","2025-09-17T12:04:00Z",320,0,320
"SLLP","OYSN","2025-09-16T18:01:00Z","2025-09-17T12:04:00Z",320,0,320
"LATI","EHAM","2025-09-17T08:59:00Z","2025-09-17T12:05:00Z",340,0,340
"OAKB","SKBO","2025-09-16T17:07:00Z","2025-09-17T12:05:00Z",340,0,340
"LOWW","OPKC","2025-09-17T04:36:00Z","2025-09-17T12:07:00Z",300,0,300
"OAKB","SABE","2025-09-16T15:01:00Z","2025-09-17T12:07:00Z",340,0,340
"VIDP","OJAI","2025-09-17T05:01:00Z","2025-09-17T12:07:00Z",300,0,300
"EDDI","SEQM","2025-09-16T22:28:00Z","2025-09-17T12:08:00Z",300,0,300
"SBBR","VIDP","2025-09-16T17:24:00Z","2025-09-17T12:08:00Z",360,0,360
"SKBO","OMDB","2025-09-16T17:59:00Z","2025-09-17T12:08:00Z",340,0,340
"SLLP","SGAS","2025-09-17T09:14:00Z","2025-09-17T12:08:00Z",360,0,360
"OERK","OYSN","2025-09-17T09:52:00Z","2025-09-17T12:09:00Z",340,0,340
"SCEL","SGAS","2025-09-17T09:14:00Z","2025-09-17T12:10:00Z",360,0,360
"UMMS","LATI","2025-09-17T09:18:00Z","2025-09-17T12:10:00Z",320,0,320
"EKCH","EBCI","2025-09-17T10:15:00Z","2025-09-17T12:13:00Z",360,0,360
"LATI","OSDI","2025-09-17T08:02:00Z","2025-09-17T12:13:00Z",360,0,360
"LBSF","LOWW","2025-09-17T09:08:00Z","2025-09-17T12:13:00Z",320,0,320
"LBSF","SABE","2025-09-16T20:24:00Z","2025-09-17T12:14:00Z",320,0,320
"LKPR","SLLP","2025-09-16T21:39:00Z","2025-09-17T12:14:00Z",300,0,300
"LOWW","EKCH","2025-09-17T09:12:00Z","2025-09-17T12:14:00Z",300,0,300
"OERK","SLLP","2025-09-16T18:44:00Z","2025-09-17T12:14:00Z",360,0,360
"OJAI","SBBR","2025-09-16T22:30:00Z","2025-09-17T12:14:00Z",300,0,300
"LBSF","SCEL","2025-09-16T19:24:00Z","2025-09-17T12:15:00Z",300,0,300
"SGAS","VIDP","2025-09-16T15:49:00Z","2025-09-17T12:15:00Z",360,0,360
"OYSN","EHAM","2025-09-17T04:27:00Z","2025-09-17T12:16:00Z",320,0,320
"OYSN","SUAA","2025-09-16T20:23:00Z","2025-09-17T12:16:00Z",340,0,340
"VIDP","SABE","2025-09-16T15:31:00Z","2025-09-17T12:16:00Z",320,0,320
"SLLP","OERK","2025-09-16T18:47:00Z","2025-09-17T12:17:00Z",320,0,320
"SVMI","SABE","2025-09-17T04:03:00Z","2025-09-17T12:17:00Z",300,0,300
"LATI","SUAA","2025-09-16T20:04:00Z","2025-09-17T12:18:00Z",320,0,320
"OJAI","EBCI","2025-09-17T06:07:00Z","2025-09-17T12:18:00Z",300,0,300
"SBBR","SUAA","2025-09-17T08:25:00Z","2025-09-17T12:18:00Z",360,0,360
"SLLP","LKPR","2025-09-16T21:44:00Z","2025-09-17T12:19:00Z",340,0,340
"SABE","LKPR","2025-09-16T20:37:00Z","2025-09-17T12:20:00Z",340,0,340
"SABE","OYSN","2025-09-16T19:13:00Z","2025-09-17T12:20:00Z",360,0,360
"OJAI","LDZA","2025-09-17T08:30:00Z","2025-09-17T12:21:00Z",300,0,300
"OOMS","SPIM","2025-09-16T15:21:00Z","2025-09-17T12:21:00Z",340,0,340
"SCEL","SLLP","2025-09-17T08:58:00Z","2025-09-17T12:21:00Z",340,0,340
"OSDI","EKCH","2025-09-17T07:30:00Z","2025-09-17T12:22:00Z",340,0,340
"SVMI","LATI","2025-09-16T23:13:00Z","2025-09-17T12:22:00Z",300,0,300
"LKPR","SPIM","2025-09-16T21:26:00Z","2025-09-17T12:23:00Z",360,0,360
"OJAI","LOWW","2025-09-17T07:16:00Z","2025-09-17T12:23:00Z",300,0,300
"OSDI","OYSN","2025-09-17T08:41:00Z","2025-09-17T12:23:00Z",320,0,320
"OSDI","SBBR","2025-09-16T22:28:00Z","2025-09-17T12:23:00Z",320,0,320
"OPKC","SVMI","2025-09-16T17:13:00Z","2025-09-17T12:24:00Z",320,0,320
"SKBO","SABE","2025-09-17T05:41:00Z","2025-09-17T12:24:00Z",300,0,300
"SVMI","LBSF","2025-09-16T23:51:00Z","2025-09-17T12:24:00Z",360,0,360
"EKCH","SKBO","2025-09-16T23:37:00Z","2025-09-17T12:25:00Z",320,0,320
"SKBO","UMMS","2025-09-16T21:17:00Z","2025-09-17T12:25:00Z",360,0,360
"UBBB","SLLP","2025-09-16T17:25:00Z","2025-09-17T12:25:00Z",320,0,320
"EHAM","OSDI","2025-09-17T06:16:00Z","2025-09-17T12:26:00Z",360,0,360
"EKCH","VIDP","2025-09-17T03:00:00Z","2025-09-17T12:26:00Z",320,0,320
"SEQM","UBBB","2025-09-16T18:55:00Z","2025-09-17T12:26:00Z",340,0,340
"SUAA","EBCI","2025-09-16T21:33:00Z","2025-09-17T12:26:00Z",360,0,360
"VIDP","LDZA","2025-09-17T03:22:00Z","2025-09-17T12:26:00Z",300,0,300
"EHAM","OMDB","2025-09-17T04:54:00Z","2025-09-17T12:27:00Z",340,0,340
"SBBR","SVMI","2025-09-17T06:05:00Z","2025-09-17T12:27:00Z",320,0,320
"UBBB","OPKC","2025-09-17T07:27:00Z","2025-09-17T12:27:00Z",320,0,320
"LDZA","EDDI","2025-09-17T09:27:00Z","2025-09-17T12:28:00Z",320,0,320
"LDZA","SPIM","2025-09-16T20:24:00Z","2025-09-17T12:28:00Z",300,0,300
"VIDP","UBBB","2025-09-17T07:57:00Z","2025-09-17T12:28:00Z",320,0,320
"SUAA","LATI","2025-09-16T20:15:00Z","2025-09-17T12:29:00Z",340,0,340
"LOWW","SPIM","2025-09-16T20:25:00Z","2025-09-17T12:31:00Z",300,0,300
"SBBR","OJAI","2025-09-16T22:47:00Z","2025-09-17T12:31:00Z",300,0,300
"SKBO","SCEL","2025-09-17T05:20:00Z","2025-09-17T12:32:00Z",360,0,360
"VIDP","SVMI","2025-09-16T17:40:00Z","2025-09-17T12:32:00Z",340,0,340
"OMDB","SCEL","2025-09-16T16:08:00Z","2025-09-17T12:34:00Z",320,0,320
"SUAA","OPKC","2025-09-16T16:25:00Z","2025-09-17T12:34:00Z",340,0,340
"SBBR","LATI","2025-09-16T23:01:00Z","2025-09-17T12:35:00Z",300,0,300
"VIDP","LATI","2025-09-17T04:47:00Z","2025-09-17T12:35:00Z",340,0,340
"LKPR","EBCI","2025-09-17T10:43:00Z","2025-09-17T12:36:00Z",340,0,340
"OOMS","VIDP","2025-09-17T08:07:00Z","2025-09-17T12:36:00Z",300,0,300
"SVMI","EKCH","2025-09-17T00:07:00Z","2025-09-17T12:36:00Z",360,0,360
"SBBR","SKBO","2025-09-17T06:02:00Z","2025-09-17T12:37:00Z",320,0,320
"OERK","VIDP","2025-09-17T07:43:00Z","2025-09-17T12:38:00Z",360,0,360
"OMDB","EKCH","2025-09-17T04:34:00Z","2025-09-17T12:38:00Z",300,0,300
"SVMI","OJAI","2025-09-16T21:28:00Z","2025-09-17T12:38:00Z",320,0,320
"OYSN","SCEL","2025-09-16T18:08:00Z","2025-09-17T12:39:00Z",300,0,300
"LKPR","OYSN","2025-09-17T05:44:00Z","2025-09-17T12:41:00Z",300,0,300
"OJAI","LBSF","2025-09-17T08:40:00Z","2025-09-17T12:42:00Z",320,0,320
"SUAA","LOWW","2025-09-16T20:08:00Z","2025-09-17T12:42:00Z",300,0,300
"SUAA","VIDP","2025-09-16T15:10:00Z","2025-09-17T12:42:00Z",340,0,340
"EDDI","LDZA","2025-09-17T09:42:00Z","2025-09-17T12:43:00Z",360,0,360
"UBBB","VIDP","2025-09-17T07:12:00Z","2025-09-17T12:43:00Z",320,0,320
"OOMS","OMDB","2025-09-17T10:16:00Z","2025-09-17T12:44:00Z",320,0,320
"SEQM","OERK","2025-09-16T18:51:00Z","2025-09-17T12:44:00Z",340,0,340
"SGAS","OAKB","2025-09-16T16:11:00Z","2025-09-17T12:44:00Z",360,0,360
"OERK","SEQM","2025-09-16T18:52:00Z","2025-09-17T12:45:00Z",340,0,340
"SKBO","OAKB","2025-09-16T17:47:00Z","2025-09-17T12:45:00Z",300,0,300
"UMMS","UBBB","2025-09-17T08:59:00Z","2025-09-17T12:45:00Z",320,0,320
"EHAM","OAKB","2025-09-17T04:55:00Z","2025-09-17T12:46:00Z",320,0,320
"EKCH","SPIM","2025-09-16T21:53:00Z","2025-09-17T12:46:00Z",360,0,360
"SCEL","EKCH","2025-09-16T19:04:00Z","2025-09-17T12:46:00Z",360,0,360
"SABE","UBBB","2025-09-16T17:29:00Z","2025-09-17T12:47:00Z",300,0,300
"SKBO","VIDP","2025-09-16T15:33:00Z","2025-09-17T12:47:00Z",300,0,300
"EBCI","SUAA","2025-09-16T21:55:00Z","2025-09-17T12:48:00Z",320,0,320
"LATI","UBBB","2025-09-17T07:31:00Z","2025-09-17T12:48:00Z",340,0,340
"LBSF","SBBR","2025-09-16T22:48:00Z","2025-09-17T12:48:00Z",360,0,360
"LDZA","OMDB","2025-09-17T05:36:00Z","2025-09-17T12:48:00Z",300,0,300
"LATI","SKBO","2025-09-16T22:17:00Z","2025-09-17T12:49:00Z",360,0,360
"OPKC","SUAA","2025-09-16T16:40:00Z","2025-09-17T12:49:00Z",360,0,360
"UBBB","OSDI","2025-09-17T09:58:00Z","2025-09-17T12:49:00Z",360,0,360
"SBBR","UBBB","2025-09-16T20:10:00Z","2025-09-17T12:50:00Z",360,0,360
"LATI","OOMS","2025-09-17T05:40:00Z","2025-09-17T12:52:00Z",320,0,320
"OMDB","SPIM","2025-09-16T16:17:00Z","2025-09-17T12:52:00Z",300,0,300
"OPKC","LDZA","2025-09-17T04:27:00Z","2025-09-17T12:53:00Z",320,0,320
"SLLP","SPIM","2025-09-17T09:33:00Z","2025-09-17T12:53:00Z",340,0,340
"EBCI","SCEL","2025-09-16T20:08:00Z","2025-09-17T12:54:00Z",300,0,300
"EBCI","SKBO","2025-09-16T23:49:00Z","2025-09-17T12:54:00Z",360,0,360
"UBBB","LOWW","2025-09-17T07:20:00Z","2025-09-17T12:54:00Z",320,0,320
"UMMS","LBSF","2025-09-17T09:19:00Z","2025-09-17T12:55:00Z",320,0,320
"EBCI","SGAS","2025-09-16T22:01:00Z","2025-09-17T12:56:00Z",340,0,340
"SVMI","OERK","2025-09-16T20:11:00Z","2025-09-17T12:56:00Z",340,0,340
"SGAS","SEQM","2025-09-17T06:27:00Z","2025-09-17T12:57:00Z",300,0,300
"EBCI","LDZA","2025-09-17T09:39:00Z","2025-09-17T12:58:00Z",300,0,300
"OPKC","OJAI","2025-09-17T06:54:00Z","2025-09-17T12:58:00Z",340,0,340
"SCEL","OSDI","2025-09-16T18:16:00Z","2025-09-17T12:58:00Z",340,0,340
"SEQM","SVMI","2025-09-17T08:48:00Z","2025-09-17T12:58:00Z",360,0,360
"UMMS","EBCI","2025-09-17T08:51:00Z","2025-09-17T12:58:00Z",300,0,300
"OPKC","VIDP","2025-09-17T09:37:00Z","2025-09-17T12:59:00Z",320,0,320
"SBBR","SEQM","2025-09-17T06:13:00Z","2025-09-17T12:59:00Z",320,0,320
"OERK","EDDI","2025-09-17T06:45:00Z","2025-09-17T13:00:00Z",320,0,320
"SABE","EHAM","2025-09-16T21:48:00Z","2025-09-17T13:00:00Z",300,0,300
"LKPR","EKCH","2025-09-17T11:19:00Z","2025-09-17T13:02:00Z",340,0,340
"OOMS","SABE","2025-09-16T18:45:00Z","2025-09-17T13:02:00Z",320,0,320
"SCEL","SPIM","2025-09-17T08:58:00Z","2025-09-17T13:02:00Z",360,0,360
"EDDI","LBSF","2025-09-17T10:22:00Z","2025-09-17T13:03:00Z",300,0,300
"EKCH","LBSF","2025-09-17T09:59:00Z","2025-09-17T13:03:00Z",360,0,360
"OJAI","OAKB","2025-09-17T07:03:00Z","2025-09-17T13:03:00Z",320,0,320
"LKPR","OOMS","2025-09-17T05:59:00Z","2025-09-17T13:04:00Z",340,0,340
"LBSF","OPKC","2025-09-17T06:26:00Z","2025-09-17T13:05:00Z",360,0,360
"LKPR","SLLP","2025-09-16T22:30:00Z","2025-09-17T13:05:00Z",300,0,300
"OSDI","SCEL","2025-09-16T19:23:00Z","2025-09-17T13:05:00Z",320,0,320
"SGAS","OMDB","2025-09-16T19:27:00Z","2025-09-17T13:06:00Z",300,0,300
"SLLP","LOWW","2025-09-16T22:26:00Z","2025-09-17T13:07:00Z",340,0,340
"OMDB","UBBB","2025-09-17T09:58:00Z","2025-09-17T13:08:00Z",340,0,340
"OAKB","SVMI","2025-09-16T19:33:00Z","2025-09-17T13:09:00Z",340,0,340
"EDDI","OMDB","2025-09-17T06:21:00Z","2025-09-17T13:10:00Z",320,0,320
"OAKB","SBBR","2025-09-16T19:26:00Z","2025-09-17T13:11:00Z",320,0,320
"OMDB","VIDP","2025-09-17T09:26:00Z","2025-09-17T13:12:00Z",320,0,320
"SVMI","OOMS","2025-09-16T19:58:00Z","2025-09-17T13:12:00Z",300,0,300
"UBBB","SCEL","2025-09-16T17:43:00Z","2025-09-17T13:12:00Z",320,0,320
"LATI","EKCH","2025-09-17T09:10:00Z","2025-09-17T13:13:00Z",360,0,360
"UBBB","SEQM","2025-09-16T19:42:00Z","2025-09-17T13:13:00Z",300,0,300
"LBSF","OAKB","2025-09-17T06:07:00Z","2025-09-17T13:14:00Z",300,0,300
"OERK","SABE","2025-09-16T20:16:00Z","2025-09-17T13:15:00Z",300,0,300
"OSDI","SABE","2025-09-16T20:46:00Z","2025-09-17T13:15:00Z",300,0,300
"SPIM","SCEL","2025-09-17T08:11:00Z","2025-09-17T13:15:00Z",340,0,340
"EHAM","SBBR","2025-09-17T00:03:00Z","2025-09-17T13:16:00Z",320,0,320
"EHAM","LATI","2025-09-17T09:11:00Z","2025-09-17T13:17:00Z",320,0,320
"LOWW","OERK","2025-09-17T07:34:00Z","2025-09-17T13:17:00Z",340,0,340
"SLLP","OOMS","2025-09-16T17:16:00Z","2025-09-17T13:17:00Z",300,0,300
"EDDI","SCEL","2025-09-16T20:43:00Z","2025-09-17T13:18:00Z",360,0,360
"SBBR","UBBB","2025-09-16T21:38:00Z","2025-09-17T13:18:00Z",360,0,360
"SGAS","SVMI","2025-09-17T06:16:00Z","2025-09-17T13:18:00Z",360,0,360
"UBBB","SBBR","2025-09-16T21:38:00Z","2025-09-17T13:18:00Z",300,0,300
"EBCI","LKPR","2025-09-17T11:26:00Z","2025-09-17T13:19:00Z",300,0,300
"EHAM","SLLP","2025-09-16T23:27:00Z","2025-09-17T13:19:00Z",320,0,320
"SCEL","LBSF","2025-09-16T20:28:00Z","2025-09-17T13:19:00Z",300,0,300
"OOMS","OJAI","2025-09-17T08:16:00Z","2025-09-17T13:20:00Z",360,0,360
"SLLP","SUAA","2025-09-17T09:25:00Z","2025-09-17T13:21:00Z",300,0,300
"UBBB","EDDI","2025-09-17T08:28:00Z","2025-09-17T13:22:00Z",340,0,340
"EBCI","LATI","2025-09-17T10:28:00Z","2025-09-17T13:23:00Z",320,0,320
"OERK","LDZA","2025-09-17T07:54:00Z","2025-09-17T13:23:00Z",360,0,360
"OYSN","VIDP","2025-09-17T07:45:00Z","2025-09-17T13:23:00Z",340,0,340
"OAKB","SEQM","2025-09-16T17:39:00Z","2025-09-17T13:24:00Z",360,0,360
"OOMS","SCEL","2025-09-16T17:45:00Z","2025-09-17T13:25:00Z",300,0,300
"OYSN","SVMI","2025-09-16T21:33:00Z","2025-09-17T13:25:00Z",300,0,300
"EKCH","OAKB","2025-09-17T05:16:00Z","2025-09-17T13:26:00Z",320,0,320
"OOMS","EKCH","2025-09-17T05:55:00Z","2025-09-17T13:26:00Z",360,0,360
"EKCH","SVMI","2025-09-17T01:00:00Z","2025-09-17T13:29:00Z",340,0,340
"SLLP","SVMI","2025-09-17T08:51:00Z","2025-09-17T13:29:00Z",340,0,340
"EBCI","LOWW","2025-09-17T10:22:00Z","2025-09-17T13:30:00Z",320,0,320
"EKCH","EDDI","2025-09-17T11:05:00Z","2025-09-17T13:30:00Z",360,0,360
"LBSF","LATI","2025-09-17T11:04:00Z","2025-09-17T13:30:00Z",360,0,360
"LDZA","LATI","2025-09-17T11:52:00Z","2025-09-17T13:30:00Z",340,0,340
"OMDB","SUAA","2025-09-16T19:40:00Z","2025-09-17T13:30:00Z",340,0,340
"OSDI","SKBO","2025-09-16T21:54:00Z","2025-09-17T13:30:00Z",300,0,300
"SBBR","SLLP","2025-09-17T09:40:00Z","2025-09-17T13:30:00Z",360,0,360
"OAKB","OSDI","2025-09-17T08:41:00Z","2025-09-17T13:31:00Z",300,0,300
"SBBR","OERK","2025-09-16T22:43:00Z","2025-09-17T13:31:00Z",360,0,360
"SUAA","OYSN","2025-09-16T21:38:00Z","2025-09-17T13:31:00Z",320,0,320
"EKCH","SLLP","2025-09-16T22:54:00Z","2025-09-17T13:32:00Z",320,0,320
"OPKC","OMDB","2025-09-17T10:00:00Z","2025-09-17T13:32:00Z",320,0,320
"SBBR","EDDI","2025-09-17T00:42:00Z","2025-09-17T13:32:00Z",340,0,340
"LBSF","SABE","2025-09-16T21:43:00Z","2025-09-17T13:33:00Z",320,0,320
"OAKB","LATI","2025-09-17T06:01:00Z","2025-09-17T13:34:00Z",300,0,300
"OAKB","SCEL","2025-09-16T15:09:00Z","2025-09-17T13:34:00Z",320,0,320
"OPKC","OOMS","2025-09-17T10:25:00Z","2025-09-17T13:34:00Z",300,0,300
"SABE","OSDI","2025-09-16T20:06:00Z","2025-09-17T13:35:00Z",340,0,340
"SKBO","LATI","2025-09-16T23:04:00Z","2025-09-17T13:36:00Z",320,0,320
"OERK","SVMI","2025-09-16T21:52:00Z","2025-09-17T13:37:00Z",320,0,320
"SUAA","LOWW","2025-09-16T21:03:00Z","2025-09-17T13:37:00Z",320,0,320
"SCEL","SABE","2025-09-17T10:14:00Z","2025-09-17T13:38:00Z",340,0,340
"SPIM","OYSN","2025-09-16T18:28:00Z","2025-09-17T13:38:00Z",340,0,340
"UMMS","VIDP","2025-09-17T05:32:00Z","2025-09-17T13:38:00Z",340,0,340
"EHAM","SKBO","2025-09-17T00:32:00Z","2025-09-17T13:39:00Z",320,0,320
"LDZA","SKBO","2025-09-16T23:28:00Z","2025-09-17T13:39:00Z",320,0,320
"LDZA","LKPR","2025-09-17T11:57:00Z","2025-09-17T13:40:00Z",360,0,360
"LOWW","EDDI","2025-09-17T11:04:00Z","2025-09-17T13:41:00Z",340,0,340
"OMDB","OOMS","2025-09-17T11:13:00Z","2025-09-17T13:41:00Z",340,0,340
"SGAS","EDDI","2025-09-16T22:57:00Z","2025-09-17T13:41:00Z",360,0,360
"EHAM","LBSF","2025-09-17T09:26:00Z","2025-09-17T13:42:00Z",300,0,300
"OAKB","VIDP","2025-09-17T10:26:00Z","2025-09-17T13:42:00Z",340,0,340
"LDZA","SEQM","2025-09-16T23:44:00Z","2025-09-17T13:43:00Z",320,0,320
"OERK","LOWW","2025-09-17T07:00:00Z","2025-09-17T13:43:00Z",340,0,340
"OSDI","SEQM","2025-09-16T20:21:00Z","2025-09-17T13:43:00Z",300,0,300
"SGAS","SCEL","2025-09-17T10:47:00Z","2025-09-17T13:43:00Z",320,0,320
"OAKB","UBBB","2025-09-17T09:28:00Z","2025-09-17T13:44:00Z",360,0,360
"LOWW","LKPR","2025-09-17T11:25:00Z","2025-09-17T13:45:00Z",340,0,340
"OERK","EKCH","2025-09-17T06:11:00Z","2025-09-17T13:45:00Z",360,0,360
"OMDB","OPKC","2025-09-17T10:13:00Z","2025-09-17T13:45:00Z",340,0,340
"SLLP","OMDB","2025-09-16T18:07:00Z","2025-09-17T13:46:00Z",300,0,300
"LKPR","LOWW","2025-09-17T11:27:00Z","2025-09-17T13:47:00Z",360,0,360
"LOWW","OSDI","2025-09-17T09:49:00Z","2025-09-17T13:47:00Z",360,0,360
"SLLP","OJAI","2025-09-16T20:33:00Z","2025-09-17T13:48:00Z",360,0,360
"LKPR","SKBO","2025-09-17T00:50:00Z","2025-09-17T13:49:00Z",320,0,320
"SABE","LBSF","2025-09-16T21:59:00Z","2025-09-17T13:49:00Z",360,0,360
"SABE","SEQM","2025-09-17T06:24:00Z","2025-09-17T13:49:00Z",320,0,320
"OAKB","LKPR","2025-09-17T06:51:00Z","2025-09-17T13:50:00Z",340,0,340
"EHAM","OOMS","2025-09-17T04:51:00Z","2025-09-17T13:51:00Z",300,0,300
"SGAS","SKBO","2025-09-17T07:11:00Z","2025-09-17T13:51:00Z",320,0,320
"SPIM","SKBO","2025-09-17T09:35:00Z","2025-09-17T13:51:00Z",340,0,340
"EHAM","VIDP","2025-09-17T03:45:00Z","2025-09-17T13:52:00Z",360,0,360
"LKPR","OJAI","2025-09-17T08:26:00Z","2025-09-17T13:52:00Z",340,0,340
"OOMS","OERK","2025-09-17T10:21:00Z","2025-09-17T13:53:00Z",320,0,320
"OYSN","LATI","2025-09-17T07:09:00Z","2025-09-17T13:53:00Z",360,0,360
"EBCI","SUAA","2025-09-16T22:02:00Z","2025-09-17T13:55:00Z",340,0,340
"OSDI","SVMI","2025-09-16T22:43:00Z","2025-09-17T13:55:00Z",320,0,320
"SKBO","OYSN","2025-09-16T19:44:00Z","2025-09-17T13:55:00Z",300,0,300
"SVMI","SKBO","2025-09-17T10:33:00Z","2025-09-17T13:56:00Z",340,0,340
"EBCI","LBSF","2025-09-17T09:48:00Z","2025-09-17T13:57:00Z",320,0,320
"LATI","SVMI","2025-09-17T00:48:00Z","2025-09-17T13:57:00Z",340,0,340
"UBBB","LKPR","2025-09-17T08:11:00Z","2025-09-17T13:57:00Z",320,0,320
"OERK","EBCI","2025-09-17T06:10:00Z","2025-09-17T13:59:00Z",360,0,360
"OJAI","LDZA","2025-09-17T09:08:00Z","2025-09-17T13:59:00Z",320,0,320
"SPIM","OJAI","2025-09-16T20:56:00Z","2025-09-17T14:00:00Z",360,0,360
"OMDB","LDZA","2025-09-17T07:51:00Z","2025-09-17T14:03:00Z",300,0,300
"OMDB","SUAA","2025-09-16T20:13:00Z","2025-09-17T14:03:00Z",300,0,300
"UMMS","OSDI","2025-09-17T10:09:00Z","2025-09-17T14:03:00Z",360,0,360
"EKCH","SBBR","2025-09-17T00:04:00Z","2025-09-17T14:04:00Z",320,0,320
"OSDI","EDDI","2025-09-17T09:33:00Z","2025-09-17T14:04:00Z",340,0,340
"SCEL","UBBB","2025-09-16T18:36:00Z","2025-09-17T14:05:00Z",360,0,360
"SKBO","OJAI","2025-09-16T22:32:00Z","2025-09-17T14:05:00Z",360,0,360
"OOMS","OPKC","2025-09-17T11:57:00Z","2025-09-17T14:06:00Z",340,0,340
"OYSN","LDZA","2025-09-17T07:46:00Z","2025-09-17T14:06:00Z",300,0,300
"SCEL","OYSN","2025-09-16T20:35:00Z","2025-09-17T14:06:00Z",300,0,300
"LBSF","OSDI","2025-09-17T11:13:00Z","2025-09-17T14:07:00Z",300,0,300
"OERK","UMMS","2025-09-17T08:40:00Z","2025-09-17T14:08:00Z",320,0,320
"SBBR","VIDP","2025-09-16T19:24:00Z","2025-09-17T14:08:00Z",360,0,360
"SCEL","SKBO","2025-09-17T07:56:00Z","2025-09-17T14:08:00Z",300,0,300
"VIDP","LOWW","2025-09-17T05:04:00Z","2025-09-17T14:08:00Z",360,0,360
"SABE","OMDB","2025-09-16T19:05:00Z","2025-09-17T14:09:00Z",340,0,340
"LKPR","LATI","2025-09-17T11:49:00Z","2025-09-17T14:10:00Z",360,0,360
"OJAI","LBSF","2025-09-17T10:09:00Z","2025-09-17T14:11:00Z",320,0,320
"SABE","LATI","2025-09-16T22:46:00Z","2025-09-17T14:11:00Z",300,0,300
"SEQM","VIDP","2025-09-16T16:10:00Z","2025-09-17T14:11:00Z",300,0,300
"EBCI","EHAM","2025-09-17T12:56:00Z","2025-09-17T14:12:00Z",320,0,320
"UMMS","UBBB","2025-09-17T10:26:00Z","2025-09-17T14:12:00Z",320,0,320
"VIDP","EHAM","2025-09-17T04:05:00Z","2025-09-17T14:12:00Z",320,0,320
"SEQM","OJAI","2025-09-16T21:54:00Z","2025-09-17T14:13:00Z",320,0,320
"UMMS","OAKB","2025-09-17T08:23:00Z","2025-09-17T14:13:00Z",320,0,320
"SEQM","LDZA","2025-09-17T00:15:00Z","2025-09-17T14:14:00Z",320,0,320
"SPIM","EHAM","2025-09-16T23:05:00Z","2025-09-17T14:14:00Z",300,0,300
"SUAA","SGAS","2025-09-17T11:59:00Z","2025-09-17T14:14:00Z",340,0,340
"VIDP","LBSF","2025-09-17T06:53:00Z","2025-09-17T14:15:00Z",340,0,340
"SGAS","EBCI","2025-09-17T00:21:00Z","2025-09-17T14:16:00Z",360,0,360
"EBCI","OYSN","2025-09-17T06:38:00Z","2025-09-17T14:17:00Z",320,0,320
"EKCH","SCEL","2025-09-16T21:35:00Z","2025-09-17T14:17:00Z",320,0,320
"LATI","OPKC","2025-09-17T06:14:00Z","2025-09-17T14:17:00Z",320,0,320
"OPKC","SCEL","2025-09-16T17:30:00Z","2025-09-17T14:17:00Z",300,0,300
"SUAA","SABE","2025-09-17T12:04:00Z","2025-09-17T14:17:00Z",320,0,320
"UMMS","EBCI","2025-09-17T10:10:00Z","2025-09-17T14:17:00Z",360,0,360
"VIDP","SUAA","2025-09-16T17:45:00Z","2025-09-17T14:17:00Z",340,0,340
"SEQM","SUAA","2025-09-17T07:45:00Z","2025-09-17T14:18:00Z",300,0,300
"SKBO","OERK","2025-09-16T20:11:00Z","2025-09-17T14:18:00Z",340,0,340
"OYSN","OJAI","2025-09-17T10:48:00Z","2025-09-17T14:19:00Z",300,0,300
"SKBO","EKCH","2025-09-17T01:31:00Z","2025-09-17T14:19:00Z",320,0,320
"SKBO","EHAM","2025-09-17T01:13:00Z","2025-09-17T14:20:00Z",360,0,360
"EDDI","LOWW","2025-09-17T12:44:00Z","2025-09-17T14:21:00Z",340,0,340
"SLLP","LKPR","2025-09-16T23:47:00Z","2025-09-17T14:22:00Z",360,0,360
"VIDP","EDDI","2025-09-17T05:01:00Z","2025-09-17T14:22:00Z",300,0,300
"LATI","OYSN","2025-09-17T08:39:00Z","2025-09-17T14:23:00Z",300,0,300
"SGAS","SBBR","2025-09-17T11:28:00Z","2025-09-17T14:23:00Z",360,0,360
"LOWW","OMDB","2025-09-17T07:03:00Z","2025-09-17T14:24:00Z",360,0,360
"OERK","UBBB","2025-09-17T10:07:00Z","2025-09-17T14:24:00Z",300,0,300
"LKPR","SCEL","2025-09-16T21:52:00Z","2025-09-17T14:25:00Z",320,0,320
"SUAA","LKPR","2025-09-16T22:50:00Z","2025-09-17T14:25:00Z",300,0,300
"UBBB","SKBO","2025-09-16T21:41:00Z","2025-09-17T14:25:00Z",320,0,320
"VIDP","SKBO","2025-09-16T17:11:00Z","2025-09-17T14:25:00Z",320,0,320
"OOMS","OYSN","2025-09-17T10:17:00Z","2025-09-17T14:26:00Z",340,0,340
"OSDI","SABE","2025-09-16T21:57:00Z","2025-09-17T14:26:00Z",360,0,360
"OERK","OAKB","2025-09-17T09:20:00Z","2025-09-17T14:27:00Z",340,0,340
"OERK","SKBO","2025-09-16T20:20:00Z","2025-09-17T14:27:00Z",340,0,340
"SVMI","OAKB","2025-09-16T20:51:00Z","2025-09-17T14:27:00Z",340,0,340
"EKCH","LOWW","2025-09-17T11:26:00Z","2025-09-17T14:28:00Z",340,0,340
"SABE","EBCI","2025-09-16T22:27:00Z","2025-09-17T14:28:00Z",340,0,340
"LOWW","SCEL","2025-09-16T21:54:00Z","2025-09-17T14:29:00Z",360,0,360
"OOMS","SEQM","2025-09-16T18:06:00Z","2025-09-17T14:29:00Z",320,0,320
"SUAA","OMDB","2025-09-16T20:39:00Z","2025-09-17T14:29:00Z",300,0,300
"UBBB","SBBR","2025-09-16T22:49:00Z","2025-09-17T14:29:00Z",340,0,340
"SUAA","EKCH","2025-09-16T22:39:00Z","2025-09-17T14:30:00Z",340,0,340
"EHAM","VIDP","2025-09-17T04:24:00Z","2025-09-17T14:31:00Z",300,0,300
"OSDI","SEQM","2025-09-16T21:09:00Z","2025-09-17T14:31:00Z",340,0,340
"SGAS","OMDB","2025-09-16T20:52:00Z","2025-09-17T14:31:00Z",340,0,340
"LBSF","LKPR","2025-09-17T11:07:00Z","2025-09-17T14:32:00Z",300,0,300
"LKPR","OSDI","2025-09-17T09:15:00Z","2025-09-17T14:32:00Z",320,0,320
"SABE","OOMS","2025-09-16T19:15:00Z","2025-09-17T14:32:00Z",340,0,340
"UBBB","SUAA","2025-09-16T19:28:00Z","2025-09-17T14:34:00Z",360,0,360
"OERK","LKPR","2025-09-17T07:34:00Z","2025-09-17T14:35:00Z",320,0,320
"OERK","OOMS","2025-09-17T11:03:00Z","2025-09-17T14:35:00Z",340,0,340
"UBBB","EBCI","2025-09-17T08:55:00Z","2025-09-17T14:35:00Z",320,0,320
"OAKB","SVMI","2025-09-16T20:00:00Z","2025-09-17T14:36:00Z",320,0,320
"OSDI","LBSF","2025-09-17T11:42:00Z","2025-09-17T14:36:00Z",300,0,300
"SKBO","OPKC","2025-09-16T18:01:00Z","2025-09-17T14:36:00Z",300,0,300
"UBBB","OAKB","2025-09-17T10:23:00Z","2025-09-17T14:39:00Z",300,0,300
"LDZA","SPIM","2025-09-16T22:36:00Z","2025-09-17T14:40:00Z",320,0,320
"OYSN","EDDI","2025-09-17T06:27:00Z","2025-09-17T14:40:00Z",300,0,300
"OMDB","OSDI","2025-09-17T10:07:00Z","2025-09-17T14:41:00Z",340,0,340
"SGAS","LDZA","2025-09-16T23:13:00Z","2025-09-17T14:42:00Z",360,0,360
"LKPR","SUAA","2025-09-16T22:08:00Z","2025-09-17T14:43:00Z",300,0,300
"SEQM","OSDI","2025-09-16T21:21:00Z","2025-09-17T14:43:00Z",300,0,300
"UBBB","SGAS","2025-09-16T20:10:00Z","2025-09-17T14:43:00Z",300,0,300
"VIDP","EKCH","2025-09-17T05:17:00Z","2025-09-17T14:43:00Z",360,0,360
"SLLP","OAKB","2025-09-16T17:31:00Z","2025-09-17T14:45:00Z",300,0,300
"EHAM","SPIM","2025-09-16T23:37:00Z","2025-09-17T14:46:00Z",340,0,340
"OYSN","SLLP","2025-09-16T20:43:00Z","2025-09-17T14:46:00Z",320,0,320
"SUAA","OSDI","2025-09-16T21:31:00Z","2025-09-17T14:47:00Z",300,0,300
"OAKB","SUAA","2025-09-16T18:55:00Z","2025-09-17T14:48:00Z",300,0,300
"EBCI","LBSF","2025-09-17T10:40:00Z","2025-09-17T14:49:00Z",340,0,340
"LATI","EHAM","2025-09-17T10:43:00Z","2025-09-17T14:49:00Z",300,0,300
"SKBO","OSDI","2025-09-16T22:13:00Z","2025-09-17T14:49:00Z",300,0,300
"LATI","LKPR","2025-09-17T11:29:00Z","2025-09-17T14:50:00Z",300,0,300
"OAKB","OOMS","2025-09-17T10:48:00Z","2025-09-17T14:50:00Z",300,0,300
"OERK","OJAI","2025-09-17T11:10:00Z","2025-09-17T14:50:00Z",360,0,360
"SGAS","SLLP","2025-09-17T11:56:00Z","2025-09-17T14:50:00Z",340,0,340
"UMMS","SVMI","2025-09-17T01:02:00Z","2025-09-17T14:50:00Z",300,0,300
"VIDP","OAKB","2025-09-17T11:34:00Z","2025-09-17T14:50:00Z",340,0,340
"LDZA","EKCH","2025-09-17T11:25:00Z","2025-09-17T14:51:00Z",300,0,300
"SUAA","SVMI","2025-09-17T06:34:00Z","2025-09-17T14:51:00Z",300,0,300
"OAKB","EHAM","2025-09-17T06:02:00Z","2025-09-17T14:53:00Z",360,0,360
"OERK","OPKC","2025-09-17T10:13:00Z","2025-09-17T14:53:00Z",300,0,300
"OMDB","OJAI","2025-09-17T10:17:00Z","2025-09-17T14:53:00Z",340,0,340
"OPKC","EDDI","2025-09-17T06:59:00Z","2025-09-17T14:53:00Z",300,0,300
"OPKC","OERK","2025-09-17T10:13:00Z","2025-09-17T14:53:00Z",360,0,360
"OYSN","SPIM","2025-09-16T19:44:00Z","2025-09-17T14:54:00Z",300,0,300
"OMDB","EDDI","2025-09-17T07:06:00Z","2025-09-17T14:55:00Z",360,0,360
"OAKB","OMDB","2025-09-17T10:50:00Z","2025-09-17T14:56:00Z",360,0,360
"OJAI","SLLP","2025-09-16T21:42:00Z","2025-09-17T14:57:00Z",340,0,340
"OOMS","EBCI","2025-09-17T06:00:00Z","2025-09-17T14:57:00Z",340,0,340
"SKBO","LBSF","2025-09-17T00:01:00Z","2025-09-17T14:57:00Z",300,0,300
"VIDP","OYSN","2025-09-17T08:20:00Z","2025-09-17T14:58:00Z",320,0,320
"LDZA","OSDI","2025-09-17T10:15:00Z","2025-09-17T14:59:00Z",320,0,320
"OSDI","LATI","2025-09-17T10:48:00Z","2025-09-17T14:59:00Z",300,0,300
"UBBB","UMMS","2025-09-17T11:15:00Z","2025-09-17T15:01:00Z",300,0,300
"SUAA","OJAI","2025-09-16T22:00:00Z","2025-09-17T15:02:00Z",340,0,340
"OERK","SLLP","2025-09-16T21:33:00Z","2025-09-17T15:03:00Z",340,0,340
"EHAM","SABE","2025-09-16T23:52:00Z","2025-09-17T15:04:00Z",340,0,340
"LKPR","SBBR","2025-09-17T02:18:00Z","2025-09-17T15:04:00Z",300,0,300
"OPKC","UMMS","2025-09-17T08:18:00Z","2025-09-17T15:04:00Z",360,0,360
"UMMS","EKCH","2025-09-17T12:44:00Z","2025-09-17T15:04:00Z",300,0,300
"EHAM","SCEL","2025-09-16T23:10:00Z","2025-09-17T15:05:00Z",340,0,340
"LDZA","OYSN","2025-09-17T08:45:00Z","2025-09-17T15:05:00Z",360,0,360
"OERK","LBSF","2025-09-17T10:25:00Z","2025-09-17T15:05:00Z",340,0,340
"SEQM","SBBR","2025-09-17T09:19:00Z","2025-09-17T15:05:00Z",340,0,340
"LKPR","SPIM","2025-09-17T00:10:00Z","2025-09-17T15:07:00Z",360,0,360
"SBBR","LKPR","2025-09-17T02:21:00Z","2025-09-17T15:07:00Z",320,0,320
"SBBR","OAKB","2025-09-16T21:22:00Z","2025-09-17T15:07:00Z",340,0,340
"UMMS","OPKC","2025-09-17T08:21:00Z","2025-09-17T15:07:00Z",340,0,340
"LBSF","LDZA","2025-09-17T13:19:00Z","2025-09-17T15:08:00Z",320,0,320
"OYSN","SCEL","2025-09-16T21:37:00Z","2025-09-17T15:08:00Z",320,0,320
"SKBO","LDZA","2025-09-17T01:58:00Z","2025-09-17T15:09:00Z",360,0,360
"SVMI","SGAS","2025-09-17T08:07:00Z","2025-09-17T15:09:00Z",340,0,340
"OMDB","EHAM","2025-09-17T07:37:00Z","2025-09-17T15:10:00Z",340,0,340
"OYSN","OMDB","2025-09-17T11:10:00Z","2025-09-17T15:10:00Z",340,0,340
"LATI","LDZA","2025-09-17T13:33:00Z","2025-09-17T15:11:00Z",360,0,360
"LOWW","EBCI","2025-09-17T12:04:00Z","2025-09-17T15:12:00Z",360,0,360
"SCEL","OAKB","2025-09-16T17:48:00Z","2025-09-17T15:13:00Z",300,0,300
"SUAA","OAKB","2025-09-16T19:20:00Z","2025-09-17T15:13:00Z",360,0,360
"UMMS","OMDB","2025-09-17T09:23:00Z","2025-09-17T15:13:00Z",300,0,300
"SPIM","SABE","2025-09-17T10:20:00Z","2025-09-17T15:14:00Z",300,0,300
"OOMS","LBSF","2025-09-17T09:24:00Z","2025-09-17T15:15:00Z",360,0,360
"SABE","LKPR","2025-09-16T23:32:00Z","2025-09-17T15:15:00Z",320,0,320
"UMMS","LDZA","2025-09-17T12:42:00Z","2025-09-17T15:15:00Z",360,0,360
"OERK","LATI","2025-09-17T10:20:00Z","2025-09-17T15:16:00Z",340,0,340
"LDZA","EHAM","2025-09-17T12:49:00Z","2025-09-17T15:17:00Z",340,0,340
"OYSN","LKPR","2025-09-17T08:20:00Z","2025-09-17T15:17:00Z",300,0,300
"SBBR","UMMS","2025-09-17T00:15:00Z","2025-09-17T15:17:00Z",340,0,340
"SUAA","OERK","2025-09-16T22:33:00Z","2025-09-17T15:18:00Z",300,0,300
"LKPR","EHAM","2025-09-17T13:24:00Z","2025-09-17T15:19:00Z",320,0,320
"OSDI","OOMS","2025-09-17T10:17:00Z","2025-09-17T15:19:00Z",340,0,340
"OYSN","SUAA","2025-09-16T23:26:00Z","2025-09-17T15:19:00Z",360,0,360
"SUAA","UMMS","2025-09-16T22:29:00Z","2025-09-17T15:19:00Z",300,0,300
"LBSF","SUAA","2025-09-16T23:40:00Z","2025-09-17T15:20:00Z",340,0,340
"OOMS","SKBO","2025-09-16T20:43:00Z","2025-09-17T15:20:00Z",340,0,340
"OSDI","OAKB","2025-09-17T10:30:00Z","2025-09-17T15:20:00Z",320,0,320
"LATI","EBCI","2025-09-17T12:26:00Z","2025-09-17T15:21:00Z",340,0,340
"SCEL","OJAI","2025-09-16T21:53:00Z","2025-09-17T15:21:00Z",340,0,340
"SPIM","EDDI","2025-09-17T00:27:00Z","2025-09-17T15:21:00Z",360,0,360
"SUAA","LATI","2025-09-16T23:09:00Z","2025-09-17T15:23:00Z",300,0,300
"VIDP","LATI","2025-09-17T07:35:00Z","2025-09-17T15:23:00Z",360,0,360
"EKCH","UBBB","2025-09-17T09:19:00Z","2025-09-17T15:24:00Z",340,0,340
"LDZA","LOWW","2025-09-17T13:59:00Z","2025-09-17T15:24:00Z",340,0,340
"SBBR","OOMS","2025-09-16T22:07:00Z","2025-09-17T15:24:00Z",360,0,360
"UBBB","SABE","2025-09-16T20:06:00Z","2025-09-17T15:24:00Z",320,0,320
"EHAM","OJAI","2025-09-17T09:06:00Z","2025-09-17T15:25:00Z",320,0,320
"EKCH","EHAM","2025-09-17T13:38:00Z","2025-09-17T15:25:00Z",360,0,360
"OYSN","SBBR","2025-09-17T00:10:00Z","2025-09-17T15:25:00Z",340,0,340
"VIDP","OPKC","2025-09-17T12:03:00Z","2025-09-17T15:25:00Z",360,0,360
"EBCI","SLLP","2025-09-17T01:41:00Z","2025-09-17T15:26:00Z",320,0,320
"LATI","SLLP","2025-09-17T00:42:00Z","2025-09-17T15:26:00Z",360,0,360
"LATI","VIDP","2025-09-17T07:38:00Z","2025-09-17T15:26:00Z",320,0,320
"SVMI","SUAA","2025-09-17T07:09:00Z","2025-09-17T15:26:00Z",320,0,320
"SABE","SKBO","2025-09-17T08:44:00Z","2025-09-17T15:27:00Z",340,0,340
"SBBR","SVMI","2025-09-17T09:06:00Z","2025-09-17T15:28:00Z",300,0,300
"EKCH","SCEL","2025-09-16T22:47:00Z","2025-09-17T15:29:00Z",320,0,320
"OMDB","SGAS","2025-09-16T21:51:00Z","2025-09-17T15:30:00Z",360,0,360
"SCEL","LOWW","2025-09-16T22:55:00Z","2025-09-17T15:30:00Z",320,0,320
"LDZA","SABE","2025-09-16T23:02:00Z","2025-09-17T15:31:00Z",300,0,300
"OMDB","LBSF","2025-09-17T09:09:00Z","2025-09-17T15:32:00Z",300,0,300
"SEQM","LBSF","2025-09-17T00:49:00Z","2025-09-17T15:32:00Z",300,0,300
"EKCH","OMDB","2025-09-17T07:29:00Z","2025-09-17T15:33:00Z",300,0,300
"OJAI","OYSN","2025-09-17T11:02:00Z","2025-09-17T15:33:00Z",300,0,300
"UBBB","LKPR","2025-09-17T10:47:00Z","2025-09-17T15:33:00Z",320,0,320
"EHAM","EKCH","2025-09-17T13:47:00Z","2025-09-17T15:34:00Z",340,0,340
"OSDI","LDZA","2025-09-17T11:50:00Z","2025-09-17T15:34:00Z",360,0,360
"UMMS","LOWW","2025-09-17T12:18:00Z","2025-09-17T15:34:00Z",320,0,320
"VIDP","OERK","2025-09-17T10:39:00Z","2025-09-17T15:34:00Z",320,0,320
"SABE","EDDI","2025-09-16T23:46:00Z","2025-09-17T15:35:00Z",320,0,320
"SUAA","SLLP","2025-09-17T11:39:00Z","2025-09-17T15:35:00Z",340,0,340
"SVMI","LOWW","2025-09-17T03:47:00Z","2025-09-17T15:35:00Z",320,0,320
"EHAM","OYSN","2025-09-17T07:47:00Z","2025-09-17T15:36:00Z",300,0,300
"SCEL","OPKC","2025-09-16T18:49:00Z","2025-09-17T15:36:00Z",300,0,300
"SUAA","UBBB","2025-09-16T20:30:00Z","2025-09-17T15:36:00Z",320,0,320
"LKPR","SCEL","2025-09-16T22:04:00Z","2025-09-17T15:37:00Z",320,0,320
"OYSN","OOMS","2025-09-17T11:28:00Z","2025-09-17T15:37:00Z",300,0,300
"EDDI","VIDP","2025-09-17T06:17:00Z","2025-09-17T15:38:00Z",300,0,300
"OJAI","EBCI","2025-09-17T09:28:00Z","2025-09-17T15:39:00Z",300,0,300
"SKBO","LOWW","2025-09-17T01:29:00Z","2025-09-17T15:39:00Z",340,0,340
"SVMI","SCEL","2025-09-17T07:37:00Z","2025-09-17T15:39:00Z",360,0,360
"SABE","SGAS","2025-09-17T12:25:00Z","2025-09-17T15:40:00Z",360,0,360
"SVMI","EBCI","2025-09-17T04:58:00Z","2025-09-17T15:41:00Z",360,0,360
"LOWW","LDZA","2025-09-17T13:17:00Z","2025-09-17T15:42:00Z",300,0,300
"OERK","SGAS","2025-09-16T22:13:00Z","2025-09-17T15:44:00Z",340,0,340
"OMDB","OYSN","2025-09-17T11:44:00Z","2025-09-17T15:44:00Z",360,0,360
"OMDB","OERK","2025-09-17T12:36:00Z","2025-09-17T15:45:00Z",360,0,360
"SABE","OPKC","2025-09-16T19:22:00Z","2025-09-17T15:45:00Z",360,0,360
"OJAI","UMMS","2025-09-17T10:37:00Z","2025-09-17T15:46:00Z",300,0,300
"OMDB","SEQM","2025-09-16T20:50:00Z","2025-09-17T15:46:00Z",300,0,300
"EBCI","SEQM","2025-09-17T02:55:00Z","2025-09-17T15:47:00Z",320,0,320
"EHAM","UBBB","2025-09-17T09:06:00Z","2025-09-17T15:47:00Z",360,0,360
"LKPR","OAKB","2025-09-17T08:48:00Z","2025-09-17T15:47:00Z",320,0,320
"OAKB","UMMS","2025-09-17T09:57:00Z","2025-09-17T15:47:00Z",300,0,300
"SKBO","SVMI","2025-09-17T12:24:00Z","2025-09-17T15:47:00Z",300,0,300
"OSDI","EHAM","2025-09-17T09:38:00Z","2025-09-17T15:48:00Z",360,0,360
"OYSN","UBBB","2025-09-17T10:14:00Z","2025-09-17T15:48:00Z",300,0,300
"EHAM","LDZA","2025-09-17T12:21:00Z","2025-09-17T15:49:00Z",320,0,320
"EKCH","LBSF","2025-09-17T11:45:00Z","2025-09-17T15:49:00Z",340,0,340
"LDZA","SGAS","2025-09-17T00:20:00Z","2025-09-17T15:49:00Z",360,0,360
"SEQM","EHAM","2025-09-17T02:55:00Z","2025-09-17T15:49:00Z",340,0,340
"SEQM","LOWW","2025-09-17T01:52:00Z","2025-09-17T15:49:00Z",320,0,320
"OPKC","EBCI","2025-09-17T06:11:00Z","2025-09-17T15:50:00Z",360,0,360
"SPIM","SVMI","2025-09-17T10:24:00Z","2025-09-17T15:50:00Z",320,0,320
"EBCI","EKCH","2025-09-17T13:54:00Z","2025-09-17T15:52:00Z",360,0,360
"SBBR","EBCI","2025-09-17T02:50:00Z","2025-09-17T15:52:00Z",340,0,340
"SEQM","SKBO","2025-09-17T13:05:00Z","2025-09-17T15:52:00Z",320,0,320
"SGAS","EKCH","2025-09-17T00:00:00Z","2025-09-17T15:52:00Z",340,0,340
"LKPR","OERK","2025-09-17T08:52:00Z","2025-09-17T15:53:00Z",320,0,320
"OPKC","SKBO","2025-09-16T19:18:00Z","2025-09-17T15:53:00Z",360,0,360
"SLLP","EBCI","2025-09-17T01:08:00Z","2025-09-17T15:53:00Z",320,0,320
"LATI","LBSF","2025-09-17T13:28:00Z","2025-09-17T15:54:00Z",340,0,340
"SUAA","LDZA","2025-09-16T23:35:00Z","2025-09-17T15:54:00Z",300,0,300
"EBCI","SBBR","2025-09-17T02:53:00Z","2025-09-17T15:55:00Z",320,0,320
"EDDI","OYSN","2025-09-17T07:42:00Z","2025-09-17T15:55:00Z",320,0,320
"LATI","SABE","2025-09-16T23:30:00Z","2025-09-17T15:55:00Z",340,0,340
"OMDB","SBBR","2025-09-16T23:59:00Z","2025-09-17T15:56:00Z",320,0,320
"SKBO","LKPR","2025-09-17T02:57:00Z","2025-09-17T15:56:00Z",320,0,320
"EKCH","OYSN","2025-09-17T07:23:00Z","2025-09-17T15:57:00Z",300,0,300
"LKPR","SVMI","2025-09-17T03:20:00Z","2025-09-17T15:57:00Z",360,0,360
"SLLP","SVMI","2025-09-17T10:19:00Z","2025-09-17T15:57:00Z",300,0,300
"OPKC","EKCH","2025-09-17T06:53:00Z","2025-09-17T15:58:00Z",300,0,300
"VIDP","SLLP","2025-09-16T17:37:00Z","2025-09-17T15:58:00Z",360,0,360
"LATI","EDDI","2025-09-17T12:21:00Z","2025-09-17T15:59:00Z",320,0,320
"SGAS","SPIM","2025-09-17T10:47:00Z","2025-09-17T15:59:00Z",320,0,320
"UBBB","LBSF","2025-09-17T12:09:00Z","2025-09-17T16:00:00Z",300,0,300
"UBBB","SGAS","2025-09-16T22:27:00Z","2025-09-17T16:00:00Z",340,0,340
"EHAM","OPKC","2025-09-17T07:21:00Z","2025-09-17T16:01:00Z",320,0,320
"OERK","OMDB","2025-09-17T13:52:00Z","2025-09-17T16:01:00Z",340,0,340
"OJAI","SCEL","2025-09-16T22:33:00Z","2025-09-17T16:01:00Z",340,0,340
"SPIM","LKPR","2025-09-17T01:04:00Z","2025-09-17T16:01:00Z",320,0,320
"UMMS","SBBR","2025-09-17T01:59:00Z","2025-09-17T16:01:00Z",300,0,300
"EHAM","LOWW","2025-09-17T13:50:00Z","2025-09-17T16:02:00Z",320,0,320
"OPKC","OYSN","2025-09-17T11:46:00Z","2025-09-17T16:02:00Z",300,0,300
"SCEL","OMDB","2025-09-16T20:37:00Z","2025-09-17T16:03:00Z",360,0,360
"OSDI","SUAA","2025-09-16T23:48:00Z","2025-09-17T16:04:00Z",360,0,360
"OSDI","UMMS","2025-09-17T12:10:00Z","2025-09-17T16:04:00Z",300,0,300
"OOMS","LKPR","2025-09-17T08:00:00Z","2025-09-17T16:05:00Z",340,0,340
"LKPR","OPKC","2025-09-17T08:22:00Z","2025-09-17T16:07:00Z",340,0,340
"OSDI","LOWW","2025-09-17T12:09:00Z","2025-09-17T16:07:00Z",300,0,300
"SVMI","OSDI","2025-09-17T01:55:00Z","2025-09-17T16:07:00Z",320,0,320
"OMDB","OOMS","2025-09-17T14:40:00Z","2025-09-17T16:08:00Z",320,0,320
"SEQM","OSDI","2025-09-16T23:46:00Z","2025-09-17T16:08:00Z",300,0,300
"OSDI","OMDB","2025-09-17T12:35:00Z","2025-09-17T16:09:00Z",320,0,320
"SCEL","OERK","2025-09-16T21:50:00Z","2025-09-17T16:09:00Z",300,0,300
"UBBB","SKBO","2025-09-16T23:25:00Z","2025-09-17T16:09:00Z",300,0,300
"OOMS","OMDB","2025-09-17T14:42:00Z","2025-09-17T16:10:00Z",320,0,320
"EKCH","OPKC","2025-09-17T07:06:00Z","2025-09-17T16:11:00Z",340,0,340
"OERK","SKBO","2025-09-16T22:04:00Z","2025-09-17T16:11:00Z",300,0,300
"OYSN","SABE","2025-09-16T23:04:00Z","2025-09-17T16:11:00Z",300,0,300
"SBBR","SPIM","2025-09-17T10:06:00Z","2025-09-17T16:11:00Z",340,0,340
"SEQM","SABE","2025-09-17T09:47:00Z","2025-09-17T16:12:00Z",360,0,360
"EKCH","UMMS","2025-09-17T13:53:00Z","2025-09-17T16:13:00Z",300,0,300
"LATI","OOMS","2025-09-17T09:01:00Z","2025-09-17T16:13:00Z",340,0,340
"LOWW","SGAS","2025-09-17T01:33:00Z","2025-09-17T16:14:00Z",340,0,340
"OJAI","OMDB","2025-09-17T12:38:00Z","2025-09-17T16:14:00Z",320,0,320
"SCEL","EBCI","2025-09-17T00:28:00Z","2025-09-17T16:14:00Z",340,0,340
"SPIM","OAKB","2025-09-16T19:22:00Z","2025-09-17T16:14:00Z",320,0,320
"SLLP","EDDI","2025-09-17T01:40:00Z","2025-09-17T16:15:00Z",360,0,360
"LBSF","SEQM","2025-09-17T01:33:00Z","2025-09-17T16:16:00Z",300,0,300
"OOMS","SLLP","2025-09-16T20:15:00Z","2025-09-17T16:16:00Z",300,0,300
"VIDP","SEQM","2025-09-16T18:15:00Z","2025-09-17T16:16:00Z",320,0,320
"LBSF","UBBB","2025-09-17T12:26:00Z","2025-09-17T16:17:00Z",340,0,340
"UBBB","SEQM","2025-09-16T22:46:00Z","2025-09-17T16:17:00Z",340,0,340
"UMMS","OOMS","2025-09-17T09:01:00Z","2025-09-17T16:17:00Z",320,0,320
"EKCH","VIDP","2025-09-17T07:53:00Z","2025-09-17T16:19:00Z",340,0,340
"LDZA","EDDI","2025-09-17T13:18:00Z","2025-09-17T16:19:00Z",340,0,340
"LOWW","EHAM","2025-09-17T13:07:00Z","2025-09-17T16:19:00Z",320,0,320
"SLLP","EKCH","2025-09-17T01:41:00Z","2025-09-17T16:19:00Z",340,0,340
"SABE","SBBR","2025-09-17T12:22:00Z","2025-09-17T16:21:00Z",320,0,320
"LOWW","VIDP","2025-09-17T07:18:00Z","2025-09-17T16:22:00Z",320,0,320
"OPKC","SABE","2025-09-16T20:59:00Z","2025-09-17T16:22:00Z",320,0,320
"SBBR","SEQM","2025-09-17T10:36:00Z","2025-09-17T16:22:00Z",340,0,340
"EHAM","UBBB","2025-09-17T10:42:00Z","2025-09-17T16:23:00Z",300,0,300
"EKCH","SUAA","2025-09-17T00:33:00Z","2025-09-17T16:24:00Z",360,0,360
"OPKC","SVMI","2025-09-16T21:13:00Z","2025-09-17T16:24:00Z",360,0,360
"OPKC","LOWW","2025-09-17T08:54:00Z","2025-09-17T16:25:00Z",340,0,340
"OYSN","OSDI","2025-09-17T12:44:00Z","2025-09-17T16:26:00Z",340,0,340
"UMMS","SCEL","2025-09-16T22:36:00Z","2025-09-17T16:26:00Z",340,0,340
"SBBR","LBSF","2025-09-17T02:27:00Z","2025-09-17T16:27:00Z",360,0,360
"UBBB","OMDB","2025-09-17T12:17:00Z","2025-09-17T16:27:00Z",300,0,300
"SPIM","OSDI","2025-09-16T22:18:00Z","2025-09-17T16:29:00Z",360,0,360
"SPIM","SABE","2025-09-17T11:35:00Z","2025-09-17T16:29:00Z",360,0,360
"EHAM","LATI","2025-09-17T12:24:00Z","2025-09-17T16:30:00Z",320,0,320
"SEQM","OMDB","2025-09-16T21:34:00Z","2025-09-17T16:30:00Z",300,0,300
"SEQM","OPKC","2025-09-16T19:09:00Z","2025-09-17T16:31:00Z",320,0,320
"LBSF","EHAM","2025-09-17T12:17:00Z","2025-09-17T16:33:00Z",360,0,360
"UMMS","SABE","2025-09-16T23:34:00Z","2025-09-17T16:33:00Z",340,0,340
"EDDI","SUAA","2025-09-17T00:55:00Z","2025-09-17T16:35:00Z",320,0,320
"EHAM","EDDI","2025-09-17T14:49:00Z","2025-09-17T16:35:00Z",360,0,360
"EHAM","SGAS","2025-09-17T01:30:00Z","2025-09-17T16:35:00Z",360,0,360
"SEQM","LKPR","2025-09-17T02:49:00Z","2025-09-17T16:35:00Z",300,0,300
"SVMI","VIDP","2025-09-16T21:44:00Z","2025-09-17T16:36:00Z",300,0,300
"SUAA","EDDI","2025-09-17T00:57:00Z","2025-09-17T16:37:00Z",300,0,300
"EBCI","SVMI","2025-09-17T05:55:00Z","2025-09-17T16:38:00Z",360,0,360
"LDZA","SUAA","2025-09-17T00:20:00Z","2025-09-17T16:39:00Z",300,0,300
"SABE","SUAA","2025-09-17T14:26:00Z","2025-09-17T16:39:00Z",340,0,340
"EDDI","LDZA","2025-09-17T13:39:00Z","2025-09-17T16:40:00Z",320,0,320
"LBSF","SPIM","2025-09-17T00:56:00Z","2025-09-17T16:40:00Z",360,0,360
"OJAI","EDDI","2025-09-17T11:58:00Z","2025-09-17T16:40:00Z",360,0,360
"SLLP","SGAS","2025-09-17T13:46:00Z","2025-09-17T16:40:00Z",300,0,300
"EBCI","OOMS","2025-09-17T08:45:00Z","2025-09-17T16:42:00Z",340,0,340
"LOWW","SLLP","2025-09-17T01:01:00Z","2025-09-17T16:42:00Z",300,0,300
"LOWW","SUAA","2025-09-17T00:08:00Z","2025-09-17T16:42:00Z",340,0,340
"SPIM","OERK","2025-09-16T21:15:00Z","2025-09-17T16:42:00Z",320,0,320
"VIDP","OSDI","2025-09-17T10:45:00Z","2025-09-17T16:42:00Z",340,0,340
"OSDI","OJAI","2025-09-17T14:25:00Z","2025-09-17T16:43:00Z",320,0,320
"OSDI","UBBB","2025-09-17T13:52:00Z","2025-09-17T16:43:00Z",340,0,340
"SABE","UMMS","2025-09-16T23:44:00Z","2025-09-17T16:43:00Z",340,0,340
"LKPR","EDDI","2025-09-17T14:27:00Z","2025-09-17T16:44:00Z",340,0,340
"OJAI","LOWW","2025-09-17T11:37:00Z","2025-09-17T16:44:00Z",300,0,300
"SUAA","OOMS","2025-09-16T21:41:00Z","2025-09-17T16:44:00Z",300,0,300
"EBCI","OERK","2025-09-17T09:56:00Z","2025-09-17T16:45:00Z",320,0,320
"LATI","SUAA","2025-09-17T00:32:00Z","2025-09-17T16:46:00Z",320,0,320
"LKPR","LDZA","2025-09-17T14:03:00Z","2025-09-17T16:46:00Z",360,0,360
"SGAS","EHAM","2025-09-17T01:41:00Z","2025-09-17T16:46:00Z",320,0,320
"EKCH","SVMI","2025-09-17T04:18:00Z","2025-09-17T16:47:00Z",340,0,340
"SCEL","SVMI","2025-09-17T08:45:00Z","2025-09-17T16:47:00Z",340,0,340
"OYSN","SPIM","2025-09-16T21:38:00Z","2025-09-17T16:48:00Z",300,0,300
"SGAS","LBSF","2025-09-17T01:53:00Z","2025-09-17T16:48:00Z",360,0,360
"OMDB","LOWW","2025-09-17T09:29:00Z","2025-09-17T16:50:00Z",360,0,360
"LATI","SBBR","2025-09-17T03:17:00Z","2025-09-17T16:51:00Z",360,0,360
"OPKC","SCEL","2025-09-16T19:04:00Z","2025-09-17T16:51:00Z",320,0,320
"SPIM","SEQM","2025-09-17T13:10:00Z","2025-09-17T16:51:00Z",300,0,300
"OJAI","OOMS","2025-09-17T11:49:00Z","2025-09-17T16:53:00Z",340,0,340
"OOMS","UBBB","2025-09-17T12:20:00Z","2025-09-17T16:53:00Z",340,0,340
"SUAA","SBBR","2025-09-17T12:00:00Z","2025-09-17T16:53:00Z",340,0,340
"SVMI","LKPR","2025-09-17T04:17:00Z","2025-09-17T16:54:00Z",340,0,340
"SVMI","LOWW","2025-09-17T04:06:00Z","2025-09-17T16:54:00Z",300,0,300
"LOWW","OJAI","2025-09-17T11:48:00Z","2025-09-17T16:55:00Z",300,0,300
"OOMS","SGAS","2025-09-16T22:58:00Z","2025-09-17T16:55:00Z",340,0,340
"LDZA","SBBR","2025-09-17T03:22:00Z","2025-09-17T16:56:00Z",360,0,360
"SBBR","SABE","2025-09-17T12:57:00Z","2025-09-17T16:56:00Z",360,0,360
"EHAM","LBSF","2025-09-17T12:41:00Z","2025-09-17T16:57:00Z",360,0,360
"SEQM","SCEL","2025-09-17T10:14:00Z","2025-09-17T16:58:00Z",360,0,360
"EBCI","LDZA","2025-09-17T13:40:00Z","2025-09-17T16:59:00Z",360,0,360
"EDDI","SPIM","2025-09-17T01:05:00Z","2025-09-17T16:59:00Z",360,0,360
"SCEL","OYSN","2025-09-16T22:28:00Z","2025-09-17T16:59:00Z",340,0,340
"SUAA","SVMI","2025-09-17T09:43:00Z","2025-09-17T17:00:00Z",360,0,360
"EDDI","LATI","2025-09-17T14:23:00Z","2025-09-17T17:01:00Z",360,0,360
"OMDB","LATI","2025-09-17T11:17:00Z","2025-09-17T17:01:00Z",300,0,300
"SCEL","OMDB","2025-09-16T21:36:00Z","2025-09-17T17:02:00Z",360,0,360
"SKBO","SPIM","2025-09-17T13:46:00Z","2025-09-17T17:02:00Z",300,0,300
"UBBB","OERK","2025-09-17T13:46:00Z","2025-09-17T17:03:00Z",340,0,340
"EKCH","LDZA","2025-09-17T14:38:00Z","2025-09-17T17:04:00Z",340,0,340
"SCEL","EHAM","2025-09-17T01:09:00Z","2025-09-17T17:04:00Z",360,0,360
"SEQM","EDDI","2025-09-17T03:24:00Z","2025-09-17T17:04:00Z",340,0,340
"LKPR","SABE","2025-09-17T01:22:00Z","2025-09-17T17:05:00Z",300,0,300
"SBBR","SUAA","2025-09-17T13:12:00Z","2025-09-17T17:05:00Z",360,0,360
"SCEL","SEQM","2025-09-17T11:21:00Z","2025-09-17T17:05:00Z",360,0,360
"LOWW","SKBO","2025-09-17T03:56:00Z","2025-09-17T17:06:00Z",360,0,360
"OMDB","SABE","2025-09-16T22:02:00Z","2025-09-17T17:06:00Z",300,0,300
"SVMI","OAKB","2025-09-16T23:30:00Z","2025-09-17T17:06:00Z",320,0,320
"OERK","EHAM","2025-09-17T10:12:00Z","2025-09-17T17:07:00Z",300,0,300
"SGAS","SUAA","2025-09-17T14:52:00Z","2025-09-17T17:07:00Z",300,0,300
"SPIM","LBSF","2025-09-17T01:23:00Z","2025-09-17T17:07:00Z",360,0,360
"UBBB","EHAM","2025-09-17T11:27:00Z","2025-09-17T17:08:00Z",340,0,340
"OJAI","OERK","2025-09-17T14:29:00Z","2025-09-17T17:09:00Z",360,0,360
"OJAI","SKBO","2025-09-17T01:36:00Z","2025-09-17T17:09:00Z",320,0,320
"LKPR","SEQM","2025-09-17T03:24:00Z","2025-09-17T17:10:00Z",300,0,300
"SBBR","OYSN","2025-09-17T02:56:00Z","2025-09-17T17:11:00Z",300,0,300
"SPIM","VIDP","2025-09-16T18:05:00Z","2025-09-17T17:11:00Z",320,0,320
"OPKC","UBBB","2025-09-17T12:12:00Z","2025-09-17T17:12:00Z",360,0,360
"OYSN","SGAS","2025-09-17T01:22:00Z","2025-09-17T17:12:00Z",300,0,300
"EHAM","EBCI","2025-09-17T15:57:00Z","2025-09-17T17:13:00Z",320,0,320
"LOWW","SEQM","2025-09-17T03:16:00Z","2025-09-17T17:13:00Z",360,0,360
"OYSN","LOWW","2025-09-17T10:35:00Z","2025-09-17T17:13:00Z",300,0,300
"SKBO","EBCI","2025-09-17T04:08:00Z","2025-09-17T17:13:00Z",340,0,340
"SLLP","SCEL","2025-09-17T13:52:00Z","2025-09-17T17:15:00Z",320,0,320
"EDDI","UMMS","2025-09-17T14:00:00Z","2025-09-17T17:16:00Z",320,0,320
"OMDB","SPIM","2025-09-16T21:41:00Z","2025-09-17T17:16:00Z",360,0,360
"UBBB","SLLP","2025-09-16T22:16:00Z","2025-09-17T17:16:00Z",320,0,320
"LATI","UBBB","2025-09-17T12:01:00Z","2025-09-17T17:18:00Z",360,0,360
"OAKB","LKPR","2025-09-17T10:19:00Z","2025-09-17T17:18:00Z",320,0,320
"SPIM","SKBO","2025-09-17T13:02:00Z","2025-09-17T17:18:00Z",300,0,300
"LATI","LOWW","2025-09-17T14:18:00Z","2025-09-17T17:19:00Z",300,0,300
"OYSN","SEQM","2025-09-16T23:27:00Z","2025-09-17T17:20:00Z",340,0,340
"UBBB","VIDP","2025-09-17T12:49:00Z","2025-09-17T17:20:00Z",320,0,320
"EBCI","UMMS","2025-09-17T13:14:00Z","2025-09-17T17:21:00Z",340,0,340
"LKPR","SGAS","2025-09-17T02:41:00Z","2025-09-17T17:21:00Z",340,0,340
"LOWW","SBBR","2025-09-17T04:35:00Z","2025-09-17T17:21:00Z",320,0,320
"LKPR","OAKB","2025-09-17T10:23:00Z","2025-09-17T17:22:00Z",360,0,360
"LATI","SGAS","2025-09-17T02:54:00Z","2025-09-17T17:23:00Z",320,0,320
"SABE","OAKB","2025-09-16T20:17:00Z","2025-09-17T17:23:00Z",360,0,360
"OSDI","OYSN","2025-09-17T13:42:00Z","2025-09-17T17:24:00Z",340,0,340
"SGAS","OERK","2025-09-17T00:53:00Z","2025-09-17T17:24:00Z",360,0,360
"SPIM","EBCI","2025-09-17T02:20:00Z","2025-09-17T17:24:00Z",320,0,320
"UBBB","OJAI","2025-09-17T13:17:00Z","2025-09-17T17:24:00Z",300,0,300
"LBSF","LATI","2025-09-17T15:59:00Z","2025-09-17T17:25:00Z",360,0,360
"LOWW","LATI","2025-09-17T14:24:00Z","2025-09-17T17:25:00Z",360,0,360
"UMMS","SUAA","2025-09-17T00:36:00Z","2025-09-17T17:26:00Z",320,0,320
"OAKB","SBBR","2025-09-16T23:42:00Z","2025-09-17T17:27:00Z",360,0,360
"EDDI","OMDB","2025-09-17T10:39:00Z","2025-09-17T17:28:00Z",340,0,340
"OAKB","OYSN","2025-09-17T11:21:00Z","2025-09-17T17:28:00Z",340,0,340
"OOMS","LOWW","2025-09-17T10:39:00Z","2025-09-17T17:28:00Z",300,0,300
"VIDP","SVMI","2025-09-16T22:36:00Z","2025-09-17T17:28:00Z",300,0,300
"OPKC","OSDI","2025-09-17T12:30:00Z","2025-09-17T17:29:00Z",360,0,360
"SABE","VIDP","2025-09-16T20:44:00Z","2025-09-17T17:29:00Z",300,0,300
"SCEL","UBBB","2025-09-16T21:00:00Z","2025-09-17T17:29:00Z",360,0,360
"VIDP","SABE","2025-09-16T20:45:00Z","2025-09-17T17:30:00Z",360,0,360
"LBSF","SKBO","2025-09-17T03:35:00Z","2025-09-17T17:31:00Z",320,0,320
"SBBR","SGAS","2025-09-17T14:36:00Z","2025-09-17T17:31:00Z",300,0,300
"UBBB","EDDI","2025-09-17T12:37:00Z","2025-09-17T17:31:00Z",320,0,320
"VIDP","UMMS","2025-09-17T09:25:00Z","2025-09-17T17:31:00Z",320,0,320
"EDDI","SLLP","2025-09-17T02:57:00Z","2025-09-17T17:32:00Z",300,0,300
"OOMS","LDZA","2025-09-17T10:52:00Z","2025-09-17T17:32:00Z",300,0,300
"SGAS","UMMS","2025-09-17T01:35:00Z","2025-09-17T17:32:00Z",300,0,300
"LDZA","OPKC","2025-09-17T09:07:00Z","2025-09-17T17:33:00Z",300,0,300
"LDZA","LBSF","2025-09-17T15:45:00Z","2025-09-17T17:34:00Z",340,0,340
"SVMI","OERK","2025-09-17T01:49:00Z","2025-09-17T17:34:00Z",360,0,360
"UBBB","OSDI","2025-09-17T14:43:00Z","2025-09-17T17:34:00Z",360,0,360
"LATI","UMMS","2025-09-17T14:43:00Z","2025-09-17T17:35:00Z",340,0,340
"EDDI","EKCH","2025-09-17T15:11:00Z","2025-09-17T17:36:00Z",320,0,320
"OAKB","OJAI","2025-09-17T11:37:00Z","2025-09-17T17:37:00Z",320,0,320
"OJAI","SGAS","2025-09-17T01:03:00Z","2025-09-17T17:37:00Z",320,0,320
"OMDB","LKPR","2025-09-17T10:00:00Z","2025-09-17T17:37:00Z",300,0,300
"SABE","OMDB","2025-09-16T22:33:00Z","2025-09-17T17:37:00Z",320,0,320
"SEQM","LATI","2025-09-17T02:18:00Z","2025-09-17T17:37:00Z",340,0,340
"OJAI","LATI","2025-09-17T13:22:00Z","2025-09-17T17:38:00Z",360,0,360
"SPIM","OMDB","2025-09-16T21:03:00Z","2025-09-17T17:38:00Z",320,0,320
"EBCI","OMDB","2025-09-17T09:10:00Z","2025-09-17T17:39:00Z",340,0,340
"OJAI","LKPR","2025-09-17T12:13:00Z","2025-09-17T17:39:00Z",320,0,320
"LBSF","OOMS","2025-09-17T11:49:00Z","2025-09-17T17:40:00Z",340,0,340
"OMDB","LDZA","2025-09-17T10:28:00Z","2025-09-17T17:40:00Z",300,0,300
"OPKC","OAKB","2025-09-17T14:15:00Z","2025-09-17T17:40:00Z",360,0,360
"OPKC","SLLP","2025-09-16T20:29:00Z","2025-09-17T17:40:00Z",360,0,360
"OSDI","SGAS","2025-09-17T01:54:00Z","2025-09-17T17:40:00Z",300,0,300
"SGAS","LATI","2025-09-17T02:11:00Z","2025-09-17T17:40:00Z",320,0,320
"SABE","OSDI","2025-09-17T00:12:00Z","2025-09-17T17:41:00Z",320,0,320
"SLLP","SEQM","2025-09-17T13:04:00Z","2025-09-17T17:41:00Z",360,0,360
"SPIM","LDZA","2025-09-17T01:37:00Z","2025-09-17T17:41:00Z",320,0,320
"EBCI","SPIM","2025-09-17T02:38:00Z","2025-09-17T17:42:00Z",320,0,320
"OMDB","OJAI","2025-09-17T13:06:00Z","2025-09-17T17:42:00Z",300,0,300
"SPIM","SLLP","2025-09-17T14:22:00Z","2025-09-17T17:42:00Z",320,0,320
"SVMI","EKCH","2025-09-17T05:13:00Z","2025-09-17T17:42:00Z",320,0,320
"LDZA","VIDP","2025-09-17T08:39:00Z","2025-09-17T17:43:00Z",300,0,300
"SBBR","EBCI","2025-09-17T04:41:00Z","2025-09-17T17:43:00Z",320,0,320
"SLLP","OERK","2025-09-16T23:13:00Z","2025-09-17T17:43:00Z",360,0,360
"SPIM","UBBB","2025-09-16T22:08:00Z","2025-09-17T17:43:00Z",340,0,340
"LOWW","UMMS","2025-09-17T14:28:00Z","2025-09-17T17:44:00Z",340,0,340
"EDDI","UBBB","2025-09-17T12:51:00Z","2025-09-17T17:45:00Z",360,0,360
"VIDP","LKPR","2025-09-17T08:30:00Z","2025-09-17T17:45:00Z",300,0,300
"LOWW","OOMS","2025-09-17T10:57:00Z","2025-09-17T17:46:00Z",340,0,340
"UMMS","SKBO","2025-09-17T02:38:00Z","2025-09-17T17:46:00Z",320,0,320
"LBSF","OJAI","2025-09-17T13:45:00Z","2025-09-17T17:47:00Z",300,0,300
"UBBB","OYSN","2025-09-17T12:13:00Z","2025-09-17T17:47:00Z",340,0,340
"EDDI","LKPR","2025-09-17T15:32:00Z","2025-09-17T17:49:00Z",340,0,340
"OJAI","SEQM","2025-09-17T00:30:00Z","2025-09-17T17:49:00Z",320,0,320
"VIDP","OAKB","2025-09-17T14:33:00Z","2025-09-17T17:49:00Z",300,0,300
"LBSF","OMDB","2025-09-17T11:27:00Z","2025-09-17T17:50:00Z",360,0,360
"LBSF","VIDP","2025-09-17T09:28:00Z","2025-09-17T17:50:00Z",300,0,300
"OPKC","SEQM","2025-09-16T20:28:00Z","2025-09-17T17:50:00Z",300,0,300
"SKBO","SGAS","2025-09-17T11:10:00Z","2025-09-17T17:50:00Z",360,0,360
"EBCI","SCEL","2025-09-17T01:05:00Z","2025-09-17T17:51:00Z",300,0,300
"SGAS","SABE","2025-09-17T14:37:00Z","2025-09-17T17:52:00Z",340,0,340
"OMDB","OPKC","2025-09-17T14:21:00Z","2025-09-17T17:53:00Z",360,0,360
"SEQM","OYSN","2025-09-16T23:00:00Z","2025-09-17T17:53:00Z",340,0,340
"SVMI","UBBB","2025-09-17T01:32:00Z","2025-09-17T17:53:00Z",300,0,300
"SLLP","UBBB","2025-09-16T22:54:00Z","2025-09-17T17:54:00Z",300,0,300
"VIDP","SLLP","2025-09-16T19:33:00Z","2025-09-17T17:54:00Z",320,0,320
"EKCH","SGAS","2025-09-17T02:03:00Z","2025-09-17T17:55:00Z",360,0,360
"LBSF","SGAS","2025-09-17T02:00:00Z","2025-09-17T17:55:00Z",320,0,320
"LOWW","LKPR","2025-09-17T15:35:00Z","2025-09-17T17:55:00Z",340,0,340
"UMMS","EHAM","2025-09-17T13:53:00Z","2025-09-17T17:55:00Z",320,0,320
"EBCI","OERK","2025-09-17T10:07:00Z","2025-09-17T17:56:00Z",360,0,360
"EHAM","UMMS","2025-09-17T13:56:00Z","2025-09-17T17:58:00Z",300,0,300
"EKCH","LATI","2025-09-17T13:55:00Z","2025-09-17T17:58:00Z",360,0,360
"SKBO","SBBR","2025-09-17T11:23:00Z","2025-09-17T17:58:00Z",320,0,320
"UBBB","LOWW","2025-09-17T12:24:00Z","2025-09-17T17:58:00Z",340,0,340
"EDDI","OOMS","2025-09-17T09:43:00Z","2025-09-17T17:59:00Z",340,0,340
"SLLP","OPKC","2025-09-16T20:48:00Z","2025-09-17T17:59:00Z",300,0,300
"EKCH","OSDI","2025-09-17T13:08:00Z","2025-09-17T18:00:00Z",320,0,320
"OJAI","OERK","2025-09-17T15:20:00Z","2025-09-17T18:00:00Z",320,0,320
"OPKC","OJAI","2025-09-17T12:56:00Z","2025-09-17T18:00:00Z",340,0,340
"OAKB","SCEL","2025-09-16T20:36:00Z","2025-09-17T18:01:00Z",340,0,340
"OOMS","SVMI","2025-09-17T00:47:00Z","2025-09-17T18:01:00Z",340,0,340
"SEQM","OOMS","2025-09-16T22:38:00Z","2025-09-17T18:01:00Z",300,0,300
"UMMS","VIDP","2025-09-17T10:55:00Z","2025-09-17T18:01:00Z",360,0,360
"EBCI","OYSN","2025-09-17T10:24:00Z","2025-09-17T18:03:00Z",360,0,360
"EDDI","OJAI","2025-09-17T13:21:00Z","2025-09-17T18:03:00Z",340,0,340
"LATI","OERK","2025-09-17T13:07:00Z","2025-09-17T18:03:00Z",360,0,360
"SPIM","SCEL","2025-09-17T13:59:00Z","2025-09-17T18:03:00Z",340,0,340
"OERK","SABE","2025-09-17T01:05:00Z","2025-09-17T18:04:00Z",300,0,300
"UMMS","OAKB","2025-09-17T12:14:00Z","2025-09-17T18:04:00Z",360,0,360
"VIDP","SKBO","2025-09-16T21:50:00Z","2025-09-17T18:04:00Z",320,0,320
"OSDI","EDDI","2025-09-17T13:35:00Z","2025-09-17T18:06:00Z",300,0,300
"SBBR","OERK","2025-09-17T03:19:00Z","2025-09-17T18:07:00Z",320,0,320
"OERK","EKCH","2025-09-17T11:34:00Z","2025-09-17T18:08:00Z",360,0,360
"OJAI","SVMI","2025-09-17T03:58:00Z","2025-09-17T18:08:00Z",340,0,340
"OSDI","SPIM","2025-09-17T00:57:00Z","2025-09-17T18:08:00Z",340,0,340
"OOMS","SEQM","2025-09-16T22:46:00Z","2025-09-17T18:09:00Z",340,0,340
"SABE","OERK","2025-09-17T01:10:00Z","2025-09-17T18:09:00Z",320,0,320
"SCEL","UMMS","2025-09-17T00:19:00Z","2025-09-17T18:09:00Z",360,0,360
"SLLP","SUAA","2025-09-17T14:13:00Z","2025-09-17T18:09:00Z",360,0,360
"LBSF","EBCI","2025-09-17T14:01:00Z","2025-09-17T18:10:00Z",340,0,340
"SVMI","LATI","2025-09-17T05:01:00Z","2025-09-17T18:10:00Z",360,0,360
"OSDI","OERK","2025-09-17T15:26:00Z","2025-09-17T18:11:00Z",320,0,320
"SGAS","LOWW","2025-09-17T03:30:00Z","2025-09-17T18:11:00Z",360,0,360
"EBCI","UBBB","2025-09-17T12:32:00Z","2025-09-17T18:12:00Z",340,0,340
"LKPR","LOWW","2025-09-17T16:52:00Z","2025-09-17T18:12:00Z",340,0,340
"SUAA","LBSF","2025-09-17T02:32:00Z","2025-09-17T18:12:00Z",340,0,340
"SPIM","SUAA","2025-09-17T12:09:00Z","2025-09-17T18:13:00Z",300,0,300
"SLLP","SPIM","2025-09-17T15:54:00Z","2025-09-17T18:14:00Z",300,0,300
"SEQM","UMMS","2025-09-17T03:21:00Z","2025-09-17T18:16:00Z",320,0,320
"EDDI","OYSN","2025-09-17T10:06:00Z","2025-09-17T18:19:00Z",340,0,340
"SCEL","SBBR","2025-09-17T13:28:00Z","2025-09-17T18:19:00Z",320,0,320
"OERK","SBBR","2025-09-17T03:32:00Z","2025-09-17T18:20:00Z",320,0,320
"OJAI","VIDP","2025-09-17T11:14:00Z","2025-09-17T18:20:00Z",360,0,360
"LOWW","LBSF","2025-09-17T15:16:00Z","2025-09-17T18:21:00Z",360,0,360
"OAKB","OERK","2025-09-17T13:14:00Z","2025-09-17T18:21:00Z",300,0,300
"LBSF","EKCH","2025-09-17T14:18:00Z","2025-09-17T18:22:00Z",360,0,360
"OERK","SUAA","2025-09-17T01:37:00Z","2025-09-17T18:22:00Z",320,0,320
"SABE","UBBB","2025-09-16T23:04:00Z","2025-09-17T18:22:00Z",320,0,320
"SCEL","SLLP","2025-09-17T14:00:00Z","2025-09-17T18:23:00Z",300,0,300
"LKPR","VIDP","2025-09-17T09:09:00Z","2025-09-17T18:24:00Z",320,0,320
"OMDB","VIDP","2025-09-17T14:38:00Z","2025-09-17T18:24:00Z",360,0,360
"OYSN","EBCI","2025-09-17T10:45:00Z","2025-09-17T18:24:00Z",300,0,300
"LDZA","OMDB","2025-09-17T11:13:00Z","2025-09-17T18:25:00Z",300,0,300
"OOMS","SUAA","2025-09-16T23:24:00Z","2025-09-17T18:27:00Z",340,0,340
"LOWW","EDDI","2025-09-17T16:51:00Z","2025-09-17T18:28:00Z",320,0,320
"OMDB","EBCI","2025-09-17T10:59:00Z","2025-09-17T18:28:00Z",320,0,320
"OSDI","SVMI","2025-09-17T03:16:00Z","2025-09-17T18:28:00Z",340,0,340
"SCEL","LDZA","2025-09-17T01:04:00Z","2025-09-17T18:28:00Z",320,0,320
"SCEL","LKPR","2025-09-17T01:55:00Z","2025-09-17T18:28:00Z",360,0,360
"SGAS","UBBB","2025-09-17T00:56:00Z","2025-09-17T18:29:00Z",320,0,320
"SKBO","EBCI","2025-09-17T05:24:00Z","2025-09-17T18:29:00Z",340,0,340
"EDDI","OOMS","2025-09-17T10:14:00Z","2025-09-17T18:30:00Z",320,0,320
"SUAA","OPKC","2025-09-16T22:21:00Z","2025-09-17T18:30:00Z",300,0,300
"UBBB","OPKC","2025-09-17T13:30:00Z","2025-09-17T18:30:00Z",320,0,320
"EBCI","LKPR","2025-09-17T16:38:00Z","2025-09-17T18:31:00Z",320,0,320
"LOWW","SVMI","2025-09-17T06:43:00Z","2025-09-17T18:31:00Z",340,0,340
"OOMS","SBBR","2025-09-17T01:14:00Z","2025-09-17T18:31:00Z",340,0,340
"EDDI","SBBR","2025-09-17T05:42:00Z","2025-09-17T18:32:00Z",340,0,340
"OERK","OJAI","2025-09-17T15:52:00Z","2025-09-17T18:32:00Z",320,0,320
"OMDB","OERK","2025-09-17T15:23:00Z","2025-09-17T18:32:00Z",300,0,300
"SABE","LDZA","2025-09-17T02:03:00Z","2025-09-17T18:32:00Z",300,0,300
"SABE","SPIM","2025-09-17T13:38:00Z","2025-09-17T18:32:00Z",360,0,360
"SEQM","SUAA","2025-09-17T11:01:00Z","2025-09-17T18:34:00Z",300,0,300
"SBBR","OMDB","2025-09-17T02:38:00Z","2025-09-17T18:35:00Z",360,0,360
"OMDB","OSDI","2025-09-17T14:02:00Z","2025-09-17T18:36:00Z",360,0,360
"EBCI","SABE","2025-09-17T02:36:00Z","2025-09-17T18:37:00Z",340,0,340
"OAKB","SLLP","2025-09-16T21:23:00Z","2025-09-17T18:37:00Z",360,0,360
"EDDI","OSDI","2025-09-17T13:07:00Z","2025-09-17T18:38:00Z",360,0,360
"SGAS","LKPR","2025-09-17T03:01:00Z","2025-09-17T18:41:00Z",340,0,340
"LDZA","EBCI","2025-09-17T15:23:00Z","2025-09-17T18:42:00Z",300,0,300
"OAKB","VIDP","2025-09-17T15:26:00Z","2025-09-17T18:42:00Z",340,0,340
"OYSN","SLLP","2025-09-17T00:39:00Z","2025-09-17T18:42:00Z",300,0,300
"SBBR","EHAM","2025-09-17T05:29:00Z","2025-09-17T18:42:00Z",360,0,360
"SUAA","VIDP","2025-09-16T21:10:00Z","2025-09-17T18:42:00Z",360,0,360
"LOWW","UBBB","2025-09-17T13:09:00Z","2025-09-17T18:43:00Z",340,0,340
"SABE","EKCH","2025-09-17T02:44:00Z","2025-09-17T18:43:00Z",320,0,320
"EKCH","OAKB","2025-09-17T10:34:00Z","2025-09-17T18:44:00Z",300,0,300
"EDDI","SEQM","2025-09-17T04:05:00Z","2025-09-17T18:45:00Z",320,0,320
"LOWW","SCEL","2025-09-17T01:10:00Z","2025-09-17T18:45:00Z",320,0,320
"OYSN","LDZA","2025-09-17T11:26:00Z","2025-09-17T18:46:00Z",320,0,320
"UBBB","LATI","2025-09-17T13:29:00Z","2025-09-17T18:46:00Z",360,0,360
"EHAM","SUAA","2025-09-17T02:43:00Z","2025-09-17T18:48:00Z",360,0,360
"SBBR","LATI","2025-09-17T05:14:00Z","2025-09-17T18:48:00Z",300,0,300
"SVMI","SUAA","2025-09-17T10:31:00Z","2025-09-17T18:48:00Z",300,0,300
"OPKC","OMDB","2025-09-17T15:17:00Z","2025-09-17T18:49:00Z",340,0,340
"SBBR","LDZA","2025-09-17T05:15:00Z","2025-09-17T18:49:00Z",300,0,300
"SUAA","SKBO","2025-09-17T11:00:00Z","2025-09-17T18:49:00Z",340,0,340
"UMMS","SEQM","2025-09-17T03:54:00Z","2025-09-17T18:49:00Z",300,0,300
"LDZA","UBBB","2025-09-17T13:18:00Z","2025-09-17T18:50:00Z",320,0,320
"UMMS","SPIM","2025-09-17T01:39:00Z","2025-09-17T18:50:00Z",300,0,300
"OYSN","OAKB","2025-09-17T12:44:00Z","2025-09-17T18:51:00Z",300,0,300
"SKBO","SCEL","2025-09-17T11:39:00Z","2025-09-17T18:51:00Z",320,0,320
"SEQM","SGAS","2025-09-17T12:22:00Z","2025-09-17T18:52:00Z",300,0,300
"LDZA","LOWW","2025-09-17T16:29:00Z","2025-09-17T18:54:00Z",300,0,300
"SCEL","SKBO","2025-09-17T11:43:00Z","2025-09-17T18:55:00Z",340,0,340
"SVMI","SBBR","2025-09-17T12:34:00Z","2025-09-17T18:56:00Z",300,0,300
"OERK","SEQM","2025-09-17T00:04:00Z","2025-09-17T18:57:00Z",360,0,360
"SUAA","EHAM","2025-09-17T02:52:00Z","2025-09-17T18:57:00Z",320,0,320
"LDZA","OJAI","2025-09-17T14:07:00Z","2025-09-17T18:58:00Z",300,0,300
"OERK","LATI","2025-09-17T13:02:00Z","2025-09-17T18:58:00Z",300,0,300
"OYSN","SKBO","2025-09-17T00:47:00Z","2025-09-17T18:58:00Z",300,0,300
"SKBO","UMMS","2025-09-17T03:51:00Z","2025-09-17T18:59:00Z",300,0,300
"EDDI","SABE","2025-09-17T03:11:00Z","2025-09-17T19:00:00Z",320,0,320
"EDDI","SKBO","2025-09-17T06:07:00Z","2025-09-17T19:00:00Z",300,0,300
"OERK","UMMS","2025-09-17T13:32:00Z","2025-09-17T19:00:00Z",320,0,320
"SKBO","OPKC","2025-09-16T23:25:00Z","2025-09-17T19:00:00Z",300,0,300
"EKCH","LDZA","2025-09-17T16:35:00Z","2025-09-17T19:01:00Z",360,0,360
"LKPR","SLLP","2025-09-17T04:26:00Z","2025-09-17T19:01:00Z",320,0,320
"SEQM","VIDP","2025-09-16T21:00:00Z","2025-09-17T19:01:00Z",340,0,340
"SLLP","OYSN","2025-09-17T01:58:00Z","2025-09-17T19:01:00Z",300,0,300
"EBCI","OSDI","2025-09-17T13:59:00Z","2025-09-17T19:02:00Z",360,0,360
"EKCH","SPIM","2025-09-17T04:09:00Z","2025-09-17T19:02:00Z",360,0,360
"SABE","EDDI","2025-09-17T03:13:00Z","2025-09-17T19:02:00Z",300,0,300
"UBBB","SVMI","2025-09-17T03:41:00Z","2025-09-17T19:02:00Z",360,0,360
"OAKB","UBBB","2025-09-17T15:48:00Z","2025-09-17T19:04:00Z",300,0,300
"SCEL","EHAM","2025-09-17T03:10:00Z","2025-09-17T19:05:00Z",320,0,320
"SGAS","SEQM","2025-09-17T13:35:00Z","2025-09-17T19:05:00Z",300,0,300
"EDDI","SGAS","2025-09-17T04:22:00Z","2025-09-17T19:06:00Z",320,0,320
"LKPR","UMMS","2025-09-17T16:52:00Z","2025-09-17T19:09:00Z",300,0,300
"OJAI","EKCH","2025-09-17T13:07:00Z","2025-09-17T19:10:00Z",360,0,360
"VIDP","OJAI","2025-09-17T12:04:00Z","2025-09-17T19:10:00Z",300,0,300
"OPKC","SUAA","2025-09-16T23:03:00Z","2025-09-17T19:12:00Z",360,0,360
"SEQM","SPIM","2025-09-17T16:32:00Z","2025-09-17T19:13:00Z",320,0,320
"OERK","EBCI","2025-09-17T12:25:00Z","2025-09-17T19:14:00Z",320,0,320
"SABE","SBBR","2025-09-17T15:15:00Z","2025-09-17T19:14:00Z",320,0,320
"OSDI","SLLP","2025-09-17T02:50:00Z","2025-09-17T19:15:00Z",300,0,300
"EKCH","EBCI","2025-09-17T17:19:00Z","2025-09-17T19:17:00Z",300,0,300
"LDZA","UMMS","2025-09-17T16:44:00Z","2025-09-17T19:17:00Z",340,0,340
"SGAS","OYSN","2025-09-17T03:27:00Z","2025-09-17T19:17:00Z",360,0,360
"EKCH","SABE","2025-09-17T03:19:00Z","2025-09-17T19:18:00Z",320,0,320
"SBBR","EKCH","2025-09-17T05:19:00Z","2025-09-17T19:19:00Z",360,0,360
"SKBO","EHAM","2025-09-17T06:12:00Z","2025-09-17T19:19:00Z",320,0,320
"LBSF","OOMS","2025-09-17T13:29:00Z","2025-09-17T19:20:00Z",320,0,320
"SKBO","UBBB","2025-09-17T02:36:00Z","2025-09-17T19:20:00Z",360,0,360
"SVMI","SLLP","2025-09-17T14:42:00Z","2025-09-17T19:20:00Z",340,0,340
"SVMI","SPIM","2025-09-17T14:55:00Z","2025-09-17T19:21:00Z",340,0,340
"SEQM","SBBR","2025-09-17T13:36:00Z","2025-09-17T19:22:00Z",320,0,320
"SGAS","EBCI","2025-09-17T05:28:00Z","2025-09-17T19:23:00Z",360,0,360
"SCEL","OPKC","2025-09-16T22:37:00Z","2025-09-17T19:24:00Z",300,0,300
"SGAS","LATI","2025-09-17T04:55:00Z","2025-09-17T19:24:00Z",340,0,340
"SGAS","LOWW","2025-09-17T04:43:00Z","2025-09-17T19:24:00Z",300,0,300
"OJAI","SPIM","2025-09-17T01:21:00Z","2025-09-17T19:25:00Z",360,0,360
"OPKC","SGAS","2025-09-16T23:19:00Z","2025-09-17T19:25:00Z",340,0,340
"SLLP","LBSF","2025-09-17T03:15:00Z","2025-09-17T19:25:00Z",320,0,320
"UMMS","OYSN","2025-09-17T12:49:00Z","2025-09-17T19:25:00Z",300,0,300
"LKPR","OYSN","2025-09-17T12:29:00Z","2025-09-17T19:26:00Z",360,0,360
"EBCI","SUAA","2025-09-17T04:34:00Z","2025-09-17T19:27:00Z",360,0,360
"EHAM","OMDB","2025-09-17T11:54:00Z","2025-09-17T19:27:00Z",340,0,340
"EKCH","EDDI","2025-09-17T17:02:00Z","2025-09-17T19:27:00Z",300,0,300
"OJAI","EHAM","2025-09-17T13:08:00Z","2025-09-17T19:27:00Z",340,0,340
"LDZA","OERK","2025-09-17T13:59:00Z","2025-09-17T19:28:00Z",360,0,360
"LKPR","LATI","2025-09-17T16:08:00Z","2025-09-17T19:29:00Z",320,0,320
"OJAI","OYSN","2025-09-17T15:58:00Z","2025-09-17T19:29:00Z",320,0,320
"OMDB","EKCH","2025-09-17T11:25:00Z","2025-09-17T19:29:00Z",320,0,320
"EKCH","OPKC","2025-09-17T10:25:00Z","2025-09-17T19:30:00Z",300,0,300
"OSDI","LBSF","2025-09-17T16:36:00Z","2025-09-17T19:30:00Z",320,0,320
"OAKB","SABE","2025-09-16T22:25:00Z","2025-09-17T19:31:00Z",320,0,320
"SEQM","SABE","2025-09-17T12:06:00Z","2025-09-17T19:31:00Z",360,0,360
"EBCI","LATI","2025-09-17T16:39:00Z","2025-09-17T19:34:00Z",360,0,360
"LATI","OSDI","2025-09-17T15:23:00Z","2025-09-17T19:34:00Z",360,0,360
"UMMS","EBCI","2025-09-17T15:27:00Z","2025-09-17T19:34:00Z",320,0,320
"OERK","VIDP","2025-09-17T14:40:00Z","2025-09-17T19:35:00Z",320,0,320
"LKPR","EHAM","2025-09-17T17:41:00Z","2025-09-17T19:36:00Z",300,0,300
"OPKC","OJAI","2025-09-17T13:32:00Z","2025-09-17T19:36:00Z",320,0,320
"SEQM","OJAI","2025-09-17T02:17:00Z","2025-09-17T19:36:00Z",360,0,360
"LBSF","SCEL","2025-09-17T02:46:00Z","2025-09-17T19:37:00Z",360,0,360
"LBSF","SKBO","2025-09-17T05:41:00Z","2025-09-17T19:37:00Z",340,0,340
"SKBO","EKCH","2025-09-17T06:49:00Z","2025-09-17T19:37:00Z",340,0,340
"OMDB","EDDI","2025-09-17T12:49:00Z","2025-09-17T19:38:00Z",340,0,340
"OAKB","SGAS","2025-09-16T23:06:00Z","2025-09-17T19:39:00Z",360,0,360
"OYSN","OPKC","2025-09-17T14:23:00Z","2025-09-17T19:39:00Z",340,0,340
"SVMI","OYSN","2025-09-17T03:47:00Z","2025-09-17T19:39:00Z",360,0,360
"SVMI","VIDP","2025-09-17T00:47:00Z","2025-09-17T19:39:00Z",320,0,320
"SABE","SKBO","2025-09-17T12:57:00Z","2025-09-17T19:40:00Z",340,0,340
"EKCH","OERK","2025-09-17T12:07:00Z","2025-09-17T19:41:00Z",300,0,300
"SEQM","SVMI","2025-09-17T15:31:00Z","2025-09-17T19:41:00Z",360,0,360
"SUAA","OMDB","2025-09-17T01:52:00Z","2025-09-17T19:42:00Z",360,0,360
"SGAS","SKBO","2025-09-17T13:03:00Z","2025-09-17T19:43:00Z",320,0,320
"LATI","OPKC","2025-09-17T11:41:00Z","2025-09-17T19:44:00Z",320,0,320
"EBCI","VIDP","2025-09-17T09:36:00Z","2025-09-17T19:45:00Z",300,0,300
"SUAA","SEQM","2025-09-17T12:12:00Z","2025-09-17T19:45:00Z",300,0,300
"EKCH","UBBB","2025-09-17T13:41:00Z","2025-09-17T19:46:00Z",320,0,320
"OSDI","OPKC","2025-09-17T14:47:00Z","2025-09-17T19:46:00Z",360,0,360
"LKPR","SBBR","2025-09-17T06:01:00Z","2025-09-17T19:47:00Z",340,0,340
"LOWW","OPKC","2025-09-17T11:16:00Z","2025-09-17T19:47:00Z",320,0,320
"SGAS","EDDI","2025-09-17T04:03:00Z","2025-09-17T19:47:00Z",300,0,300
"SKBO","OERK","2025-09-17T01:40:00Z","2025-09-17T19:47:00Z",320,0,320
"EBCI","EHAM","2025-09-17T17:32:00Z","2025-09-17T19:48:00Z",340,0,340
"LOWW","OSDI","2025-09-17T15:50:00Z","2025-09-17T19:48:00Z",340,0,340
"SGAS","EKCH","2025-09-17T04:56:00Z","2025-09-17T19:48:00Z",340,0,340
"SPIM","OYSN","2025-09-17T00:38:00Z","2025-09-17T19:48:00Z",360,0,360
"OAKB","SUAA","2025-09-16T23:56:00Z","2025-09-17T19:49:00Z",340,0,340
"OOMS","EDDI","2025-09-17T11:33:00Z","2025-09-17T19:49:00Z",340,0,340
"OPKC","LDZA","2025-09-17T11:23:00Z","2025-09-17T19:49:00Z",320,0,320
"SABE","VIDP","2025-09-16T22:05:00Z","2025-09-17T19:50:00Z",320,0,320
"LOWW","EKCH","2025-09-17T16:49:00Z","2025-09-17T19:51:00Z",300,0,300
"EHAM","LOWW","2025-09-17T16:40:00Z","2025-09-17T19:52:00Z",340,0,340
"UMMS","OERK","2025-09-17T13:24:00Z","2025-09-17T19:52:00Z",300,0,300
"EDDI","OPKC","2025-09-17T11:59:00Z","2025-09-17T19:53:00Z",340,0,340
"OOMS","SABE","2025-09-17T00:36:00Z","2025-09-17T19:53:00Z",360,0,360
"SGAS","OJAI","2025-09-17T03:19:00Z","2025-09-17T19:53:00Z",300,0,300
"SGAS","SVMI","2025-09-17T12:51:00Z","2025-09-17T19:53:00Z",360,0,360
"SPIM","EKCH","2025-09-17T04:00:00Z","2025-09-17T19:53:00Z",340,0,340
"EDDI","LOWW","2025-09-17T17:17:00Z","2025-09-17T19:54:00Z",360,0,360
"SLLP","VIDP","2025-09-16T21:33:00Z","2025-09-17T19:54:00Z",300,0,300
"SKBO","SBBR","2025-09-17T13:21:00Z","2025-09-17T19:56:00Z",300,0,300
"UBBB","OOMS","2025-09-17T15:23:00Z","2025-09-17T19:56:00Z",340,0,340
"SLLP","SBBR","2025-09-17T15:07:00Z","2025-09-17T19:57:00Z",300,0,300
"UBBB","EKCH","2025-09-17T13:52:00Z","2025-09-17T19:57:00Z",360,0,360
"LDZA","OAKB","2025-09-17T12:11:00Z","2025-09-17T19:59:00Z",360,0,360
"OMDB","LKPR","2025-09-17T13:23:00Z","2025-09-17T20:00:00Z",340,0,340
"VIDP","SUAA","2025-09-16T23:28:00Z","2025-09-17T20:00:00Z",340,0,340
"SCEL","OSDI","2025-09-17T02:20:00Z","2025-09-17T20:02:00Z",320,0,320
"SPIM","EBCI","2025-09-17T05:58:00Z","2025-09-17T20:02:00Z",360,0,360
"UMMS","LDZA","2025-09-17T17:29:00Z","2025-09-17T20:02:00Z",320,0,320
"LKPR","OOMS","2025-09-17T12:58:00Z","2025-09-17T20:03:00Z",340,0,340
"OAKB","EBCI","2025-09-17T12:11:00Z","2025-09-17T20:03:00Z",320,0,320
"EKCH","OJAI","2025-09-17T14:01:00Z","2025-09-17T20:04:00Z",340,0,340
"EKCH","SKBO","2025-09-17T07:16:00Z","2025-09-17T20:04:00Z",320,0,320
"OERK","SCEL","2025-09-17T01:45:00Z","2025-09-17T20:04:00Z",300,0,300
"SEQM","LBSF","2025-09-17T05:22:00Z","2025-09-17T20:05:00Z",320,0,320
"SBBR","EDDI","2025-09-17T07:16:00Z","2025-09-17T20:06:00Z",360,0,360
"UBBB","EBCI","2025-09-17T14:26:00Z","2025-09-17T20:06:00Z",360,0,360
"LOWW","SABE","2025-09-17T04:24:00Z","2025-09-17T20:07:00Z",300,0,300
"OMDB","SLLP","2025-09-17T01:28:00Z","2025-09-17T20:07:00Z",300,0,300
"SABE","OOMS","2025-09-17T01:50:00Z","2025-09-17T20:07:00Z",300,0,300
"EHAM","LATI","2025-09-17T16:02:00Z","2025-09-17T20:08:00Z",320,0,320
"LKPR","SKBO","2025-09-17T07:09:00Z","2025-09-17T20:08:00Z",360,0,360
"OAKB","LOWW","2025-09-17T13:20:00Z","2025-09-17T20:08:00Z",340,0,340
"OAKB","OERK","2025-09-17T15:01:00Z","2025-09-17T20:08:00Z",360,0,360
"OERK","LDZA","2025-09-17T14:39:00Z","2025-09-17T20:08:00Z",360,0,360
"OJAI","OPKC","2025-09-17T14:04:00Z","2025-09-17T20:08:00Z",300,0,300
"LOWW","OERK","2025-09-17T14:26:00Z","2025-09-17T20:09:00Z",340,0,340
"SEQM","SLLP","2025-09-17T16:32:00Z","2025-09-17T20:09:00Z",320,0,320
"OPKC","LKPR","2025-09-17T12:25:00Z","2025-09-17T20:10:00Z",340,0,340
"OYSN","EDDI","2025-09-17T12:57:00Z","2025-09-17T20:10:00Z",300,0,300
"OYSN","OSDI","2025-09-17T16:29:00Z","2025-09-17T20:11:00Z",340,0,340
"UBBB","UMMS","2025-09-17T16:25:00Z","2025-09-17T20:11:00Z",340,0,340
"EKCH","OOMS","2025-09-17T12:41:00Z","2025-09-17T20:12:00Z",340,0,340
"LDZA","SBBR","2025-09-17T07:38:00Z","2025-09-17T20:12:00Z",340,0,340
"LATI","SPIM","2025-09-17T04:54:00Z","2025-09-17T20:13:00Z",340,0,340
"OYSN","VIDP","2025-09-17T14:35:00Z","2025-09-17T20:13:00Z",340,0,340
"VIDP","LBSF","2025-09-17T12:52:00Z","2025-09-17T20:14:00Z",300,0,300
"LBSF","OSDI","2025-09-17T17:21:00Z","2025-09-17T20:15:00Z",320,0,320
"OMDB","SCEL","2025-09-17T00:49:00Z","2025-09-17T20:15:00Z",300,0,300
"SCEL","LKPR","2025-09-17T03:42:00Z","2025-09-17T20:15:00Z",340,0,340
"LBSF","SEQM","2025-09-17T05:33:00Z","2025-09-17T20:16:00Z",360,0,360
"OYSN","EHAM","2025-09-17T12:27:00Z","2025-09-17T20:16:00Z",320,0,320
"SCEL","SLLP","2025-09-17T16:53:00Z","2025-09-17T20:16:00Z",360,0,360
"VIDP","OOMS","2025-09-17T16:47:00Z","2025-09-17T20:16:00Z",320,0,320
"OPKC","EKCH","2025-09-17T11:12:00Z","2025-09-17T20:17:00Z",320,0,320
"EDDI","EBCI","2025-09-17T18:28:00Z","2025-09-17T20:18:00Z",320,0,320
"SKBO","OSDI","2025-09-17T04:42:00Z","2025-09-17T20:18:00Z",360,0,360
"UMMS","LOWW","2025-09-17T17:03:00Z","2025-09-17T20:19:00Z",320,0,320
"LDZA","EHAM","2025-09-17T17:52:00Z","2025-09-17T20:20:00Z",340,0,340
"OAKB","SPIM","2025-09-16T23:28:00Z","2025-09-17T20:20:00Z",340,0,340
"OMDB","SVMI","2025-09-17T03:35:00Z","2025-09-17T20:21:00Z",320,0,320
"OYSN","SUAA","2025-09-17T04:28:00Z","2025-09-17T20:21:00Z",360,0,360
"EDDI","OERK","2025-09-17T13:07:00Z","2025-09-17T20:22:00Z",320,0,320
"LATI","SKBO","2025-09-17T06:50:00Z","2025-09-17T20:22:00Z",300,0,300
"OMDB","EHAM","2025-09-17T12:49:00Z","2025-09-17T20:22:00Z",360,0,360
"OSDI","OMDB","2025-09-17T16:48:00Z","2025-09-17T20:22:00Z",340,0,340
"SCEL","SABE","2025-09-17T17:58:00Z","2025-09-17T20:22:00Z",360,0,360
"SPIM","LATI","2025-09-17T04:03:00Z","2025-09-17T20:22:00Z",300,0,300
"SPIM","OJAI","2025-09-17T02:18:00Z","2025-09-17T20:22:00Z",360,0,360
"SBBR","SABE","2025-09-17T16:24:00Z","2025-09-17T20:23:00Z",320,0,320
"LOWW","OYSN","2025-09-17T13:46:00Z","2025-09-17T20:24:00Z",300,0,300
"SUAA","OAKB","2025-09-17T00:32:00Z","2025-09-17T20:25:00Z",320,0,320
"EKCH","SLLP","2025-09-17T05:48:00Z","2025-09-17T20:26:00Z",320,0,320
"LKPR","UBBB","2025-09-17T15:40:00Z","2025-09-17T20:26:00Z",320,0,320
"OERK","LOWW","2025-09-17T14:43:00Z","2025-09-17T20:26:00Z",340,0,340
"SVMI","OYSN","2025-09-17T04:34:00Z","2025-09-17T20:26:00Z",320,0,320
"LKPR","OMDB","2025-09-17T13:50:00Z","2025-09-17T20:27:00Z",300,0,300
"OAKB","EKCH","2025-09-17T12:17:00Z","2025-09-17T20:27:00Z",300,0,300
"OOMS","OPKC","2025-09-17T17:18:00Z","2025-09-17T20:27:00Z",340,0,340
"SKBO","SGAS","2025-09-17T14:47:00Z","2025-09-17T20:27:00Z",320,0,320
"VIDP","LDZA","2025-09-17T11:23:00Z","2025-09-17T20:27:00Z",360,0,360
"OERK","OSDI","2025-09-17T17:43:00Z","2025-09-17T20:28:00Z",360,0,360
"OOMS","OAKB","2025-09-17T16:26:00Z","2025-09-17T20:28:00Z",300,0,300
"LKPR","OPKC","2025-09-17T12:44:00Z","2025-09-17T20:29:00Z",360,0,360
"OERK","LBSF","2025-09-17T15:49:00Z","2025-09-17T20:29:00Z",360,0,360
"SGAS","OAKB","2025-09-17T00:56:00Z","2025-09-17T20:29:00Z",320,0,320
"SABE","LBSF","2025-09-17T04:40:00Z","2025-09-17T20:30:00Z",300,0,300
"OAKB","LBSF","2025-09-17T13:24:00Z","2025-09-17T20:31:00Z",360,0,360
"OAKB","OPKC","2025-09-17T17:06:00Z","2025-09-17T20:31:00Z",340,0,340
"EHAM","OSDI","2025-09-17T14:22:00Z","2025-09-17T20:32:00Z",340,0,340
"SABE","LKPR","2025-09-17T04:49:00Z","2025-09-17T20:32:00Z",360,0,360
"OPKC","LATI","2025-09-17T12:30:00Z","2025-09-17T20:33:00Z",360,0,360
"SVMI","OOMS","2025-09-17T02:19:00Z","2025-09-17T20:33:00Z",340,0,340
"SUAA","OERK","2025-09-17T03:49:00Z","2025-09-17T20:34:00Z",320,0,320
"EBCI","OPKC","2025-09-17T11:56:00Z","2025-09-17T20:35:00Z",340,0,340
"OSDI","VIDP","2025-09-17T14:38:00Z","2025-09-17T20:35:00Z",320,0,320
"SGAS","OOMS","2025-09-17T02:38:00Z","2025-09-17T20:35:00Z",300,0,300
"SLLP","LKPR","2025-09-17T05:00:00Z","2025-09-17T20:35:00Z",360,0,360
"OERK","OPKC","2025-09-17T16:56:00Z","2025-09-17T20:36:00Z",300,0,300
"SCEL","OOMS","2025-09-17T00:56:00Z","2025-09-17T20:36:00Z",320,0,320
"SEQM","UMMS","2025-09-17T05:41:00Z","2025-09-17T20:36:00Z",300,0,300
"UBBB","LDZA","2025-09-17T15:04:00Z","2025-09-17T20:36:00Z",340,0,340
"LDZA","SVMI","2025-09-17T08:49:00Z","2025-09-17T20:37:00Z",360,0,360
"UBBB","OAKB","2025-09-17T16:21:00Z","2025-09-17T20:37:00Z",320,0,320
"EHAM","OERK","2025-09-17T13:44:00Z","2025-09-17T20:39:00Z",320,0,320
"OOMS","VIDP","2025-09-17T16:10:00Z","2025-09-17T20:39:00Z",360,0,360
"EBCI","SPIM","2025-09-17T05:36:00Z","2025-09-17T20:40:00Z",340,0,340
"LBSF","SLLP","2025-09-17T04:30:00Z","2025-09-17T20:40:00Z",360,0,360
"OMDB","SKBO","2025-09-17T01:31:00Z","2025-09-17T20:40:00Z",300,0,300
"SABE","SGAS","2025-09-17T17:25:00Z","2025-09-17T20:40:00Z",300,0,300
"OJAI","SABE","2025-09-17T03:27:00Z","2025-09-17T20:41:00Z",300,0,300
"EKCH","OMDB","2025-09-17T12:38:00Z","2025-09-17T20:42:00Z",300,0,300
"EDDI","EKCH","2025-09-17T18:18:00Z","2025-09-17T20:43:00Z",340,0,340
"OERK","EHAM","2025-09-17T13:48:00Z","2025-09-17T20:43:00Z",300,0,300
"EDDI","OJAI","2025-09-17T15:02:00Z","2025-09-17T20:44:00Z",340,0,340
"OPKC","UBBB","2025-09-17T15:44:00Z","2025-09-17T20:44:00Z",300,0,300
"SKBO","LOWW","2025-09-17T06:34:00Z","2025-09-17T20:44:00Z",360,0,360
"EBCI","SBBR","2025-09-17T07:43:00Z","2025-09-17T20:45:00Z",340,0,340
"OSDI","SCEL","2025-09-17T02:06:00Z","2025-09-17T20:48:00Z",320,0,320
"LOWW","OSDI","2025-09-17T16:52:00Z","2025-09-17T20:50:00Z",320,0,320
"OAKB","SKBO","2025-09-17T01:52:00Z","2025-09-17T20:50:00Z",360,0,360
"SABE","SCEL","2025-09-17T17:26:00Z","2025-09-17T20:50:00Z",360,0,360
"OERK","UBBB","2025-09-17T16:34:00Z","2025-09-17T20:51:00Z",320,0,320
"LKPR","SABE","2025-09-17T04:09:00Z","2025-09-17T20:52:00Z",300,0,300
"OJAI","SBBR","2025-09-17T06:08:00Z","2025-09-17T20:52:00Z",340,0,340
"EBCI","EKCH","2025-09-17T18:55:00Z","2025-09-17T20:53:00Z",340,0,340
"SKBO","EDDI","2025-09-17T07:00:00Z","2025-09-17T20:53:00Z",360,0,360
"SPIM","OOMS","2025-09-16T23:54:00Z","2025-09-17T20:54:00Z",320,0,320
"SVMI","OSDI","2025-09-17T05:42:00Z","2025-09-17T20:54:00Z",340,0,340
"LOWW","EHAM","2025-09-17T17:43:00Z","2025-09-17T20:55:00Z",360,0,360
"OJAI","UBBB","2025-09-17T16:48:00Z","2025-09-17T20:55:00Z",360,0,360
"SBBR","SUAA","2025-09-17T16:02:00Z","2025-09-17T20:55:00Z",320,0,320
"LATI","SEQM","2025-09-17T05:37:00Z","2025-09-17T20:56:00Z",360,0,360
"LKPR","EBCI","2025-09-17T18:03:00Z","2025-09-17T20:56:00Z",360,0,360
"LOWW","LDZA","2025-09-17T18:31:00Z","2025-09-17T20:56:00Z",340,0,340
"SABE","SPIM","2025-09-17T15:02:00Z","2025-09-17T20:56:00Z",300,0,300
"OPKC","LBSF","2025-09-17T13:18:00Z","2025-09-17T20:57:00Z",340,0,340
"LATI","LOWW","2025-09-17T17:57:00Z","2025-09-17T20:58:00Z",360,0,360
"LBSF","EHAM","2025-09-17T16:42:00Z","2025-09-17T20:58:00Z",300,0,300
"LBSF","UMMS","2025-09-17T17:22:00Z","2025-09-17T20:58:00Z",340,0,340
"OMDB","LBSF","2025-09-17T14:36:00Z","2025-09-17T20:59:00Z",340,0,340
"LBSF","LDZA","2025-09-17T19:11:00Z","2025-09-17T21:00:00Z",360,0,360
"OAKB","LKPR","2025-09-17T14:01:00Z","2025-09-17T21:00:00Z",360,0,360
"OMDB","UBBB","2025-09-17T17:50:00Z","2025-09-17T21:00:00Z",340,0,340
"OSDI","EHAM","2025-09-17T15:50:00Z","2025-09-17T21:00:00Z",300,0,300
"SKBO","SABE","2025-09-17T14:17:00Z","2025-09-17T21:00:00Z",300,0,300
"LDZA","SEQM","2025-09-17T07:02:00Z","2025-09-17T21:01:00Z",320,0,320
"EHAM","SGAS","2025-09-17T06:57:00Z","2025-09-17T21:02:00Z",320,0,320
"LATI","EBCI","2025-09-17T18:07:00Z","2025-09-17T21:02:00Z",300,0,300
"SABE","OJAI","2025-09-17T04:48:00Z","2025-09-17T21:02:00Z",320,0,320
"SBBR","OYSN","2025-09-17T06:48:00Z","2025-09-17T21:03:00Z",300,0,300
"UMMS","SBBR","2025-09-17T06:01:00Z","2025-09-17T21:03:00Z",360,0,360
"SPIM","LDZA","2025-09-17T05:00:00Z","2025-09-17T21:04:00Z",360,0,360
"LBSF","SBBR","2025-09-17T07:05:00Z","2025-09-17T21:05:00Z",320,0,320
"EKCH","OYSN","2025-09-17T13:32:00Z","2025-09-17T21:06:00Z",340,0,340
"LDZA","OJAI","2025-09-17T17:15:00Z","2025-09-17T21:06:00Z",340,0,340
"LATI","OMDB","2025-09-17T15:23:00Z","2025-09-17T21:07:00Z",340,0,340
"LOWW","VIDP","2025-09-17T12:03:00Z","2025-09-17T21:07:00Z",340,0,340
"LOWW","UMMS","2025-09-17T18:52:00Z","2025-09-17T21:08:00Z",360,0,360
"OJAI","OMDB","2025-09-17T17:32:00Z","2025-09-17T21:08:00Z",340,0,340
"EBCI","OSDI","2025-09-17T15:06:00Z","2025-09-17T21:09:00Z",320,0,320
"OJAI","OSDI","2025-09-17T19:51:00Z","2025-09-17T21:09:00Z",300,0,300
"SKBO","SEQM","2025-09-17T19:22:00Z","2025-09-17T21:09:00Z",320,0,320
"LDZA","EKCH","2025-09-17T18:44:00Z","2025-09-17T21:10:00Z",320,0,320
"VIDP","SEQM","2025-09-16T23:09:00Z","2025-09-17T21:10:00Z",300,0,300
"EBCI","EDDI","2025-09-17T19:21:00Z","2025-09-17T21:11:00Z",360,0,360
"LKPR","OSDI","2025-09-17T16:54:00Z","2025-09-17T21:11:00Z",300,0,300
"OERK","SABE","2025-09-17T04:12:00Z","2025-09-17T21:11:00Z",300,0,300
"SGAS","EHAM","2025-09-17T06:06:00Z","2025-09-17T21:11:00Z",320,0,320
"EDDI","SCEL","2025-09-17T04:37:00Z","2025-09-17T21:12:00Z",360,0,360
"VIDP","EDDI","2025-09-17T12:51:00Z","2025-09-17T21:12:00Z",320,0,320
"EHAM","SKBO","2025-09-17T08:06:00Z","2025-09-17T21:13:00Z",320,0,320
"OAKB","OJAI","2025-09-17T15:13:00Z","2025-09-17T21:13:00Z",360,0,360
"UMMS","EDDI","2025-09-17T18:57:00Z","2025-09-17T21:13:00Z",320,0,320
"UMMS","EKCH","2025-09-17T18:53:00Z","2025-09-17T21:13:00Z",300,0,300
"SBBR","SGAS","2025-09-17T18:19:00Z","2025-09-17T21:14:00Z",320,0,320
"EKCH","SABE","2025-09-17T05:16:00Z","2025-09-17T21:15:00Z",300,0,300
"LATI","EKCH","2025-09-17T17:12:00Z","2025-09-17T21:15:00Z",300,0,300
"SUAA","EBCI","2025-09-17T06:22:00Z","2025-09-17T21:15:00Z",320,0,320
"OYSN","LBSF","2025-09-17T15:45:00Z","2025-09-17T21:17:00Z",340,0,340
"SGAS","SLLP","2025-09-17T18:23:00Z","2025-09-17T21:17:00Z",320,0,320
"UBBB","LATI","2025-09-17T16:00:00Z","2025-09-17T21:17:00Z",360,0,360
"EDDI","VIDP","2025-09-17T12:57:00Z","2025-09-17T21:18:00Z",300,0,300
"SVMI","OERK","2025-09-17T05:33:00Z","2025-09-17T21:18:00Z",360,0,360
"SKBO","SVMI","2025-09-17T18:56:00Z","2025-09-17T21:19:00Z",360,0,360
"SKBO","VIDP","2025-09-17T00:05:00Z","2025-09-17T21:19:00Z",340,0,340
"SPIM","UMMS","2025-09-17T04:08:00Z","2025-09-17T21:19:00Z",320,0,320
"UBBB","LBSF","2025-09-17T17:28:00Z","2025-09-17T21:19:00Z",320,0,320
"VIDP","LATI","2025-09-17T13:31:00Z","2025-09-17T21:19:00Z",320,0,320
"LDZA","OYSN","2025-09-17T14:01:00Z","2025-09-17T21:21:00Z",360,0,360
"SEQM","LKPR","2025-09-17T07:35:00Z","2025-09-17T21:21:00Z",360,0,360
"UBBB","SKBO","2025-09-17T04:37:00Z","2025-09-17T21:21:00Z",360,0,360
"VIDP","EHAM","2025-09-17T11:14:00Z","2025-09-17T21:21:00Z",320,0,320
"OAKB","OSDI","2025-09-17T16:32:00Z","2025-09-17T21:22:00Z",360,0,360
"OJAI","LDZA","2025-09-17T17:31:00Z","2025-09-17T21:22:00Z",320,0,320
"LDZA","OPKC","2025-09-17T13:57:00Z","2025-09-17T21:23:00Z",360,0,360
"OSDI","SKBO","2025-09-17T05:47:00Z","2025-09-17T21:23:00Z",340,0,340
"SABE","OPKC","2025-09-17T01:00:00Z","2025-09-17T21:23:00Z",300,0,300
"SBBR","LKPR","2025-09-17T08:37:00Z","2025-09-17T21:23:00Z",300,0,300
"SCEL","SVMI","2025-09-17T13:21:00Z","2025-09-17T21:23:00Z",300,0,300
"SVMI","OJAI","2025-09-17T06:13:00Z","2025-09-17T21:23:00Z",300,0,300
"EHAM","OJAI","2025-09-17T15:05:00Z","2025-09-17T21:24:00Z",360,0,360
"SGAS","LKPR","2025-09-17T06:45:00Z","2025-09-17T21:25:00Z",300,0,300
"SVMI","SEQM","2025-09-17T17:15:00Z","2025-09-17T21:25:00Z",320,0,320
"UBBB","OMDB","2025-09-17T17:15:00Z","2025-09-17T21:25:00Z",320,0,320
"OPKC","OOMS","2025-09-17T18:18:00Z","2025-09-17T21:27:00Z",300,0,300
"SCEL","SPIM","2025-09-17T16:23:00Z","2025-09-17T21:27:00Z",300,0,300
"LBSF","OAKB","2025-09-17T14:21:00Z","2025-09-17T21:28:00Z",320,0,320
"SLLP","UMMS","2025-09-17T05:36:00Z","2025-09-17T21:28:00Z",320,0,320
"LBSF","EKCH","2025-09-17T17:25:00Z","2025-09-17T21:29:00Z",320,0,320
"OOMS","LBSF","2025-09-17T15:38:00Z","2025-09-17T21:29:00Z",340,0,340
"SUAA","SBBR","2025-09-17T17:36:00Z","2025-09-17T21:29:00Z",340,0,340
"LOWW","OMDB","2025-09-17T14:09:00Z","2025-09-17T21:30:00Z",360,0,360
"LDZA","SPIM","2025-09-17T05:27:00Z","2025-09-17T21:31:00Z",320,0,320
"UBBB","SUAA","2025-09-17T02:25:00Z","2025-09-17T21:31:00Z",300,0,300
"EBCI","LBSF","2025-09-17T17:24:00Z","2025-09-17T21:33:00Z",340,0,340
"EKCH","UMMS","2025-09-17T18:13:00Z","2025-09-17T21:33:00Z",320,0,320
"LATI","OOMS","2025-09-17T14:21:00Z","2025-09-17T21:33:00Z",320,0,320
"LKPR","SUAA","2025-09-17T05:59:00Z","2025-09-17T21:34:00Z",360,0,360
"SVMI","EDDI","2025-09-17T09:02:00Z","2025-09-17T21:34:00Z",340,0,340
"EKCH","SUAA","2025-09-17T05:44:00Z","2025-09-17T21:35:00Z",360,0,360
"SABE","SEQM","2025-09-17T14:10:00Z","2025-09-17T21:35:00Z",320,0,320
"SLLP","VIDP","2025-09-16T23:14:00Z","2025-09-17T21:35:00Z",360,0,360
"LATI","LBSF","2025-09-17T19:10:00Z","2025-09-17T21:36:00Z",360,0,360
"LKPR","SVMI","2025-09-17T09:59:00Z","2025-09-17T21:36:00Z",360,0,360
"UBBB","SPIM","2025-09-17T02:01:00Z","2025-09-17T21:36:00Z",340,0,340
"LBSF","SGAS","2025-09-17T06:42:00Z","2025-09-17T21:37:00Z",360,0,360
"OYSN","OPKC","2025-09-17T16:21:00Z","2025-09-17T21:37:00Z",360,0,360
"SBBR","SLLP","2025-09-17T17:47:00Z","2025-09-17T21:37:00Z",340,0,340
"EBCI","OJAI","2025-09-17T15:29:00Z","2025-09-17T21:40:00Z",360,0,360
"LBSF","SABE","2025-09-17T05:50:00Z","2025-09-17T21:40:00Z",360,0,360
"SKBO","OYSN","2025-09-17T03:29:00Z","2025-09-17T21:40:00Z",340,0,340
"EHAM","EBCI","2025-09-17T19:25:00Z","2025-09-17T21:41:00Z",320,0,320
"OOMS","SVMI","2025-09-17T03:27:00Z","2025-09-17T21:41:00Z",360,0,360
"SKBO","OOMS","2025-09-17T02:04:00Z","2025-09-17T21:41:00Z",300,0,300
"UMMS","OAKB","2025-09-17T15:51:00Z","2025-09-17T21:41:00Z",360,0,360
"LKPR","OERK","2025-09-17T14:41:00Z","2025-09-17T21:42:00Z",320,0,320
"OERK","LKPR","2025-09-17T14:41:00Z","2025-09-17T21:42:00Z",300,0,300
"SUAA","EDDI","2025-09-17T05:02:00Z","2025-09-17T21:42:00Z",300,0,300
"SCEL","OAKB","2025-09-16T23:19:00Z","2025-09-17T21:44:00Z",300,0,300
"OOMS","LATI","2025-09-17T14:33:00Z","2025-09-17T21:45:00Z",320,0,320
"SCEL","EBCI","2025-09-17T05:59:00Z","2025-09-17T21:45:00Z",340,0,340
"SLLP","OJAI","2025-09-17T04:30:00Z","2025-09-17T21:45:00Z",320,0,320
"SUAA","SPIM","2025-09-17T15:41:00Z","2025-09-17T21:45:00Z",340,0,340
"VIDP","LOWW","2025-09-17T12:42:00Z","2025-09-17T21:46:00Z",360,0,360
"OOMS","SABE","2025-09-17T02:31:00Z","2025-09-17T21:48:00Z",340,0,340
"OPKC","OSDI","2025-09-17T16:49:00Z","2025-09-17T21:48:00Z",300,0,300
"SABE","OSDI","2025-09-17T04:19:00Z","2025-09-17T21:48:00Z",300,0,300
"SVMI","SLLP","2025-09-17T16:11:00Z","2025-09-17T21:49:00Z",340,0,340
"LBSF","UBBB","2025-09-17T17:59:00Z","2025-09-17T21:50:00Z",300,0,300
"OJAI","SUAA","2025-09-17T04:51:00Z","2025-09-17T21:53:00Z",320,0,320
"SCEL","LOWW","2025-09-17T04:18:00Z","2025-09-17T21:53:00Z",340,0,340
"UBBB","SBBR","2025-09-17T05:13:00Z","2025-09-17T21:53:00Z",340,0,340
"EHAM","OAKB","2025-09-17T13:03:00Z","2025-09-17T21:54:00Z",340,0,340
"OERK","SEQM","2025-09-17T03:01:00Z","2025-09-17T21:54:00Z",340,0,340
"OAKB","UMMS","2025-09-17T15:06:00Z","2025-09-17T21:56:00Z",320,0,320
"OMDB","LDZA","2025-09-17T14:44:00Z","2025-09-17T21:56:00Z",300,0,300
"SUAA","LBSF","2025-09-17T05:16:00Z","2025-09-17T21:56:00Z",340,0,340
"SVMI","SKBO","2025-09-17T18:35:00Z","2025-09-17T21:58:00Z",340,0,340
"VIDP","SBBR","2025-09-17T02:14:00Z","2025-09-17T21:58:00Z",300,0,300
"SBBR","SEQM","2025-09-17T15:13:00Z","2025-09-17T21:59:00Z",360,0,360
"SLLP","OMDB","2025-09-17T02:20:00Z","2025-09-17T21:59:00Z",340,0,340
"EBCI","SGAS","2025-09-17T08:05:00Z","2025-09-17T22:00:00Z",340,0,340
"OOMS","EBCI","2025-09-17T14:03:00Z","2025-09-17T22:00:00Z",300,0,300
"SEQM","OERK","2025-09-17T04:07:00Z","2025-09-17T22:00:00Z",300,0,300
"UMMS","SKBO","2025-09-17T07:52:00Z","2025-09-17T22:00:00Z",360,0,360
"OYSN","UBBB","2025-09-17T17:27:00Z","2025-09-17T22:01:00Z",320,0,320
"VIDP","SABE","2025-09-17T01:16:00Z","2025-09-17T22:01:00Z",340,0,340
"LOWW","SVMI","2025-09-17T10:14:00Z","2025-09-17T22:02:00Z",340,0,340
"OPKC","OERK","2025-09-17T18:22:00Z","2025-09-17T22:02:00Z",360,0,360
"OYSN","LOWW","2025-09-17T15:24:00Z","2025-09-17T22:02:00Z",320,0,320
"SEQM","OPKC","2025-09-17T01:40:00Z","2025-09-17T22:02:00Z",360,0,360
"VIDP","OMDB","2025-09-17T18:16:00Z","2025-09-17T22:02:00Z",300,0,300
"EDDI","LKPR","2025-09-17T20:46:00Z","2025-09-17T22:03:00Z",300,0,300
"UBBB","SABE","2025-09-17T03:47:00Z","2025-09-17T22:05:00Z",300,0,300
"LATI","UMMS","2025-09-17T19:15:00Z","2025-09-17T22:07:00Z",340,0,340
"LKPR","SEQM","2025-09-17T08:21:00Z","2025-09-17T22:07:00Z",300,0,300
"SABE","EBCI","2025-09-17T06:06:00Z","2025-09-17T22:07:00Z",360,0,360
"UBBB","EKCH","2025-09-17T16:02:00Z","2025-09-17T22:07:00Z",320,0,320
"EHAM","SCEL","2025-09-17T06:13:00Z","2025-09-17T22:08:00Z",340,0,340
"EHAM","SUAA","2025-09-17T06:03:00Z","2025-09-17T22:08:00Z",300,0,300
"OAKB","EHAM","2025-09-17T14:17:00Z","2025-09-17T22:08:00Z",360,0,360
"UBBB","SCEL","2025-09-17T02:39:00Z","2025-09-17T22:08:00Z",320,0,320
"LATI","SBBR","2025-09-17T09:35:00Z","2025-09-17T22:09:00Z",320,0,320
"EDDI","SGAS","2025-09-17T07:26:00Z","2025-09-17T22:10:00Z",340,0,340
"EHAM","LKPR","2025-09-17T20:16:00Z","2025-09-17T22:11:00Z",360,0,360
"SVMI","UBBB","2025-09-17T06:50:00Z","2025-09-17T22:11:00Z",360,0,360
"SPIM","UMMS","2025-09-17T05:01:00Z","2025-09-17T22:12:00Z",320,0,320
"UMMS","OERK","2025-09-17T16:44:00Z","2025-09-17T22:12:00Z",320,0,320
"OYSN","SABE","2025-09-17T05:06:00Z","2025-09-17T22:13:00Z",340,0,340
"LDZA","SCEL","2025-09-17T05:50:00Z","2025-09-17T22:14:00Z",360,0,360
"SABE","UMMS","2025-09-17T05:15:00Z","2025-09-17T22:14:00Z",340,0,340
"SEQM","SGAS","2025-09-17T16:44:00Z","2025-09-17T22:14:00Z",320,0,320
"LATI","LKPR","2025-09-17T19:54:00Z","2025-09-17T22:15:00Z",340,0,340
"LKPR","OOMS","2025-09-17T14:10:00Z","2025-09-17T22:15:00Z",300,0,300
"OMDB","SBBR","2025-09-17T06:18:00Z","2025-09-17T22:15:00Z",320,0,320
"OPKC","OOMS","2025-09-17T19:06:00Z","2025-09-17T22:15:00Z",360,0,360
"SEQM","UBBB","2025-09-17T04:44:00Z","2025-09-17T22:15:00Z",320,0,320
"SPIM","OSDI","2025-09-17T04:04:00Z","2025-09-17T22:15:00Z",320,0,320
"SUAA","LOWW","2025-09-17T06:41:00Z","2025-09-17T22:15:00Z",360,0,360
"LKPR","EDDI","2025-09-17T20:59:00Z","2025-09-17T22:16:00Z",360,0,360
"OERK","SVMI","2025-09-17T06:31:00Z","2025-09-17T22:16:00Z",340,0,340
"SEQM","SPIM","2025-09-17T19:35:00Z","2025-09-17T22:16:00Z",300,0,300
"SUAA","SGAS","2025-09-17T19:01:00Z","2025-09-17T22:16:00Z",340,0,340
"EKCH","LKPR","2025-09-17T20:34:00Z","2025-09-17T22:17:00Z",360,0,360
"LATI","VIDP","2025-09-17T14:29:00Z","2025-09-17T22:17:00Z",360,0,360
"LDZA","UBBB","2025-09-17T17:45:00Z","2025-09-17T22:17:00Z",300,0,300
"OERK","SUAA","2025-09-17T05:32:00Z","2025-09-17T22:17:00Z",360,0,360
"OMDB","OAKB","2025-09-17T18:11:00Z","2025-09-17T22:17:00Z",300,0,300
"SVMI","LKPR","2025-09-17T10:40:00Z","2025-09-17T22:17:00Z",320,0,320
"OPKC","SUAA","2025-09-17T02:09:00Z","2025-09-17T22:18:00Z",320,0,320
"SABE","SKBO","2025-09-17T15:35:00Z","2025-09-17T22:18:00Z",360,0,360
"LDZA","LATI","2025-09-17T20:41:00Z","2025-09-17T22:19:00Z",360,0,360
"OERK","SKBO","2025-09-17T04:12:00Z","2025-09-17T22:19:00Z",320,0,320
"OOMS","UBBB","2025-09-17T18:46:00Z","2025-09-17T22:19:00Z",320,0,320
"SEQM","EKCH","2025-09-17T08:44:00Z","2025-09-17T22:19:00Z",360,0,360
"SGAS","SABE","2025-09-17T19:04:00Z","2025-09-17T22:19:00Z",320,0,320
"SLLP","OPKC","2025-09-17T01:08:00Z","2025-09-17T22:19:00Z",320,0,320
"OJAI","LOWW","2025-09-17T17:13:00Z","2025-09-17T22:20:00Z",340,0,340
"SUAA","OYSN","2025-09-17T06:29:00Z","2025-09-17T22:22:00Z",340,0,340
"OJAI","OPKC","2025-09-17T16:20:00Z","2025-09-17T22:24:00Z",300,0,300
"OYSN","SGAS","2025-09-17T06:34:00Z","2025-09-17T22:24:00Z",300,0,300
"SABE","OERK","2025-09-17T05:25:00Z","2025-09-17T22:24:00Z",340,0,340
"SABE","SEQM","2025-09-17T15:59:00Z","2025-09-17T22:24:00Z",360,0,360
"UBBB","EDDI","2025-09-17T17:30:00Z","2025-09-17T22:24:00Z",300,0,300
"SBBR","UMMS","2025-09-17T07:23:00Z","2025-09-17T22:25:00Z",340,0,340
"SUAA","SABE","2025-09-17T20:12:00Z","2025-09-17T22:25:00Z",360,0,360
"OPKC","SLLP","2025-09-17T01:15:00Z","2025-09-17T22:26:00Z",360,0,360
"SBBR","OJAI","2025-09-17T08:42:00Z","2025-09-17T22:26:00Z",340,0,340
"LDZA","VIDP","2025-09-17T13:23:00Z","2025-09-17T22:27:00Z",340,0,340
"OPKC","LDZA","2025-09-17T14:01:00Z","2025-09-17T22:27:00Z",340,0,340
"OAKB","OOMS","2025-09-17T18:26:00Z","2025-09-17T22:28:00Z",340,0,340
"VIDP","OERK","2025-09-17T17:34:00Z","2025-09-17T22:29:00Z",360,0,360
"UMMS","SEQM","2025-09-17T07:35:00Z","2025-09-17T22:30:00Z",360,0,360
"VIDP","UMMS","2025-09-17T14:26:00Z","2025-09-17T22:32:00Z",360,0,360
"OYSN","SVMI","2025-09-17T06:42:00Z","2025-09-17T22:34:00Z",320,0,320
"SVMI","OPKC","2025-09-17T03:23:00Z","2025-09-17T22:34:00Z",320,0,320
"VIDP","EBCI","2025-09-17T12:25:00Z","2025-09-17T22:34:00Z",300,0,300
"OOMS","SLLP","2025-09-17T02:34:00Z","2025-09-17T22:35:00Z",360,0,360
"SLLP","OAKB","2025-09-17T01:21:00Z","2025-09-17T22:35:00Z",360,0,360
"EBCI","LDZA","2025-09-17T19:17:00Z","2025-09-17T22:36:00Z",360,0,360
"LATI","LDZA","2025-09-17T20:00:00Z","2025-09-17T22:38:00Z",320,0,320
"SABE","OAKB","2025-09-17T01:32:00Z","2025-09-17T22:38:00Z",360,0,360
"SEQM","LOWW","2025-09-17T08:41:00Z","2025-09-17T22:38:00Z",300,0,300
"OSDI","LDZA","2025-09-17T18:55:00Z","2025-09-17T22:39:00Z",300,0,300
"SKBO","OMDB","2025-09-17T03:31:00Z","2025-09-17T22:40:00Z",320,0,320
"UBBB","OYSN","2025-09-17T17:06:00Z","2025-09-17T22:40:00Z",320,0,320
"LDZA","LKPR","2025-09-17T20:58:00Z","2025-09-17T22:41:00Z",340,0,340
"SPIM","SVMI","2025-09-17T17:15:00Z","2025-09-17T22:41:00Z",320,0,320
"SABE","SLLP","2025-09-17T18:54:00Z","2025-09-17T22:42:00Z",300,0,300
"SCEL","SGAS","2025-09-17T19:46:00Z","2025-09-17T22:42:00Z",320,0,320
"LOWW","SUAA","2025-09-17T06:09:00Z","2025-09-17T22:43:00Z",320,0,320
"OSDI","OPKC","2025-09-17T17:44:00Z","2025-09-17T22:43:00Z",320,0,320
"SBBR","SPIM","2025-09-17T16:38:00Z","2025-09-17T22:43:00Z",320,0,320
"UBBB","LKPR","2025-09-17T17:57:00Z","2025-09-17T22:43:00Z",320,0,320
"VIDP","LOWW","2025-09-17T13:39:00Z","2025-09-17T22:43:00Z",320,0,320
"SEQM","LDZA","2025-09-17T08:45:00Z","2025-09-17T22:44:00Z",300,0,300
"SKBO","OAKB","2025-09-17T03:46:00Z","2025-09-17T22:44:00Z",320,0,320
"SVMI","SGAS","2025-09-17T15:43:00Z","2025-09-17T22:45:00Z",300,0,300
"OOMS","OSDI","2025-09-17T17:46:00Z","2025-09-17T22:48:00Z",320,0,320
"SABE","SVMI","2025-09-17T14:34:00Z","2025-09-17T22:48:00Z",340,0,340
"EHAM","SPIM","2025-09-17T07:40:00Z","2025-09-17T22:49:00Z",320,0,320
"SKBO","UMMS","2025-09-17T07:41:00Z","2025-09-17T22:49:00Z",320,0,320
"SEQM","EDDI","2025-09-17T08:10:00Z","2025-09-17T22:50:00Z",360,0,360
"SEQM","SLLP","2025-09-17T18:15:00Z","2025-09-17T22:52:00Z",320,0,320
"EKCH","EHAM","2025-09-17T20:06:00Z","2025-09-17T22:53:00Z",300,0,300
"OMDB","LATI","2025-09-17T16:09:00Z","2025-09-17T22:53:00Z",340,0,340
"SBBR","OSDI","2025-09-17T08:58:00Z","2025-09-17T22:53:00Z",360,0,360
"UMMS","OSDI","2025-09-17T18:59:00Z","2025-09-17T22:53:00Z",300,0,300
"SKBO","UBBB","2025-09-17T05:10:00Z","2025-09-17T22:54:00Z",300,0,300
"OAKB","LATI","2025-09-17T15:22:00Z","2025-09-17T22:55:00Z",340,0,340
"OPKC","EBCI","2025-09-17T13:16:00Z","2025-09-17T22:55:00Z",320,0,320
"VIDP","EDDI","2025-09-17T13:34:00Z","2025-09-17T22:55:00Z",340,0,340
"EHAM","LDZA","2025-09-17T19:28:00Z","2025-09-17T22:56:00Z",320,0,320
"OMDB","LOWW","2025-09-17T15:35:00Z","2025-09-17T22:56:00Z",360,0,360
"SBBR","LOWW","2025-09-17T09:10:00Z","2025-09-17T22:56:00Z",360,0,360
"SABE","SUAA","2025-09-17T20:46:00Z","2025-09-17T22:59:00Z",360,0,360
"SGAS","SVMI","2025-09-17T16:58:00Z","2025-09-17T23:00:00Z",300,0,300
"SBBR","SVMI","2025-09-17T17:39:00Z","2025-09-17T23:01:00Z",360,0,360
"OPKC","EKCH","2025-09-17T14:58:00Z","2025-09-17T23:03:00Z",320,0,320
"OOMS","LKPR","2025-09-17T15:59:00Z","2025-09-17T23:04:00Z",320,0,320
"SGAS","OMDB","2025-09-17T05:25:00Z","2025-09-17T23:04:00Z",300,0,300
"EDDI","EHAM","2025-09-17T21:19:00Z","2025-09-17T23:05:00Z",360,0,360
"OERK","SCEL","2025-09-17T04:47:00Z","2025-09-17T23:06:00Z",340,0,340
"SGAS","LDZA","2025-09-17T08:37:00Z","2025-09-17T23:06:00Z",340,0,340
"SEQM","LATI","2025-09-17T08:48:00Z","2025-09-17T23:07:00Z",320,0,320
"SPIM","LOWW","2025-09-17T07:01:00Z","2025-09-17T23:07:00Z",300,0,300
"OMDB","UMMS","2025-09-17T17:19:00Z","2025-09-17T23:09:00Z",360,0,360
"OAKB","SUAA","2025-09-17T03:17:00Z","2025-09-17T23:10:00Z",360,0,360
"SLLP","EKCH","2025-09-17T08:32:00Z","2025-09-17T23:10:00Z",340,0,340
"SUAA","LATI","2025-09-17T07:56:00Z","2025-09-17T23:10:00Z",340,0,340
"LBSF","SUAA","2025-09-17T07:31:00Z","2025-09-17T23:11:00Z",340,0,340
"LOWW","LATI","2025-09-17T20:10:00Z","2025-09-17T23:11:00Z",300,0,300
"LOWW","OERK","2025-09-17T17:28:00Z","2025-09-17T23:11:00Z",340,0,340
"OAKB","EDDI","2025-09-17T15:07:00Z","2025-09-17T23:11:00Z",360,0,360
"OERK","OMDB","2025-09-17T20:02:00Z","2025-09-17T23:11:00Z",300,0,300
"SABE","OPKC","2025-09-17T03:48:00Z","2025-09-17T23:11:00Z",300,0,300
"OAKB","SVMI","2025-09-17T05:38:00Z","2025-09-17T23:14:00Z",340,0,340
"OJAI","EBCI","2025-09-17T17:03:00Z","2025-09-17T23:14:00Z",340,0,340
"SBBR","LKPR","2025-09-17T10:28:00Z","2025-09-17T23:14:00Z",360,0,360
"EBCI","SABE","2025-09-17T07:14:00Z","2025-09-17T23:15:00Z",360,0,360
"SBBR","OMDB","2025-09-17T07:18:00Z","2025-09-17T23:15:00Z",360,0,360
"LBSF","OPKC","2025-09-17T16:37:00Z","2025-09-17T23:16:00Z",300,0,300
"OJAI","EKCH","2025-09-17T17:14:00Z","2025-09-17T23:17:00Z",300,0,300
"OMDB","OPKC","2025-09-17T20:45:00Z","2025-09-17T23:17:00Z",360,0,360
"SGAS","OSDI","2025-09-17T07:31:00Z","2025-09-17T23:17:00Z",340,0,340
"OPKC","EDDI","2025-09-17T15:25:00Z","2025-09-17T23:19:00Z",360,0,360
"SBBR","OJAI","2025-09-17T09:35:00Z","2025-09-17T23:19:00Z",320,0,320
"EDDI","LBSF","2025-09-17T20:39:00Z","2025-09-17T23:20:00Z",360,0,360
"SLLP","SABE","2025-09-17T19:32:00Z","2025-09-17T23:20:00Z",320,0,320
"LDZA","OSDI","2025-09-17T19:38:00Z","2025-09-17T23:22:00Z",320,0,320
"SCEL","OJAI","2025-09-17T05:54:00Z","2025-09-17T23:22:00Z",340,0,340
"SGAS","OYSN","2025-09-17T07:32:00Z","2025-09-17T23:22:00Z",360,0,360
"OMDB","EDDI","2025-09-17T16:36:00Z","2025-09-17T23:25:00Z",360,0,360
"OPKC","OAKB","2025-09-17T20:00:00Z","2025-09-17T23:25:00Z",320,0,320
"SVMI","OOMS","2025-09-17T05:12:00Z","2025-09-17T23:26:00Z",340,0,340
"LKPR","VIDP","2025-09-17T14:12:00Z","2025-09-17T23:27:00Z",320,0,320
"SCEL","EDDI","2025-09-17T06:52:00Z","2025-09-17T23:27:00Z",300,0,300
"SEQM","SBBR","2025-09-17T17:41:00Z","2025-09-17T23:27:00Z",320,0,320
"LBSF","EDDI","2025-09-17T20:47:00Z","2025-09-17T23:28:00Z",320,0,320
"SPIM","VIDP","2025-09-17T00:22:00Z","2025-09-17T23:28:00Z",300,0,300
"UMMS","SCEL","2025-09-17T05:38:00Z","2025-09-17T23:28:00Z",340,0,340
"LKPR","SVMI","2025-09-17T11:52:00Z","2025-09-17T23:29:00Z",300,0,300
"OSDI","UMMS","2025-09-17T19:35:00Z","2025-09-17T23:29:00Z",340,0,340
"LOWW","SEQM","2025-09-17T09:33:00Z","2025-09-17T23:30:00Z",300,0,300
"OAKB","LBSF","2025-09-17T16:23:00Z","2025-09-17T23:30:00Z",300,0,300
"OJAI","SGAS","2025-09-17T07:56:00Z","2025-09-17T23:30:00Z",320,0,320
"OSDI","LATI","2025-09-17T19:19:00Z","2025-09-17T23:30:00Z",360,0,360
"SUAA","LDZA","2025-09-17T07:11:00Z","2025-09-17T23:30:00Z",300,0,300
"SKBO","LATI","2025-09-17T09:59:00Z","2025-09-17T23:31:00Z",300,0,300
"SKBO","LKPR","2025-09-17T10:32:00Z","2025-09-17T23:31:00Z",360,0,360
"SUAA","UMMS","2025-09-17T06:41:00Z","2025-09-17T23:31:00Z",300,0,300
"OPKC","SKBO","2025-09-17T03:57:00Z","2025-09-17T23:32:00Z",320,0,320
"SUAA","EHAM","2025-09-17T07:27:00Z","2025-09-17T23:32:00Z",320,0,320
"EHAM","UMMS","2025-09-17T19:31:00Z","2025-09-17T23:33:00Z",300,0,300
"EKCH","OOMS","2025-09-17T15:02:00Z","2025-09-17T23:33:00Z",300,0,300
"LATI","EDDI","2025-09-17T20:55:00Z","2025-09-17T23:33:00Z",360,0,360
"OJAI","SUAA","2025-09-17T06:31:00Z","2025-09-17T23:33:00Z",340,0,340
"OYSN","SLLP","2025-09-17T05:30:00Z","2025-09-17T23:33:00Z",340,0,340
"OMDB","SUAA","2025-09-17T05:44:00Z","2025-09-17T23:34:00Z",340,0,340
"VIDP","SVMI","2025-09-17T04:42:00Z","2025-09-17T23:34:00Z",300,0,300
"LDZA","EBCI","2025-09-17T20:17:00Z","2025-09-17T23:36:00Z",340,0,340
"VIDP","OAKB","2025-09-17T20:20:00Z","2025-09-17T23:36:00Z",360,0,360
"OOMS","SCEL","2025-09-17T03:57:00Z","2025-09-17T23:37:00Z",360,0,360
"OPKC","OYSN","2025-09-17T18:21:00Z","2025-09-17T23:37:00Z",300,0,300
"SLLP","EBCI","2025-09-17T09:52:00Z","2025-09-17T23:37:00Z",360,0,360
"OYSN","OAKB","2025-09-17T17:31:00Z","2025-09-17T23:38:00Z",300,0,300
"VIDP","UBBB","2025-09-17T18:07:00Z","2025-09-17T23:38:00Z",300,0,300
"LBSF","LOWW","2025-09-17T20:34:00Z","2025-09-17T23:39:00Z",340,0,340
"LDZA","EDDI","2025-09-17T20:38:00Z","2025-09-17T23:39:00Z",320,0,320
"SABE","LOWW","2025-09-17T07:56:00Z","2025-09-17T23:39:00Z",360,0,360
"OOMS","OMDB","2025-09-17T21:13:00Z","2025-09-17T23:41:00Z",300,0,300
"SUAA","OSDI","2025-09-17T06:25:00Z","2025-09-17T23:41:00Z",320,0,320
"LDZA","LBSF","2025-09-17T21:53:00Z","2025-09-17T23:42:00Z",340,0,340
"EDDI","SPIM","2025-09-17T08:49:00Z","2025-09-17T23:43:00Z",360,0,360
"SABE","OOMS","2025-09-17T04:27:00Z","2025-09-17T23:44:00Z",320,0,320
"SLLP","SPIM","2025-09-17T20:24:00Z","2025-09-17T23:44:00Z",320,0,320
"LBSF","SPIM","2025-09-17T07:01:00Z","2025-09-17T23:45:00Z",320,0,320
"LDZA","SLLP","2025-09-17T08:10:00Z","2025-09-17T23:45:00Z",340,0,340
"SLLP","OOMS","2025-09-17T03:44:00Z","2025-09-17T23:45:00Z",300,0,300
"OAKB","LDZA","2025-09-17T16:58:00Z","2025-09-17T23:46:00Z",300,0,300
"OPKC","SBBR","2025-09-17T05:19:00Z","2025-09-17T23:46:00Z",360,0,360
"UMMS","LATI","2025-09-17T20:54:00Z","2025-09-17T23:46:00Z",360,0,360
"LATI","EHAM","2025-09-17T19:42:00Z","2025-09-17T23:48:00Z",320,0,320
"OERK","LKPR","2025-09-17T16:47:00Z","2025-09-17T23:48:00Z",360,0,360
"OOMS","SGAS","2025-09-17T05:51:00Z","2025-09-17T23:48:00Z",300,0,300
"EHAM","EKCH","2025-09-17T21:02:00Z","2025-09-17T23:49:00Z",300,0,300
"LOWW","EBCI","2025-09-17T20:41:00Z","2025-09-17T23:49:00Z",300,0,300
"OSDI","SEQM","2025-09-17T06:27:00Z","2025-09-17T23:49:00Z",360,0,360
"EBCI","OMDB","2025-09-17T15:21:00Z","2025-09-17T23:50:00Z",360,0,360
"LKPR","LBSF","2025-09-17T20:25:00Z","2025-09-17T23:50:00Z",300,0,300
"OSDI","SBBR","2025-09-17T09:55:00Z","2025-09-17T23:50:00Z",320,0,320
"LKPR","SPIM","2025-09-17T08:55:00Z","2025-09-17T23:52:00Z",340,0,340
"OJAI","VIDP","2025-09-17T16:46:00Z","2025-09-17T23:52:00Z",300,0,300
"SGAS","OOMS","2025-09-17T05:55:00Z","2025-09-17T23:52:00Z",360,0,360
"LBSF","SVMI","2025-09-17T10:20:00Z","2025-09-17T23:53:00Z",300,0,300
"LKPR","LDZA","2025-09-17T21:10:00Z","2025-09-17T23:53:00Z",360,0,360
"LOWW","SGAS","2025-09-17T08:12:00Z","2025-09-17T23:53:00Z",340,0,340
"LOWW","LBSF","2025-09-17T20:49:00Z","2025-09-17T23:54:00Z",340,0,340
"OPKC","SPIM","2025-09-17T01:47:00Z","2025-09-17T23:54:00Z",340,0,340
"SGAS","OPKC","2025-09-17T03:48:00Z","2025-09-17T23:54:00Z",360,0,360
"OOMS","SBBR","2025-09-17T06:38:00Z","2025-09-17T23:55:00Z",360,0,360
"EBCI","SLLP","2025-09-17T09:11:00Z","2025-09-17T23:56:00Z",360,0,360
"SUAA","EKCH","2025-09-17T07:05:00Z","2025-09-17T23:56:00Z",320,0,320
"VIDP","OSDI","2025-09-17T17:59:00Z","2025-09-17T23:56:00Z",320,0,320
"LBSF","OAKB","2025-09-17T16:50:00Z","2025-09-17T23:57:00Z",360,0,360
"OPKC","UMMS","2025-09-17T16:12:00Z","2025-09-17T23:58:00Z",360,0,360
"LATI","SCEL","2025-09-17T07:35:00Z","2025-09-18T00:00:00Z",320,0,320
"OPKC","OMDB","2025-09-17T21:28:00Z","2025-09-18T00:00:00Z",320,0,320
"UBBB","LOWW","2025-09-17T19:26:00Z","2025-09-18T00:00:00Z",300,0,300
"LATI","SPIM","2025-09-17T08:42:00Z","2025-09-18T00:01:00Z",320,0,320
"LBSF","EDDI","2025-09-17T21:20:00Z","2025-09-18T00:01:00Z",300,0,300
"SVMI","LOWW","2025-09-17T12:13:00Z","2025-09-18T00:01:00Z",340,0,340
"OJAI","EDDI","2025-09-17T19:20:00Z","2025-09-18T00:02:00Z",320,0,320
"EBCI","SVMI","2025-09-17T13:20:00Z","2025-09-18T00:03:00Z",300,0,300
"OJAI","LKPR","2025-09-17T19:37:00Z","2025-09-18T00:03:00Z",360,0,360
"SABE","OYSN","2025-09-17T07:57:00Z","2025-09-18T00:04:00Z",340,0,340
"UBBB","OERK","2025-09-17T20:47:00Z","2025-09-18T00:04:00Z",360,0,360
"VIDP","SEQM","2025-09-17T02:03:00Z","2025-09-18T00:04:00Z",300,0,300
"EKCH","LBSF","2025-09-17T20:01:00Z","2025-09-18T00:05:00Z",360,0,360
"OAKB","OOMS","2025-09-17T20:03:00Z","2025-09-18T00:05:00Z",340,0,340
"OSDI","SCEL","2025-09-17T06:23:00Z","2025-09-18T00:05:00Z",340,0,340
"SUAA","LKPR","2025-09-17T08:30:00Z","2025-09-18T00:05:00Z",360,0,360
"SVMI","UMMS","2025-09-17T11:17:00Z","2025-09-18T00:05:00Z",300,0,300
"EKCH","OAKB","2025-09-17T16:56:00Z","2025-09-18T00:06:00Z",340,0,340
"OERK","OMDB","2025-09-17T21:57:00Z","2025-09-18T00:06:00Z",340,0,340
"SCEL","OYSN","2025-09-17T06:35:00Z","2025-09-18T00:06:00Z",320,0,320
"UBBB","SABE","2025-09-17T05:48:00Z","2025-09-18T00:06:00Z",360,0,360
"EDDI","OOMS","2025-09-17T16:51:00Z","2025-09-18T00:07:00Z",360,0,360
"SKBO","LDZA","2025-09-17T10:56:00Z","2025-09-18T00:07:00Z",300,0,300
"SKBO","EHAM","2025-09-17T11:01:00Z","2025-09-18T00:08:00Z",340,0,340
"LBSF","EBCI","2025-09-17T20:00:00Z","2025-09-18T00:09:00Z",300,0,300
"OERK","OSDI","2025-09-17T21:24:00Z","2025-09-18T00:09:00Z",360,0,360
"SEQM","SABE","2025-09-17T17:44:00Z","2025-09-18T00:09:00Z",320,0,320
"SPIM","OMDB","2025-09-17T04:35:00Z","2025-09-18T00:10:00Z",360,0,360
"LBSF","SEQM","2025-09-17T09:28:00Z","2025-09-18T00:11:00Z",320,0,320
"OPKC","EHAM","2025-09-17T15:31:00Z","2025-09-18T00:11:00Z",300,0,300
"OYSN","EHAM","2025-09-17T16:22:00Z","2025-09-18T00:11:00Z",360,0,360
"UBBB","SGAS","2025-09-17T06:38:00Z","2025-09-18T00:11:00Z",320,0,320
"SGAS","SBBR","2025-09-17T21:19:00Z","2025-09-18T00:14:00Z",300,0,300
"SBBR","UBBB","2025-09-17T08:35:00Z","2025-09-18T00:15:00Z",300,0,300
"OMDB","SCEL","2025-09-17T04:50:00Z","2025-09-18T00:16:00Z",300,0,300
"SBBR","LBSF","2025-09-17T10:16:00Z","2025-09-18T00:16:00Z",360,0,360
"SGAS","SCEL","2025-09-17T21:20:00Z","2025-09-18T00:16:00Z",340,0,340
"OJAI","SCEL","2025-09-17T06:49:00Z","2025-09-18T00:17:00Z",300,0,300
"OYSN","OJAI","2025-09-17T20:46:00Z","2025-09-18T00:17:00Z",320,0,320
"SEQM","OAKB","2025-09-17T04:32:00Z","2025-09-18T00:17:00Z",340,0,340
"UMMS","UBBB","2025-09-17T20:31:00Z","2025-09-18T00:17:00Z",300,0,300
"EDDI","OYSN","2025-09-17T16:05:00Z","2025-09-18T00:18:00Z",320,0,320
"EKCH","SGAS","2025-09-17T09:26:00Z","2025-09-18T00:18:00Z",340,0,340
"EBCI","SLLP","2025-09-17T10:35:00Z","2025-09-18T00:20:00Z",300,0,300
"SLLP","LATI","2025-09-17T09:36:00Z","2025-09-18T00:20:00Z",360,0,360
"SLLP","SGAS","2025-09-17T21:26:00Z","2025-09-18T00:20:00Z",300,0,300
"VIDP","OJAI","2025-09-17T17:15:00Z","2025-09-18T00:21:00Z",320,0,320
"UMMS","SGAS","2025-09-17T08:25:00Z","2025-09-18T00:22:00Z",340,0,340
"SPIM","EHAM","2025-09-17T09:14:00Z","2025-09-18T00:23:00Z",340,0,340
"SKBO","SABE","2025-09-17T17:41:00Z","2025-09-18T00:24:00Z",360,0,360
"OSDI","SUAA","2025-09-17T07:09:00Z","2025-09-18T00:25:00Z",340,0,340
"SBBR","OOMS","2025-09-17T07:09:00Z","2025-09-18T00:26:00Z",360,0,360
"LBSF","OMDB","2025-09-17T18:04:00Z","2025-09-18T00:27:00Z",360,0,360
"LDZA","SEQM","2025-09-17T10:28:00Z","2025-09-18T00:27:00Z",360,0,360
"OJAI","SVMI","2025-09-17T09:17:00Z","2025-09-18T00:27:00Z",340,0,340
"OSDI","LKPR","2025-09-17T19:10:00Z","2025-09-18T00:27:00Z",360,0,360
"EDDI","LATI","2025-09-17T21:50:00Z","2025-09-18T00:28:00Z",320,0,320
"SBBR","SKBO","2025-09-17T18:53:00Z","2025-09-18T00:28:00Z",360,0,360
"SLLP","EDDI","2025-09-17T09:53:00Z","2025-09-18T00:28:00Z",360,0,360
"SPIM","LKPR","2025-09-17T09:31:00Z","2025-09-18T00:28:00Z",360,0,360
"SPIM","SLLP","2025-09-17T21:09:00Z","2025-09-18T00:29:00Z",300,0,300
"OERK","LOWW","2025-09-17T18:47:00Z","2025-09-18T00:30:00Z",300,0,300
"EBCI","SBBR","2025-09-17T11:29:00Z","2025-09-18T00:31:00Z",300,0,300
"OERK","OAKB","2025-09-17T19:24:00Z","2025-09-18T00:31:00Z",360,0,360
"OSDI","LOWW","2025-09-17T20:33:00Z","2025-09-18T00:31:00Z",300,0,300
"EBCI","OAKB","2025-09-17T16:40:00Z","2025-09-18T00:32:00Z",300,0,300
"EHAM","LKPR","2025-09-17T22:37:00Z","2025-09-18T00:32:00Z",320,0,320
"OERK","VIDP","2025-09-17T19:37:00Z","2025-09-18T00:32:00Z",360,0,360
"OPKC","SABE","2025-09-17T04:09:00Z","2025-09-18T00:32:00Z",360,0,360
"SABE","EKCH","2025-09-17T08:34:00Z","2025-09-18T00:33:00Z",340,0,340
"OOMS","UMMS","2025-09-17T17:18:00Z","2025-09-18T00:34:00Z",360,0,360
"OYSN","SCEL","2025-09-17T06:03:00Z","2025-09-18T00:34:00Z",340,0,340
"SBBR","LATI","2025-09-17T11:00:00Z","2025-09-18T00:34:00Z",340,0,340
"SGAS","OPKC","2025-09-17T04:28:00Z","2025-09-18T00:34:00Z",360,0,360
"UBBB","VIDP","2025-09-17T19:03:00Z","2025-09-18T00:34:00Z",320,0,320
"EDDI","SVMI","2025-09-17T12:03:00Z","2025-09-18T00:35:00Z",360,0,360
"SABE","SLLP","2025-09-17T20:47:00Z","2025-09-18T00:35:00Z",300,0,300
"LDZA","LKPR","2025-09-17T22:53:00Z","2025-09-18T00:36:00Z",300,0,300
"OMDB","OERK","2025-09-17T21:27:00Z","2025-09-18T00:36:00Z",340,0,340
"SEQM","SCEL","2025-09-17T18:52:00Z","2025-09-18T00:36:00Z",300,0,300
"VIDP","SLLP","2025-09-17T02:15:00Z","2025-09-18T00:36:00Z",320,0,320
"SLLP","LOWW","2025-09-17T09:57:00Z","2025-09-18T00:38:00Z",320,0,320
"OYSN","SPIM","2025-09-17T05:29:00Z","2025-09-18T00:39:00Z",360,0,360
"UMMS","SLLP","2025-09-17T08:47:00Z","2025-09-18T00:39:00Z",340,0,340
"LBSF","OJAI","2025-09-17T20:39:00Z","2025-09-18T00:41:00Z",360,0,360
"SVMI","LBSF","2025-09-17T11:08:00Z","2025-09-18T00:41:00Z",360,0,360
"VIDP","OYSN","2025-09-17T18:03:00Z","2025-09-18T00:41:00Z",340,0,340
"LATI","SUAA","2025-09-17T08:28:00Z","2025-09-18T00:42:00Z",340,0,340
"SLLP","SVMI","2025-09-17T19:04:00Z","2025-09-18T00:42:00Z",300,0,300
"SLLP","EBCI","2025-09-17T10:58:00Z","2025-09-18T00:43:00Z",300,0,300
"UBBB","OOMS","2025-09-17T20:10:00Z","2025-09-18T00:43:00Z",360,0,360
"LOWW","SLLP","2025-09-17T09:03:00Z","2025-09-18T00:44:00Z",340,0,340
"SLLP","OYSN","2025-09-17T06:41:00Z","2025-09-18T00:44:00Z",300,0,300
"EKCH","VIDP","2025-09-17T15:21:00Z","2025-09-18T00:47:00Z",300,0,300
"EBCI","VIDP","2025-09-17T14:39:00Z","2025-09-18T00:48:00Z",340,0,340
"OPKC","OSDI","2025-09-17T19:49:00Z","2025-09-18T00:48:00Z",360,0,360
"OSDI","OAKB","2025-09-17T19:58:00Z","2025-09-18T00:48:00Z",320,0,320
"EDDI","SLLP","2025-09-17T09:14:00Z","2025-09-18T00:49:00Z",360,0,360
"OJAI","LBSF","2025-09-17T20:47:00Z","2025-09-18T00:49:00Z",360,0,360
"OOMS","EKCH","2025-09-17T16:18:00Z","2025-09-18T00:49:00Z",320,0,320
"SLLP","SEQM","2025-09-17T20:12:00Z","2025-09-18T00:49:00Z",320,0,320
"UMMS","VIDP","2025-09-17T16:43:00Z","2025-09-18T00:49:00Z",320,0,320
"LATI","VIDP","2025-09-17T16:02:00Z","2025-09-18T00:50:00Z",360,0,360
"OAKB","OPKC","2025-09-17T21:26:00Z","2025-09-18T00:51:00Z",300,0,300
"LATI","SKBO","2025-09-17T10:21:00Z","2025-09-18T00:53:00Z",360,0,360
"OAKB","OYSN","2025-09-17T18:46:00Z","2025-09-18T00:53:00Z",320,0,320
"EBCI","LOWW","2025-09-17T21:46:00Z","2025-09-18T00:54:00Z",320,0,320
"OAKB","SGAS","2025-09-17T04:21:00Z","2025-09-18T00:54:00Z",320,0,320
"OSDI","LBSF","2025-09-17T21:00:00Z","2025-09-18T00:54:00Z",300,0,300
"EHAM","OYSN","2025-09-17T16:06:00Z","2025-09-18T00:55:00Z",360,0,360
"LKPR","OAKB","2025-09-17T17:56:00Z","2025-09-18T00:55:00Z",340,0,340
"EHAM","VIDP","2025-09-17T14:49:00Z","2025-09-18T00:56:00Z",320,0,320
"LKPR","SGAS","2025-09-17T09:16:00Z","2025-09-18T00:56:00Z",320,0,320
"OJAI","SEQM","2025-09-17T07:37:00Z","2025-09-18T00:56:00Z",320,0,320
"UMMS","SVMI","2025-09-17T11:08:00Z","2025-09-18T00:56:00Z",360,0,360
"OYSN","LKPR","2025-09-17T17:00:00Z","2025-09-18T00:57:00Z",340,0,340
"SLLP","SBBR","2025-09-17T20:07:00Z","2025-09-18T00:57:00Z",360,0,360
"UBBB","EBCI","2025-09-17T18:17:00Z","2025-09-18T00:57:00Z",360,0,360
"EDDI","LDZA","2025-09-17T21:58:00Z","2025-09-18T00:59:00Z",300,0,300
"SLLP","SCEL","2025-09-17T20:36:00Z","2025-09-18T00:59:00Z",340,0,340
"EBCI","SPIM","2025-09-17T10:56:00Z","2025-09-18T01:00:00Z",320,0,320
"SBBR","SGAS","2025-09-17T22:05:00Z","2025-09-18T01:00:00Z",360,0,360
"SEQM","OMDB","2025-09-17T06:04:00Z","2025-09-18T01:00:00Z",320,0,320
"OPKC","LKPR","2025-09-17T17:16:00Z","2025-09-18T01:01:00Z",300,0,300
"OSDI","LATI","2025-09-17T21:50:00Z","2025-09-18T01:01:00Z",300,0,300
"UBBB","SPIM","2025-09-17T06:26:00Z","2025-09-18T01:01:00Z",320,0,320
"VIDP","SPIM","2025-09-17T02:55:00Z","2025-09-18T01:01:00Z",340,0,340
"LATI","UBBB","2025-09-17T20:45:00Z","2025-09-18T01:02:00Z",300,0,300
"OOMS","EDDI","2025-09-17T17:46:00Z","2025-09-18T01:02:00Z",360,0,360
"OERK","SGAS","2025-09-17T08:33:00Z","2025-09-18T01:04:00Z",360,0,360
"SCEL","OAKB","2025-09-17T03:39:00Z","2025-09-18T01:04:00Z",340,0,340
"LKPR","SLLP","2025-09-17T10:30:00Z","2025-09-18T01:05:00Z",360,0,360
"SABE","SBBR","2025-09-17T21:06:00Z","2025-09-18T01:05:00Z",360,0,360
"SVMI","SGAS","2025-09-17T18:03:00Z","2025-09-18T01:05:00Z",300,0,300
"EBCI","SUAA","2025-09-17T10:13:00Z","2025-09-18T01:06:00Z",360,0,360
"OYSN","LATI","2025-09-17T19:22:00Z","2025-09-18T01:06:00Z",360,0,360
"SPIM","OJAI","2025-09-17T07:02:00Z","2025-09-18T01:06:00Z",300,0,300
"EKCH","OPKC","2025-09-17T16:02:00Z","2025-09-18T01:07:00Z",320,0,320
"LOWW","EHAM","2025-09-17T22:55:00Z","2025-09-18T01:07:00Z",360,0,360
"OSDI","UBBB","2025-09-17T22:16:00Z","2025-09-18T01:07:00Z",300,0,300
"UMMS","OOMS","2025-09-17T18:51:00Z","2025-09-18T01:07:00Z",360,0,360
"OSDI","EBCI","2025-09-17T19:06:00Z","2025-09-18T01:09:00Z",340,0,340
"SUAA","SBBR","2025-09-17T21:16:00Z","2025-09-18T01:09:00Z",320,0,320
"OPKC","OERK","2025-09-17T21:30:00Z","2025-09-18T01:10:00Z",360,0,360
"SUAA","SLLP","2025-09-17T21:14:00Z","2025-09-18T01:10:00Z",320,0,320
"LOWW","SCEL","2025-09-17T08:36:00Z","2025-09-18T01:11:00Z",340,0,340
"OYSN","SUAA","2025-09-17T09:18:00Z","2025-09-18T01:11:00Z",300,0,300
"SLLP","LBSF","2025-09-17T09:01:00Z","2025-09-18T01:11:00Z",340,0,340
"LDZA","SKBO","2025-09-17T11:01:00Z","2025-09-18T01:12:00Z",320,0,320
"OOMS","OPKC","2025-09-17T22:04:00Z","2025-09-18T01:13:00Z",360,0,360
"OJAI","OAKB","2025-09-17T19:14:00Z","2025-09-18T01:14:00Z",340,0,340
"OAKB","SKBO","2025-09-17T06:17:00Z","2025-09-18T01:15:00Z",360,0,360
"SPIM","EDDI","2025-09-17T10:21:00Z","2025-09-18T01:15:00Z",340,0,340
"SVMI","VIDP","2025-09-17T06:23:00Z","2025-09-18T01:15:00Z",300,0,300
"LKPR","OYSN","2025-09-17T18:19:00Z","2025-09-18T01:16:00Z",300,0,300
"SGAS","OJAI","2025-09-17T09:42:00Z","2025-09-18T01:16:00Z",360,0,360
"EBCI","OYSN","2025-09-17T17:38:00Z","2025-09-18T01:17:00Z",300,0,300
"LKPR","EDDI","2025-09-17T23:00:00Z","2025-09-18T01:17:00Z",300,0,300
"SCEL","VIDP","2025-09-17T02:08:00Z","2025-09-18T01:17:00Z",320,0,320
"SPIM","OAKB","2025-09-17T04:25:00Z","2025-09-18T01:17:00Z",320,0,320
"EBCI","SCEL","2025-09-17T09:32:00Z","2025-09-18T01:18:00Z",320,0,320
"OSDI","UMMS","2025-09-17T21:24:00Z","2025-09-18T01:18:00Z",300,0,300
"SBBR","OERK","2025-09-17T10:30:00Z","2025-09-18T01:18:00Z",360,0,360
"SKBO","LBSF","2025-09-17T11:22:00Z","2025-09-18T01:18:00Z",320,0,320
"OPKC","SCEL","2025-09-17T04:32:00Z","2025-09-18T01:19:00Z",360,0,360
"EBCI","UMMS","2025-09-17T21:13:00Z","2025-09-18T01:20:00Z",340,0,340
"EKCH","LATI","2025-09-17T21:17:00Z","2025-09-18T01:20:00Z",320,0,320
"LBSF","UMMS","2025-09-17T22:44:00Z","2025-09-18T01:20:00Z",340,0,340
"OSDI","SPIM","2025-09-17T07:09:00Z","2025-09-18T01:20:00Z",340,0,340
"VIDP","LDZA","2025-09-17T16:16:00Z","2025-09-18T01:20:00Z",320,0,320
"EKCH","OERK","2025-09-17T18:47:00Z","2025-09-18T01:21:00Z",360,0,360
"LATI","SEQM","2025-09-17T10:02:00Z","2025-09-18T01:21:00Z",300,0,300
"SBBR","SLLP","2025-09-17T21:31:00Z","2025-09-18T01:21:00Z",320,0,320
"SPIM","EKCH","2025-09-17T10:28:00Z","2025-09-18T01:21:00Z",340,0,340
"OAKB","EKCH","2025-09-17T17:12:00Z","2025-09-18T01:22:00Z",300,0,300
"SUAA","OYSN","2025-09-17T09:29:00Z","2025-09-18T01:22:00Z",360,0,360
"SVMI","SBBR","2025-09-17T19:00:00Z","2025-09-18T01:22:00Z",360,0,360
"SKBO","EKCH","2025-09-17T12:35:00Z","2025-09-18T01:23:00Z",340,0,340
"LKPR","SKBO","2025-09-17T12:25:00Z","2025-09-18T01:24:00Z",340,0,340
"SBBR","EBCI","2025-09-17T12:22:00Z","2025-09-18T01:24:00Z",300,0,300
"SBBR","UBBB","2025-09-17T09:45:00Z","2025-09-18T01:25:00Z",320,0,320
"OYSN","SBBR","2025-09-17T10:11:00Z","2025-09-18T01:26:00Z",360,0,360
"SEQM","EHAM","2025-09-17T12:32:00Z","2025-09-18T01:26:00Z",340,0,340
"SUAA","OMDB","2025-09-17T07:36:00Z","2025-09-18T01:26:00Z",320,0,320
"EHAM","LBSF","2025-09-17T21:11:00Z","2025-09-18T01:27:00Z",360,0,360
"SGAS","UBBB","2025-09-17T07:54:00Z","2025-09-18T01:27:00Z",300,0,300
"OERK","SVMI","2025-09-17T09:44:00Z","2025-09-18T01:29:00Z",320,0,320
"OMDB","SKBO","2025-09-17T06:20:00Z","2025-09-18T01:29:00Z",360,0,360
"SCEL","SBBR","2025-09-17T20:38:00Z","2025-09-18T01:29:00Z",360,0,360
"SUAA","EKCH","2025-09-17T09:38:00Z","2025-09-18T01:29:00Z",340,0,340
"EKCH","LKPR","2025-09-17T23:47:00Z","2025-09-18T01:30:00Z",340,0,340
"LBSF","SCEL","2025-09-17T08:39:00Z","2025-09-18T01:30:00Z",320,0,320
"LOWW","LDZA","2025-09-17T23:05:00Z","2025-09-18T01:30:00Z",320,0,320
"LKPR","OMDB","2025-09-17T18:54:00Z","2025-09-18T01:31:00Z",320,0,320
"EKCH","UMMS","2025-09-17T22:12:00Z","2025-09-18T01:32:00Z",320,0,320
"LOWW","VIDP","2025-09-17T16:28:00Z","2025-09-18T01:32:00Z",360,0,360
"UBBB","LDZA","2025-09-17T20:00:00Z","2025-09-18T01:32:00Z",320,0,320
"LOWW","OJAI","2025-09-17T20:26:00Z","2025-09-18T01:33:00Z",300,0,300
"SGAS","SCEL","2025-09-17T22:37:00Z","2025-09-18T01:33:00Z",340,0,340
"EHAM","SEQM","2025-09-17T12:40:00Z","2025-09-18T01:34:00Z",360,0,360
"OSDI","OOMS","2025-09-17T20:33:00Z","2025-09-18T01:35:00Z",320,0,320
"SGAS","SBBR","2025-09-17T22:40:00Z","2025-09-18T01:35:00Z",300,0,300
"UMMS","EBCI","2025-09-17T21:29:00Z","2025-09-18T01:36:00Z",360,0,360
"LATI","SVMI","2025-09-17T12:29:00Z","2025-09-18T01:38:00Z",320,0,320
"SABE","VIDP","2025-09-17T04:53:00Z","2025-09-18T01:38:00Z",340,0,340
"OMDB","EHAM","2025-09-17T17:06:00Z","2025-09-18T01:39:00Z",320,0,320
"SPIM","OSDI","2025-09-17T07:28:00Z","2025-09-18T01:39:00Z",320,0,320
"OMDB","EKCH","2025-09-17T17:37:00Z","2025-09-18T01:41:00Z",360,0,360
"SLLP","EDDI","2025-09-17T10:06:00Z","2025-09-18T01:41:00Z",300,0,300
"UMMS","OPKC","2025-09-17T18:55:00Z","2025-09-18T01:41:00Z",300,0,300
"OSDI","SVMI","2025-09-17T10:30:00Z","2025-09-18T01:42:00Z",320,0,320
"SBBR","OPKC","2025-09-17T07:15:00Z","2025-09-18T01:42:00Z",300,0,300
"VIDP","EKCH","2025-09-17T16:16:00Z","2025-09-18T01:42:00Z",360,0,360
"OPKC","SVMI","2025-09-17T06:32:00Z","2025-09-18T01:43:00Z",300,0,300
"SCEL","SUAA","2025-09-17T22:05:00Z","2025-09-18T01:43:00Z",300,0,300
"SEQM","SUAA","2025-09-17T18:10:00Z","2025-09-18T01:43:00Z",360,0,360
"EKCH","OJAI","2025-09-17T19:41:00Z","2025-09-18T01:44:00Z",320,0,320
"OJAI","OYSN","2025-09-17T21:13:00Z","2025-09-18T01:44:00Z",320,0,320
"OMDB","VIDP","2025-09-17T21:58:00Z","2025-09-18T01:44:00Z",320,0,320
"SCEL","OSDI","2025-09-17T07:02:00Z","2025-09-18T01:44:00Z",340,0,340
"SLLP","OPKC","2025-09-17T04:33:00Z","2025-09-18T01:44:00Z",340,0,340
"UMMS","SPIM","2025-09-17T08:33:00Z","2025-09-18T01:44:00Z",360,0,360
"LATI","LOWW","2025-09-17T22:44:00Z","2025-09-18T01:45:00Z",360,0,360
"OSDI","EKCH","2025-09-17T20:53:00Z","2025-09-18T01:45:00Z",300,0,300
"OSDI","SABE","2025-09-17T08:17:00Z","2025-09-18T01:46:00Z",340,0,340
"SCEL","EKCH","2025-09-17T08:04:00Z","2025-09-18T01:46:00Z",300,0,300
"VIDP","SBBR","2025-09-17T06:02:00Z","2025-09-18T01:46:00Z",320,0,320
"LOWW","SGAS","2025-09-17T10:06:00Z","2025-09-18T01:47:00Z",300,0,300
"SGAS","SUAA","2025-09-17T22:32:00Z","2025-09-18T01:47:00Z",360,0,360
"LBSF","OERK","2025-09-17T20:08:00Z","2025-09-18T01:48:00Z",300,0,300
"OYSN","EBCI","2025-09-17T17:09:00Z","2025-09-18T01:48:00Z",300,0,300
"SGAS","LKPR","2025-09-17T10:08:00Z","2025-09-18T01:48:00Z",300,0,300
"OSDI","VIDP","2025-09-17T19:52:00Z","2025-09-18T01:49:00Z",300,0,300
"SEQM","OJAI","2025-09-17T08:30:00Z","2025-09-18T01:49:00Z",320,0,320
"EKCH","SBBR","2025-09-17T11:50:00Z","2025-09-18T01:50:00Z",360,0,360
"SKBO","OSDI","2025-09-17T09:14:00Z","2025-09-18T01:50:00Z",340,0,340
"SUAA","VIDP","2025-09-17T04:19:00Z","2025-09-18T01:51:00Z",300,0,300
"UBBB","OSDI","2025-09-17T22:00:00Z","2025-09-18T01:51:00Z",340,0,340
"SPIM","SEQM","2025-09-17T22:11:00Z","2025-09-18T01:52:00Z",300,0,300
"SCEL","SKBO","2025-09-17T18:41:00Z","2025-09-18T01:53:00Z",360,0,360
"SGAS","SABE","2025-09-17T22:38:00Z","2025-09-18T01:53:00Z",300,0,300
"UBBB","SVMI","2025-09-17T09:32:00Z","2025-09-18T01:53:00Z",320,0,320
"UMMS","LOWW","2025-09-17T22:37:00Z","2025-09-18T01:53:00Z",320,0,320
"LKPR","OJAI","2025-09-17T20:28:00Z","2025-09-18T01:54:00Z",360,0,360
"SUAA","SEQM","2025-09-17T18:21:00Z","2025-09-18T01:54:00Z",360,0,360
"OJAI","EHAM","2025-09-17T19:36:00Z","2025-09-18T01:55:00Z",320,0,320
"EHAM","SKBO","2025-09-17T12:49:00Z","2025-09-18T01:56:00Z",360,0,360
"EDDI","SUAA","2025-09-17T09:17:00Z","2025-09-18T01:57:00Z",340,0,340
"SPIM","SABE","2025-09-17T20:03:00Z","2025-09-18T01:57:00Z",340,0,340
"EBCI","OPKC","2025-09-17T16:19:00Z","2025-09-18T01:58:00Z",300,0,300
"EKCH","SPIM","2025-09-17T10:05:00Z","2025-09-18T01:58:00Z",320,0,320
"OMDB","SGAS","2025-09-17T07:19:00Z","2025-09-18T01:58:00Z",360,0,360
"LBSF","VIDP","2025-09-17T17:37:00Z","2025-09-18T01:59:00Z",360,0,360
"SABE","UBBB","2025-09-17T06:41:00Z","2025-09-18T01:59:00Z",300,0,300
"SUAA","OJAI","2025-09-17T08:57:00Z","2025-09-18T01:59:00Z",320,0,320
"EDDI","OSDI","2025-09-17T21:29:00Z","2025-09-18T02:00:00Z",340,0,340
"OPKC","LOWW","2025-09-17T18:29:00Z","2025-09-18T02:00:00Z",320,0,320
"SABE","LDZA","2025-09-17T10:31:00Z","2025-09-18T02:00:00Z",300,0,300
"OJAI","OERK","2025-09-17T23:22:00Z","2025-09-18T02:02:00Z",300,0,300
"SKBO","OYSN","2025-09-17T08:51:00Z","2025-09-18T02:02:00Z",320,0,320
"EHAM","OAKB","2025-09-17T18:12:00Z","2025-09-18T02:03:00Z",340,0,340
"EBCI","LOWW","2025-09-17T23:56:00Z","2025-09-18T02:04:00Z",360,0,360
"OOMS","SBBR","2025-09-17T09:47:00Z","2025-09-18T02:04:00Z",340,0,340
"SGAS","OERK","2025-09-17T09:33:00Z","2025-09-18T02:04:00Z",340,0,340
"OOMS","SGAS","2025-09-17T08:08:00Z","2025-09-18T02:05:00Z",340,0,340
"SUAA","LBSF","2025-09-17T10:25:00Z","2025-09-18T02:05:00Z",300,0,300
"VIDP","EBCI","2025-09-17T16:56:00Z","2025-09-18T02:05:00Z",340,0,340
"LOWW","SABE","2025-09-17T10:23:00Z","2025-09-18T02:06:00Z",360,0,360
"OOMS","UBBB","2025-09-17T22:33:00Z","2025-09-18T02:06:00Z",340,0,340
"UMMS","SUAA","2025-09-17T09:16:00Z","2025-09-18T02:06:00Z",360,0,360
"SEQM","VIDP","2025-09-17T04:07:00Z","2025-09-18T02:08:00Z",300,0,300
"EHAM","UMMS","2025-09-17T22:09:00Z","2025-09-18T02:11:00Z",300,0,300
"SEQM","LBSF","2025-09-17T11:28:00Z","2025-09-18T02:11:00Z",340,0,340
"UBBB","EHAM","2025-09-17T20:30:00Z","2025-09-18T02:11:00Z",360,0,360
"EBCI","OJAI","2025-09-17T20:01:00Z","2025-09-18T02:12:00Z",340,0,340
"OERK","OPKC","2025-09-17T22:32:00Z","2025-09-18T02:12:00Z",300,0,300
"LOWW","OMDB","2025-09-17T19:52:00Z","2025-09-18T02:13:00Z",300,0,300
"SCEL","LATI","2025-09-17T09:48:00Z","2025-09-18T02:13:00Z",340,0,340
"LBSF","SLLP","2025-09-17T10:04:00Z","2025-09-18T02:14:00Z",360,0,360
"LDZA","UMMS","2025-09-17T23:41:00Z","2025-09-18T02:14:00Z",320,0,320
"OERK","EKCH","2025-09-17T19:40:00Z","2025-09-18T02:14:00Z",340,0,340
"OSDI","SLLP","2025-09-17T09:49:00Z","2025-09-18T02:14:00Z",300,0,300
"LBSF","OYSN","2025-09-17T20:43:00Z","2025-09-18T02:15:00Z",340,0,340
"SEQM","OERK","2025-09-17T08:22:00Z","2025-09-18T02:15:00Z",320,0,320
"EHAM","EBCI","2025-09-18T00:00:00Z","2025-09-18T02:16:00Z",300,0,300
"VIDP","SKBO","2025-09-17T05:02:00Z","2025-09-18T02:16:00Z",340,0,340
"EBCI","SABE","2025-09-17T10:16:00Z","2025-09-18T02:17:00Z",340,0,340
"SBBR","VIDP","2025-09-17T07:33:00Z","2025-09-18T02:17:00Z",320,0,320
"LATI","OERK","2025-09-17T21:22:00Z","2025-09-18T02:18:00Z",300,0,300
"SVMI","EKCH","2025-09-17T14:50:00Z","2025-09-18T02:19:00Z",360,0,360
"UMMS","SKBO","2025-09-17T11:11:00Z","2025-09-18T02:19:00Z",300,0,300
"EHAM","LBSF","2025-09-17T22:04:00Z","2025-09-18T02:20:00Z",340,0,340
"EHAM","LDZA","2025-09-17T23:52:00Z","2025-09-18T02:20:00Z",320,0,320
"SABE","EKCH","2025-09-17T10:22:00Z","2025-09-18T02:21:00Z",320,0,320
"EKCH","LBSF","2025-09-17T22:18:00Z","2025-09-18T02:22:00Z",360,0,360
"LATI","OAKB","2025-09-17T19:49:00Z","2025-09-18T02:22:00Z",320,0,320
"LKPR","OERK","2025-09-17T19:21:00Z","2025-09-18T02:22:00Z",340,0,340
"OERK","UMMS","2025-09-17T20:54:00Z","2025-09-18T02:22:00Z",300,0,300
"SPIM","LBSF","2025-09-17T10:38:00Z","2025-09-18T02:22:00Z",360,0,360
"OYSN","VIDP","2025-09-17T20:46:00Z","2025-09-18T02:24:00Z",320,0,320
"SUAA","LKPR","2025-09-17T10:49:00Z","2025-09-18T02:24:00Z",340,0,340
"SVMI","SEQM","2025-09-17T22:14:00Z","2025-09-18T02:24:00Z",360,0,360
"VIDP","OMDB","2025-09-17T22:38:00Z","2025-09-18T02:24:00Z",300,0,300
"LOWW","OYSN","2025-09-17T19:47:00Z","2025-09-18T02:25:00Z",360,0,360
"SPIM","EHAM","2025-09-17T11:16:00Z","2025-09-18T02:25:00Z",360,0,360
"SPIM","SLLP","2025-09-17T23:05:00Z","2025-09-18T02:25:00Z",320,0,320
"SVMI","SCEL","2025-09-17T18:23:00Z","2025-09-18T02:25:00Z",300,0,300
"LATI","LKPR","2025-09-17T23:05:00Z","2025-09-18T02:26:00Z",300,0,300
"OMDB","SABE","2025-09-17T07:22:00Z","2025-09-18T02:26:00Z",300,0,300
"OMDB","SLLP","2025-09-17T07:47:00Z","2025-09-18T02:26:00Z",300,0,300
"SCEL","EHAM","2025-09-17T10:34:00Z","2025-09-18T02:29:00Z",320,0,320
"SBBR","LBSF","2025-09-17T12:30:00Z","2025-09-18T02:30:00Z",320,0,320
"UMMS","EDDI","2025-09-17T23:14:00Z","2025-09-18T02:30:00Z",340,0,340
"LOWW","SLLP","2025-09-17T11:50:00Z","2025-09-18T02:31:00Z",300,0,300
"OYSN","OPKC","2025-09-17T21:15:00Z","2025-09-18T02:31:00Z",300,0,300
"SUAA","SABE","2025-09-18T00:18:00Z","2025-09-18T02:31:00Z",360,0,360
"SPIM","LATI","2025-09-17T10:13:00Z","2025-09-18T02:32:00Z",320,0,320
"UBBB","SLLP","2025-09-17T07:33:00Z","2025-09-18T02:33:00Z",300,0,300
"EHAM","LATI","2025-09-17T22:28:00Z","2025-09-18T02:34:00Z",320,0,320
"LDZA","OERK","2025-09-17T20:05:00Z","2025-09-18T02:34:00Z",300,0,300
"OMDB","OJAI","2025-09-17T22:58:00Z","2025-09-18T02:34:00Z",300,0,300
"SUAA","OERK","2025-09-17T09:49:00Z","2025-09-18T02:34:00Z",340,0,340
"UBBB","SEQM","2025-09-17T08:03:00Z","2025-09-18T02:34:00Z",360,0,360
"OJAI","OMDB","2025-09-17T22:00:00Z","2025-09-18T02:36:00Z",320,0,320
"OMDB","SUAA","2025-09-17T08:47:00Z","2025-09-18T02:37:00Z",340,0,340
"SGAS","EHAM","2025-09-17T11:33:00Z","2025-09-18T02:38:00Z",320,0,320
"UBBB","OAKB","2025-09-17T22:24:00Z","2025-09-18T02:40:00Z",320,0,320
"EKCH","OSDI","2025-09-17T21:49:00Z","2025-09-18T02:41:00Z",320,0,320
"OERK","SGAS","2025-09-17T09:10:00Z","2025-09-18T02:41:00Z",320,0,320
"OOMS","SUAA","2025-09-17T07:38:00Z","2025-09-18T02:41:00Z",300,0,300
"SVMI","EBCI","2025-09-17T15:58:00Z","2025-09-18T02:41:00Z",320,0,320
"OAKB","VIDP","2025-09-17T23:26:00Z","2025-09-18T02:42:00Z",300,0,300
"SEQM","SKBO","2025-09-18T00:55:00Z","2025-09-18T02:42:00Z",360,0,360
"SGAS","OAKB","2025-09-17T06:09:00Z","2025-09-18T02:42:00Z",360,0,360
"LBSF","EHAM","2025-09-17T22:27:00Z","2025-09-18T02:43:00Z",300,0,300
"LBSF","LATI","2025-09-18T00:17:00Z","2025-09-18T02:43:00Z",300,0,300
"SGAS","LBSF","2025-09-17T11:49:00Z","2025-09-18T02:44:00Z",320,0,320
"SUAA","OOMS","2025-09-17T07:41:00Z","2025-09-18T02:44:00Z",320,0,320
"LATI","LBSF","2025-09-18T00:20:00Z","2025-09-18T02:46:00Z",300,0,300
"LKPR","SEQM","2025-09-17T12:00:00Z","2025-09-18T02:46:00Z",360,0,360
"SBBR","OSDI","2025-09-17T12:51:00Z","2025-09-18T02:46:00Z",300,0,300
"SCEL","SPIM","2025-09-17T21:42:00Z","2025-09-18T02:46:00Z",360,0,360
"VIDP","SUAA","2025-09-17T05:14:00Z","2025-09-18T02:46:00Z",320,0,320
"OJAI","SPIM","2025-09-17T08:43:00Z","2025-09-18T02:47:00Z",340,0,340
"OMDB","OOMS","2025-09-18T00:19:00Z","2025-09-18T02:47:00Z",300,0,300
"OYSN","OJAI","2025-09-17T22:16:00Z","2025-09-18T02:47:00Z",320,0,320
"SBBR","OAKB","2025-09-17T08:02:00Z","2025-09-18T02:47:00Z",320,0,320
"VIDP","OSDI","2025-09-17T20:50:00Z","2025-09-18T02:47:00Z",300,0,300
"EBCI","SKBO","2025-09-17T13:43:00Z","2025-09-18T02:48:00Z",340,0,340
"EDDI","UBBB","2025-09-17T21:54:00Z","2025-09-18T02:48:00Z",340,0,340
"SKBO","SEQM","2025-09-18T00:01:00Z","2025-09-18T02:48:00Z",340,0,340
"SVMI","SUAA","2025-09-17T18:31:00Z","2025-09-18T02:48:00Z",360,0,360
"EKCH","SABE","2025-09-17T10:50:00Z","2025-09-18T02:49:00Z",360,0,360
"EKCH","SUAA","2025-09-17T10:58:00Z","2025-09-18T02:49:00Z",340,0,340
"LOWW","UBBB","2025-09-17T21:15:00Z","2025-09-18T02:49:00Z",300,0,300
"SVMI","OPKC","2025-09-17T07:38:00Z","2025-09-18T02:49:00Z",340,0,340
"UBBB","OERK","2025-09-17T22:32:00Z","2025-09-18T02:49:00Z",340,0,340
"LOWW","UMMS","2025-09-17T23:34:00Z","2025-09-18T02:50:00Z",300,0,300
"OJAI","SEQM","2025-09-17T09:31:00Z","2025-09-18T02:50:00Z",360,0,360
"OPKC","LATI","2025-09-17T18:47:00Z","2025-09-18T02:50:00Z",340,0,340
"SABE","SGAS","2025-09-17T23:35:00Z","2025-09-18T02:50:00Z",340,0,340
"SKBO","UMMS","2025-09-17T11:42:00Z","2025-09-18T02:50:00Z",340,0,340
"EKCH","UBBB","2025-09-17T20:46:00Z","2025-09-18T02:51:00Z",320,0,320
"EBCI","VIDP","2025-09-17T16:43:00Z","2025-09-18T02:52:00Z",320,0,320
"OPKC","SVMI","2025-09-17T07:41:00Z","2025-09-18T02:52:00Z",360,0,360
"SKBO","OJAI","2025-09-17T10:19:00Z","2025-09-18T02:52:00Z",360,0,360
"SKBO","LATI","2025-09-17T12:21:00Z","2025-09-18T02:53:00Z",360,0,360
"UBBB","OPKC","2025-09-17T21:53:00Z","2025-09-18T02:53:00Z",340,0,340
"LKPR","UBBB","2025-09-17T21:08:00Z","2025-09-18T02:54:00Z",360,0,360
"SKBO","SCEL","2025-09-17T19:42:00Z","2025-09-18T02:54:00Z",320,0,320
"VIDP","SGAS","2025-09-17T05:29:00Z","2025-09-18T02:55:00Z",360,0,360
"LATI","SGAS","2025-09-17T11:27:00Z","2025-09-18T02:56:00Z",340,0,340
"EHAM","OPKC","2025-09-17T17:18:00Z","2025-09-18T02:58:00Z",320,0,320
"LATI","OMDB","2025-09-17T20:14:00Z","2025-09-18T02:58:00Z",340,0,340
"OERK","VIDP","2025-09-17T21:04:00Z","2025-09-18T02:59:00Z",300,0,300
"OSDI","OMDB","2025-09-17T22:25:00Z","2025-09-18T02:59:00Z",340,0,340
"SABE","EBCI","2025-09-17T10:58:00Z","2025-09-18T02:59:00Z",360,0,360
"SPIM","SUAA","2025-09-17T20:55:00Z","2025-09-18T02:59:00Z",340,0,340
"SVMI","EHAM","2025-09-17T16:14:00Z","2025-09-18T03:00:00Z",360,0,360
"EDDI","OMDB","2025-09-17T20:12:00Z","2025-09-18T03:01:00Z",360,0,360
"EDDI","SLLP","2025-09-17T12:26:00Z","2025-09-18T03:01:00Z",300,0,300
"EHAM","SBBR","2025-09-17T14:48:00Z","2025-09-18T03:01:00Z",340,0,340
"LDZA","EDDI","2025-09-18T00:00:00Z","2025-09-18T03:01:00Z",340,0,340
"OMDB","LBSF","2025-09-17T21:38:00Z","2025-09-18T03:01:00Z",360,0,360
"OMDB","LDZA","2025-09-17T20:49:00Z","2025-09-18T03:01:00Z",340,0,340
"OPKC","LATI","2025-09-17T19:58:00Z","2025-09-18T03:01:00Z",360,0,360
"OJAI","SBBR","2025-09-17T13:18:00Z","2025-09-18T03:02:00Z",320,0,320
"EKCH","LOWW","2025-09-18T00:01:00Z","2025-09-18T03:03:00Z",300,0,300
"LDZA","UBBB","2025-09-17T22:31:00Z","2025-09-18T03:03:00Z",340,0,340
"LOWW","OSDI","2025-09-17T23:05:00Z","2025-09-18T03:03:00Z",300,0,300
"EBCI","EHAM","2025-09-18T01:48:00Z","2025-09-18T03:04:00Z",360,0,360
"LDZA","VIDP","2025-09-17T18:00:00Z","2025-09-18T03:04:00Z",340,0,340
"OERK","EBCI","2025-09-17T20:15:00Z","2025-09-18T03:04:00Z",360,0,360
"SCEL","OERK","2025-09-17T08:45:00Z","2025-09-18T03:04:00Z",360,0,360
"EKCH","LATI","2025-09-17T23:02:00Z","2025-09-18T03:05:00Z",340,0,340
"OAKB","SPIM","2025-09-17T06:13:00Z","2025-09-18T03:05:00Z",340,0,340
"SPIM","OPKC","2025-09-17T05:58:00Z","2025-09-18T03:05:00Z",360,0,360
"EBCI","UBBB","2025-09-17T21:27:00Z","2025-09-18T03:07:00Z",300,0,300
"SABE","LOWW","2025-09-17T11:24:00Z","2025-09-18T03:07:00Z",300,0,300
"SGAS","LDZA","2025-09-17T12:38:00Z","2025-09-18T03:07:00Z",340,0,340
"SLLP","EKCH","2025-09-17T12:29:00Z","2025-09-18T03:07:00Z",360,0,360
"SUAA","EBCI","2025-09-17T12:14:00Z","2025-09-18T03:07:00Z",340,0,340
"LATI","OYSN","2025-09-17T21:24:00Z","2025-09-18T03:08:00Z",320,0,320
"OJAI","SABE","2025-09-17T10:55:00Z","2025-09-18T03:09:00Z",360,0,360
"SPIM","UBBB","2025-09-17T08:34:00Z","2025-09-18T03:09:00Z",340,0,340
"EKCH","LDZA","2025-09-18T00:44:00Z","2025-09-18T03:10:00Z",320,0,320
"LDZA","OSDI","2025-09-17T23:26:00Z","2025-09-18T03:10:00Z",300,0,300
"LDZA","SCEL","2025-09-17T10:46:00Z","2025-09-18T03:10:00Z",300,0,300
"OAKB","LDZA","2025-09-17T20:22:00Z","2025-09-18T03:10:00Z",320,0,320
"OPKC","LKPR","2025-09-17T19:25:00Z","2025-09-18T03:10:00Z",360,0,360
"EKCH","OMDB","2025-09-17T19:07:00Z","2025-09-18T03:11:00Z",360,0,360
"EHAM","OJAI","2025-09-17T21:53:00Z","2025-09-18T03:12:00Z",300,0,300
"OMDB","SPIM","2025-09-17T07:37:00Z","2025-09-18T03:12:00Z",360,0,360
"OOMS","OSDI","2025-09-17T22:10:00Z","2025-09-18T03:12:00Z",300,0,300
"OPKC","OYSN","2025-09-17T22:56:00Z","2025-09-18T03:12:00Z",300,0,300
"SABE","OERK","2025-09-17T10:13:00Z","2025-09-18T03:12:00Z",300,0,300
"LBSF","LDZA","2025-09-18T01:25:00Z","2025-09-18T03:14:00Z",340,0,340
"OAKB","OERK","2025-09-17T22:08:00Z","2025-09-18T03:15:00Z",320,0,320
"OSDI","SBBR","2025-09-17T13:20:00Z","2025-09-18T03:15:00Z",360,0,360
"SUAA","OAKB","2025-09-17T07:22:00Z","2025-09-18T03:15:00Z",360,0,360
"EHAM","LOWW","2025-09-18T00:05:00Z","2025-09-18T03:17:00Z",320,0,320
"OAKB","SABE","2025-09-17T06:12:00Z","2025-09-18T03:18:00Z",360,0,360
"SABE","OMDB","2025-09-17T08:14:00Z","2025-09-18T03:18:00Z",340,0,340
"EDDI","SVMI","2025-09-17T15:47:00Z","2025-09-18T03:19:00Z",340,0,340
"LATI","EDDI","2025-09-18T00:41:00Z","2025-09-18T03:19:00Z",360,0,360
"SUAA","EDDI","2025-09-17T11:39:00Z","2025-09-18T03:19:00Z",300,0,300
"OJAI","EDDI","2025-09-17T22:38:00Z","2025-09-18T03:20:00Z",340,0,340
"OERK","SEQM","2025-09-17T09:28:00Z","2025-09-18T03:21:00Z",340,0,340
"OOMS","SVMI","2025-09-17T09:07:00Z","2025-09-18T03:21:00Z",340,0,340
"EDDI","SUAA","2025-09-17T11:42:00Z","2025-09-18T03:22:00Z",320,0,320
"LDZA","SABE","2025-09-17T11:53:00Z","2025-09-18T03:22:00Z",360,0,360
"OERK","SUAA","2025-09-17T10:37:00Z","2025-09-18T03:22:00Z",300,0,300
"UBBB","SBBR","2025-09-17T11:42:00Z","2025-09-18T03:22:00Z",360,0,360
"EBCI","SKBO","2025-09-17T14:18:00Z","2025-09-18T03:23:00Z",300,0,300
"OAKB","SEQM","2025-09-17T07:38:00Z","2025-09-18T03:23:00Z",300,0,300
"LKPR","EBCI","2025-09-18T01:31:00Z","2025-09-18T03:24:00Z",300,0,300
"OMDB","EBCI","2025-09-17T19:55:00Z","2025-09-18T03:24:00Z",340,0,340
"OYSN","SCEL","2025-09-17T09:53:00Z","2025-09-18T03:24:00Z",340,0,340
"SLLP","SEQM","2025-09-17T23:47:00Z","2025-09-18T03:24:00Z",320,0,320
"SUAA","OPKC","2025-09-17T07:15:00Z","2025-09-18T03:24:00Z",300,0,300
"LATI","OERK","2025-09-17T22:29:00Z","2025-09-18T03:25:00Z",340,0,340
"SPIM","SKBO","2025-09-17T23:09:00Z","2025-09-18T03:25:00Z",340,0,340
"LKPR","SGAS","2025-09-17T12:46:00Z","2025-09-18T03:26:00Z",300,0,300
"OPKC","UBBB","2025-09-17T22:26:00Z","2025-09-18T03:26:00Z",320,0,320
"SKBO","OOMS","2025-09-17T08:49:00Z","2025-09-18T03:26:00Z",300,0,300
"VIDP","OERK","2025-09-17T22:31:00Z","2025-09-18T03:26:00Z",320,0,320
"EDDI","EKCH","2025-09-18T01:02:00Z","2025-09-18T03:27:00Z",300,0,300
"LATI","EBCI","2025-09-18T00:32:00Z","2025-09-18T03:27:00Z",360,0,360
"OJAI","SKBO","2025-09-17T11:54:00Z","2025-09-18T03:27:00Z",320,0,320
"OMDB","OYSN","2025-09-17T23:27:00Z","2025-09-18T03:27:00Z",340,0,340
"SCEL","LOWW","2025-09-17T10:53:00Z","2025-09-18T03:28:00Z",300,0,300
"VIDP","SVMI","2025-09-17T08:36:00Z","2025-09-18T03:28:00Z",340,0,340
"EHAM","EDDI","2025-09-18T01:43:00Z","2025-09-18T03:29:00Z",300,0,300
"LATI","SBBR","2025-09-17T14:55:00Z","2025-09-18T03:29:00Z",320,0,320
"LDZA","SUAA","2025-09-17T11:10:00Z","2025-09-18T03:29:00Z",300,0,300
"VIDP","OOMS","2025-09-17T23:00:00Z","2025-09-18T03:29:00Z",340,0,340
"EHAM","UBBB","2025-09-17T21:49:00Z","2025-09-18T03:30:00Z",360,0,360
"SLLP","UBBB","2025-09-17T08:30:00Z","2025-09-18T03:30:00Z",320,0,320
"OOMS","LOWW","2025-09-17T20:43:00Z","2025-09-18T03:32:00Z",340,0,340
"SLLP","LKPR","2025-09-17T12:57:00Z","2025-09-18T03:32:00Z",300,0,300
"SLLP","SUAA","2025-09-17T23:36:00Z","2025-09-18T03:32:00Z",300,0,300
"SCEL","EBCI","2025-09-17T11:47:00Z","2025-09-18T03:33:00Z",320,0,320
"SCEL","UMMS","2025-09-17T09:43:00Z","2025-09-18T03:33:00Z",360,0,360
"OOMS","LBSF","2025-09-17T21:43:00Z","2025-09-18T03:34:00Z",300,0,300
"SABE","LATI","2025-09-17T11:09:00Z","2025-09-18T03:34:00Z",340,0,340
"SABE","SUAA","2025-09-18T01:21:00Z","2025-09-18T03:34:00Z",320,0,320
"SCEL","OPKC","2025-09-17T06:47:00Z","2025-09-18T03:34:00Z",320,0,320
"SCEL","SGAS","2025-09-18T00:38:00Z","2025-09-18T03:34:00Z",360,0,360
"UBBB","LBSF","2025-09-17T23:43:00Z","2025-09-18T03:34:00Z",320,0,320
"OSDI","SUAA","2025-09-17T10:19:00Z","2025-09-18T03:35:00Z",340,0,340
"SVMI","SPIM","2025-09-17T22:09:00Z","2025-09-18T03:35:00Z",320,0,320
"EDDI","OSDI","2025-09-17T22:05:00Z","2025-09-18T03:36:00Z",300,0,300
"OYSN","EKCH","2025-09-17T19:02:00Z","2025-09-18T03:36:00Z",300,0,300
"VIDP","LKPR","2025-09-17T18:21:00Z","2025-09-18T03:36:00Z",320,0,320
"LDZA","OMDB","2025-09-17T20:25:00Z","2025-09-18T03:37:00Z",320,0,320
"OYSN","EDDI","2025-09-17T19:24:00Z","2025-09-18T03:37:00Z",360,0,360
"SCEL","LBSF","2025-09-17T10:46:00Z","2025-09-18T03:37:00Z",320,0,320
"EDDI","UBBB","2025-09-17T22:44:00Z","2025-09-18T03:38:00Z",360,0,360
"OAKB","SBBR","2025-09-17T09:53:00Z","2025-09-18T03:38:00Z",300,0,300
"SCEL","OMDB","2025-09-17T07:12:00Z","2025-09-18T03:38:00Z",300,0,300
"SEQM","EBCI","2025-09-17T14:46:00Z","2025-09-18T03:38:00Z",320,0,320
"SEQM","SLLP","2025-09-17T23:01:00Z","2025-09-18T03:38:00Z",320,0,320
"SPIM","OMDB","2025-09-17T07:04:00Z","2025-09-18T03:39:00Z",340,0,340
"EKCH","EHAM","2025-09-18T01:53:00Z","2025-09-18T03:40:00Z",360,0,360
"LOWW","SCEL","2025-09-17T10:05:00Z","2025-09-18T03:40:00Z",300,0,300
"EBCI","OMDB","2025-09-17T19:12:00Z","2025-09-18T03:41:00Z",360,0,360
"SKBO","SVMI","2025-09-18T00:18:00Z","2025-09-18T03:41:00Z",360,0,360
"EDDI","UMMS","2025-09-18T00:27:00Z","2025-09-18T03:43:00Z",300,0,300
"SCEL","SVMI","2025-09-17T19:42:00Z","2025-09-18T03:44:00Z",300,0,300
"EDDI","EBCI","2025-09-18T01:55:00Z","2025-09-18T03:45:00Z",300,0,300
"LATI","OPKC","2025-09-17T19:42:00Z","2025-09-18T03:45:00Z",320,0,320
"LDZA","OOMS","2025-09-17T20:05:00Z","2025-09-18T03:45:00Z",300,0,300
"SUAA","LOWW","2025-09-17T11:11:00Z","2025-09-18T03:45:00Z",300,0,300
"EDDI","VIDP","2025-09-17T18:25:00Z","2025-09-18T03:46:00Z",340,0,340
"LDZA","EHAM","2025-09-18T00:18:00Z","2025-09-18T03:46:00Z",340,0,340
"SCEL","UBBB","2025-09-17T07:17:00Z","2025-09-18T03:46:00Z",320,0,320
"LATI","OJAI","2025-09-17T23:31:00Z","2025-09-18T03:47:00Z",300,0,300
"LDZA","LOWW","2025-09-18T01:23:00Z","2025-09-18T03:48:00Z",340,0,340
"SABE","LDZA","2025-09-17T11:19:00Z","2025-09-18T03:48:00Z",360,0,360
"UBBB","SVMI","2025-09-17T11:27:00Z","2025-09-18T03:48:00Z",360,0,360
"OJAI","SCEL","2025-09-17T09:22:00Z","2025-09-18T03:50:00Z",320,0,320
"EBCI","OOMS","2025-09-17T19:54:00Z","2025-09-18T03:51:00Z",300,0,300
"SEQM","OSDI","2025-09-17T10:30:00Z","2025-09-18T03:52:00Z",320,0,320
"SGAS","SEQM","2025-09-17T21:22:00Z","2025-09-18T03:52:00Z",320,0,320
"EKCH","SVMI","2025-09-17T15:24:00Z","2025-09-18T03:53:00Z",300,0,300
"LOWW","OPKC","2025-09-17T19:22:00Z","2025-09-18T03:53:00Z",320,0,320
"SBBR","SUAA","2025-09-17T23:00:00Z","2025-09-18T03:53:00Z",340,0,340
"OOMS","SKBO","2025-09-17T08:17:00Z","2025-09-18T03:54:00Z",360,0,360
"OYSN","SKBO","2025-09-17T09:43:00Z","2025-09-18T03:54:00Z",360,0,360
"EHAM","EKCH","2025-09-18T01:08:00Z","2025-09-18T03:55:00Z",340,0,340
"LBSF","OJAI","2025-09-17T23:53:00Z","2025-09-18T03:55:00Z",360,0,360
"EKCH","SGAS","2025-09-17T12:04:00Z","2025-09-18T03:56:00Z",320,0,320
"EHAM","SVMI","2025-09-17T16:11:00Z","2025-09-18T03:57:00Z",320,0,320
"EBCI","EKCH","2025-09-18T01:00:00Z","2025-09-18T03:58:00Z",300,0,300
"LKPR","LDZA","2025-09-18T01:15:00Z","2025-09-18T03:58:00Z",300,0,300
"VIDP","UMMS","2025-09-17T19:52:00Z","2025-09-18T03:58:00Z",320,0,320
"EBCI","LATI","2025-09-18T00:04:00Z","2025-09-18T03:59:00Z",300,0,300
"EBCI","SCEL","2025-09-17T11:13:00Z","2025-09-18T03:59:00Z",360,0,360
"LKPR","LATI","2025-09-18T00:38:00Z","2025-09-18T03:59:00Z",300,0,300
"OSDI","SKBO","2025-09-17T11:23:00Z","2025-09-18T03:59:00Z",300,0,300
"SVMI","OAKB","2025-09-17T09:23:00Z","2025-09-18T03:59:00Z",320,0,320
"UBBB","OYSN","2025-09-17T22:25:00Z","2025-09-18T03:59:00Z",320,0,320
"UMMS","EHAM","2025-09-17T23:57:00Z","2025-09-18T03:59:00Z",320,0,320
"LDZA","EKCH","2025-09-18T01:34:00Z","2025-09-18T04:00:00Z",320,0,320
"OOMS","OAKB","2025-09-18T00:58:00Z","2025-09-18T04:00:00Z",300,0,300
"SABE","SVMI","2025-09-17T20:46:00Z","2025-09-18T04:00:00Z",300,0,300
"OSDI","OERK","2025-09-18T01:17:00Z","2025-09-18T04:02:00Z",300,0,300
"EBCI","SVMI","2025-09-17T17:20:00Z","2025-09-18T04:03:00Z",360,0,360
"SGAS","EBCI","2025-09-17T14:08:00Z","2025-09-18T04:03:00Z",360,0,360
"SLLP","SBBR","2025-09-18T00:13:00Z","2025-09-18T04:03:00Z",320,0,320
"UMMS","OPKC","2025-09-17T21:17:00Z","2025-09-18T04:03:00Z",360,0,360
"OMDB","SEQM","2025-09-17T09:08:00Z","2025-09-18T04:04:00Z",360,0,360
"SGAS","OYSN","2025-09-17T12:14:00Z","2025-09-18T04:04:00Z",360,0,360
"SKBO","OMDB","2025-09-17T09:55:00Z","2025-09-18T04:04:00Z",300,0,300
"SLLP","SKBO","2025-09-18T00:09:00Z","2025-09-18T04:04:00Z",300,0,300
"SUAA","UBBB","2025-09-17T09:58:00Z","2025-09-18T04:04:00Z",320,0,320
"SVMI","UBBB","2025-09-17T12:43:00Z","2025-09-18T04:04:00Z",320,0,320
"OMDB","SKBO","2025-09-17T09:56:00Z","2025-09-18T04:05:00Z",340,0,340
"OYSN","VIDP","2025-09-17T22:27:00Z","2025-09-18T04:05:00Z",360,0,360
"SBBR","EBCI","2025-09-17T15:04:00Z","2025-09-18T04:06:00Z",300,0,300
"OAKB","SGAS","2025-09-17T08:34:00Z","2025-09-18T04:07:00Z",360,0,360
"SBBR","SVMI","2025-09-17T22:45:00Z","2025-09-18T04:07:00Z",320,0,320
"SGAS","LOWW","2025-09-17T13:26:00Z","2025-09-18T04:07:00Z",300,0,300
"OAKB","SLLP","2025-09-17T07:54:00Z","2025-09-18T04:08:00Z",320,0,320
"OSDI","SCEL","2025-09-17T10:26:00Z","2025-09-18T04:08:00Z",320,0,320
"SPIM","OYSN","2025-09-17T09:58:00Z","2025-09-18T04:08:00Z",320,0,320
"SPIM","EBCI","2025-09-17T13:07:00Z","2025-09-18T04:11:00Z",320,0,320
"UBBB","UMMS","2025-09-18T00:26:00Z","2025-09-18T04:12:00Z",300,0,300
"LATI","OSDI","2025-09-18T00:02:00Z","2025-09-18T04:13:00Z",360,0,360
"OSDI","EKCH","2025-09-17T23:21:00Z","2025-09-18T04:13:00Z",340,0,340
"SEQM","VIDP","2025-09-17T06:12:00Z","2025-09-18T04:13:00Z",320,0,320
"SVMI","OERK","2025-09-17T12:28:00Z","2025-09-18T04:13:00Z",320,0,320
"EDDI","SABE","2025-09-17T12:25:00Z","2025-09-18T04:14:00Z",340,0,340
"OOMS","LKPR","2025-09-17T20:10:00Z","2025-09-18T04:15:00Z",320,0,320
"SEQM","LKPR","2025-09-17T14:29:00Z","2025-09-18T04:15:00Z",320,0,320
"SVMI","SKBO","2025-09-18T01:52:00Z","2025-09-18T04:15:00Z",360,0,360
"OAKB","SKBO","2025-09-17T09:18:00Z","2025-09-18T04:16:00Z",320,0,320
"SLLP","VIDP","2025-09-17T06:55:00Z","2025-09-18T04:16:00Z",320,0,320
"OMDB","OAKB","2025-09-18T00:11:00Z","2025-09-18T04:17:00Z",320,0,320
"OYSN","UMMS","2025-09-17T21:41:00Z","2025-09-18T04:17:00Z",340,0,340
"VIDP","EHAM","2025-09-17T18:10:00Z","2025-09-18T04:17:00Z",360,0,360
"SKBO","SGAS","2025-09-17T22:38:00Z","2025-09-18T04:18:00Z",340,0,340
"EDDI","LATI","2025-09-18T01:41:00Z","2025-09-18T04:19:00Z",320,0,320
"LBSF","UBBB","2025-09-18T00:28:00Z","2025-09-18T04:19:00Z",320,0,320
"LDZA","SPIM","2025-09-17T12:15:00Z","2025-09-18T04:19:00Z",300,0,300
"OJAI","LKPR","2025-09-17T23:53:00Z","2025-09-18T04:19:00Z",320,0,320
"UMMS","SPIM","2025-09-17T11:08:00Z","2025-09-18T04:19:00Z",340,0,340
"EKCH","EBCI","2025-09-18T02:22:00Z","2025-09-18T04:20:00Z",340,0,340
"OAKB","EBCI","2025-09-17T20:28:00Z","2025-09-18T04:20:00Z",320,0,320
"SVMI","LOWW","2025-09-17T16:32:00Z","2025-09-18T04:20:00Z",320,0,320
"EDDI","EHAM","2025-09-18T02:35:00Z","2025-09-18T04:21:00Z",340,0,340
"LOWW","LATI","2025-09-18T01:20:00Z","2025-09-18T04:21:00Z",300,0,300
"OJAI","EBCI","2025-09-17T22:10:00Z","2025-09-18T04:21:00Z",360,0,360
"SKBO","OAKB","2025-09-17T09:24:00Z","2025-09-18T04:22:00Z",300,0,300
"UMMS","LATI","2025-09-18T01:30:00Z","2025-09-18T04:22:00Z",320,0,320
"LKPR","OSDI","2025-09-17T23:06:00Z","2025-09-18T04:23:00Z",340,0,340
"LKPR","SBBR","2025-09-17T15:37:00Z","2025-09-18T04:23:00Z",360,0,360
"OERK","OAKB","2025-09-17T23:16:00Z","2025-09-18T04:23:00Z",340,0,340
"OSDI","VIDP","2025-09-17T22:27:00Z","2025-09-18T04:24:00Z",360,0,360
"OERK","LKPR","2025-09-17T21:24:00Z","2025-09-18T04:25:00Z",320,0,320
"OSDI","LKPR","2025-09-17T23:08:00Z","2025-09-18T04:25:00Z",300,0,300
"SLLP","SGAS","2025-09-18T01:31:00Z","2025-09-18T04:25:00Z",360,0,360
"SVMI","LKPR","2025-09-17T16:52:00Z","2025-09-18T04:29:00Z",360,0,360
"EBCI","EDDI","2025-09-18T02:41:00Z","2025-09-18T04:31:00Z",360,0,360
"LOWW","OERK","2025-09-17T22:48:00Z","2025-09-18T04:31:00Z",340,0,340
"EKCH","EDDI","2025-09-18T02:07:00Z","2025-09-18T04:32:00Z",340,0,340
"OJAI","LDZA","2025-09-18T00:41:00Z","2025-09-18T04:32:00Z",300,0,300
"LDZA","EBCI","2025-09-18T01:14:00Z","2025-09-18T04:33:00Z",300,0,300
"SABE","OAKB","2025-09-17T07:27:00Z","2025-09-18T04:33:00Z",360,0,360
"SVMI","EDDI","2025-09-17T16:01:00Z","2025-09-18T04:33:00Z",320,0,320
"LDZA","LATI","2025-09-18T02:56:00Z","2025-09-18T04:34:00Z",340,0,340
"LKPR","SUAA","2025-09-17T12:59:00Z","2025-09-18T04:34:00Z",360,0,360
"UBBB","EHAM","2025-09-17T22:53:00Z","2025-09-18T04:34:00Z",340,0,340
"EKCH","SCEL","2025-09-17T11:53:00Z","2025-09-18T04:35:00Z",340,0,340
"EHAM","OMDB","2025-09-17T20:03:00Z","2025-09-18T04:36:00Z",360,0,360
"OMDB","SLLP","2025-09-17T09:57:00Z","2025-09-18T04:36:00Z",340,0,340
"OPKC","UMMS","2025-09-17T21:50:00Z","2025-09-18T04:36:00Z",340,0,340
"SPIM","LKPR","2025-09-17T13:39:00Z","2025-09-18T04:36:00Z",340,0,340
"LBSF","LKPR","2025-09-18T01:12:00Z","2025-09-18T04:37:00Z",360,0,360
"EDDI","LKPR","2025-09-18T02:21:00Z","2025-09-18T04:38:00Z",360,0,360
"OPKC","EKCH","2025-09-17T19:33:00Z","2025-09-18T04:38:00Z",340,0,340
"UMMS","SABE","2025-09-17T11:39:00Z","2025-09-18T04:38:00Z",300,0,300
"SLLP","OERK","2025-09-17T10:09:00Z","2025-09-18T04:39:00Z",300,0,300
"OMDB","OOMS","2025-09-18T02:13:00Z","2025-09-18T04:41:00Z",320,0,320
"OSDI","SGAS","2025-09-17T12:55:00Z","2025-09-18T04:41:00Z",300,0,300
"SKBO","UBBB","2025-09-17T11:57:00Z","2025-09-18T04:41:00Z",320,0,320
"EKCH","SKBO","2025-09-17T15:54:00Z","2025-09-18T04:42:00Z",320,0,320
"SCEL","SKBO","2025-09-17T21:30:00Z","2025-09-18T04:42:00Z",340,0,340
"SUAA","UMMS","2025-09-17T11:52:00Z","2025-09-18T04:42:00Z",360,0,360
"VIDP","OYSN","2025-09-17T22:04:00Z","2025-09-18T04:42:00Z",300,0,300
"EDDI","OJAI","2025-09-17T23:01:00Z","2025-09-18T04:43:00Z",340,0,340
"EDDI","SEQM","2025-09-17T14:03:00Z","2025-09-18T04:43:00Z",320,0,320
"LATI","SVMI","2025-09-17T15:34:00Z","2025-09-18T04:43:00Z",300,0,300
"OERK","SPIM","2025-09-17T09:16:00Z","2025-09-18T04:43:00Z",360,0,360
"SBBR","OMDB","2025-09-17T12:46:00Z","2025-09-18T04:43:00Z",300,0,300
"EBCI","OERK","2025-09-17T21:56:00Z","2025-09-18T04:45:00Z",340,0,340
"LBSF","OSDI","2025-09-18T01:51:00Z","2025-09-18T04:45:00Z",340,0,340
"SEQM","UBBB","2025-09-17T10:14:00Z","2025-09-18T04:45:00Z",340,0,340
"SLLP","OMDB","2025-09-17T09:06:00Z","2025-09-18T04:45:00Z",300,0,300
"VIDP","SPIM","2025-09-17T05:39:00Z","2025-09-18T04:45:00Z",300,0,300
"LBSF","SVMI","2025-09-17T15:13:00Z","2025-09-18T04:46:00Z",300,0,300
"VIDP","OJAI","2025-09-17T21:41:00Z","2025-09-18T04:47:00Z",360,0,360
"SCEL","SEQM","2025-09-17T22:04:00Z","2025-09-18T04:48:00Z",340,0,340
"EDDI","SPIM","2025-09-17T13:55:00Z","2025-09-18T04:49:00Z",360,0,360
"LDZA","SGAS","2025-09-17T13:20:00Z","2025-09-18T04:49:00Z",360,0,360
"SUAA","SVMI","2025-09-17T20:32:00Z","2025-09-18T04:49:00Z",360,0,360
"LOWW","LBSF","2025-09-18T01:45:00Z","2025-09-18T04:50:00Z",320,0,320
"UBBB","EBCI","2025-09-17T22:10:00Z","2025-09-18T04:50:00Z",340,0,340
"OMDB","OSDI","2025-09-18T00:18:00Z","2025-09-18T04:52:00Z",360,0,360
"OSDI","LDZA","2025-09-18T00:08:00Z","2025-09-18T04:52:00Z",360,0,360
"OYSN","SPIM","2025-09-17T09:42:00Z","2025-09-18T04:52:00Z",300,0,300
"SKBO","OERK","2025-09-17T10:45:00Z","2025-09-18T04:52:00Z",360,0,360
"LBSF","SUAA","2025-09-17T12:13:00Z","2025-09-18T04:53:00Z",300,0,300
"OJAI","LOWW","2025-09-17T23:46:00Z","2025-09-18T04:53:00Z",360,0,360
"SABE","OSDI","2025-09-17T11:24:00Z","2025-09-18T04:53:00Z",340,0,340
"SBBR","SCEL","2025-09-17T23:02:00Z","2025-09-18T04:53:00Z",300,0,300
"SEQM","UMMS","2025-09-17T13:58:00Z","2025-09-18T04:53:00Z",360,0,360
"SABE","OMDB","2025-09-17T09:50:00Z","2025-09-18T04:54:00Z",340,0,340
"SPIM","SUAA","2025-09-17T22:51:00Z","2025-09-18T04:55:00Z",360,0,360
"EHAM","OERK","2025-09-17T21:01:00Z","2025-09-18T04:56:00Z",300,0,300
"LATI","LDZA","2025-09-18T02:18:00Z","2025-09-18T04:56:00Z",340,0,340
"LOWW","SUAA","2025-09-17T12:22:00Z","2025-09-18T04:56:00Z",320,0,320
"OJAI","SPIM","2025-09-17T10:52:00Z","2025-09-18T04:56:00Z",360,0,360
"SPIM","SABE","2025-09-17T23:02:00Z","2025-09-18T04:56:00Z",340,0,340
"OMDB","EDDI","2025-09-17T21:08:00Z","2025-09-18T04:57:00Z",340,0,340
"OOMS","SPIM","2025-09-17T07:57:00Z","2025-09-18T04:57:00Z",300,0,300
"OSDI","SPIM","2025-09-17T10:46:00Z","2025-09-18T04:57:00Z",320,0,320
"LBSF","EBCI","2025-09-18T00:49:00Z","2025-09-18T04:58:00Z",300,0,300
"UMMS","OSDI","2025-09-18T00:04:00Z","2025-09-18T04:58:00Z",320,0,320
"LBSF","LOWW","2025-09-18T01:54:00Z","2025-09-18T04:59:00Z",360,0,360
"SBBR","SABE","2025-09-18T01:01:00Z","2025-09-18T05:00:00Z",300,0,300
"EHAM","SUAA","2025-09-17T13:56:00Z","2025-09-18T05:01:00Z",340,0,340
"OERK","SBBR","2025-09-17T14:13:00Z","2025-09-18T05:01:00Z",360,0,360
"SABE","OOMS","2025-09-17T10:44:00Z","2025-09-18T05:01:00Z",340,0,340
"OOMS","VIDP","2025-09-18T01:33:00Z","2025-09-18T05:02:00Z",340,0,340
"LKPR","UBBB","2025-09-18T00:17:00Z","2025-09-18T05:03:00Z",320,0,320
"OPKC","EDDI","2025-09-17T21:09:00Z","2025-09-18T05:03:00Z",320,0,320
"OAKB","UBBB","2025-09-18T01:48:00Z","2025-09-18T05:04:00Z",320,0,320
"EHAM","VIDP","2025-09-17T19:58:00Z","2025-09-18T05:05:00Z",340,0,340
"OERK","UBBB","2025-09-18T01:48:00Z","2025-09-18T05:05:00Z",300,0,300
"OYSN","LATI","2025-09-17T23:21:00Z","2025-09-18T05:05:00Z",300,0,300
"SLLP","LOWW","2025-09-17T14:24:00Z","2025-09-18T05:05:00Z",300,0,300
"LOWW","SVMI","2025-09-17T17:18:00Z","2025-09-18T05:06:00Z",320,0,320
"UBBB","LATI","2025-09-18T00:49:00Z","2025-09-18T05:06:00Z",300,0,300
"LDZA","OPKC","2025-09-17T21:41:00Z","2025-09-18T05:07:00Z",320,0,320
"LBSF","EKCH","2025-09-18T01:04:00Z","2025-09-18T05:08:00Z",340,0,340
"OYSN","OAKB","2025-09-17T23:01:00Z","2025-09-18T05:08:00Z",300,0,300
"LATI","UMMS","2025-09-18T02:17:00Z","2025-09-18T05:09:00Z",340,0,340
"LDZA","SKBO","2025-09-17T15:59:00Z","2025-09-18T05:10:00Z",360,0,360
"EKCH","SLLP","2025-09-17T14:33:00Z","2025-09-18T05:11:00Z",340,0,340
"UMMS","EKCH","2025-09-18T02:51:00Z","2025-09-18T05:11:00Z",340,0,340
"LATI","OMDB","2025-09-17T23:28:00Z","2025-09-18T05:12:00Z",360,0,360
"LBSF","OYSN","2025-09-17T23:41:00Z","2025-09-18T05:13:00Z",360,0,360
"LKPR","EHAM","2025-09-18T03:18:00Z","2025-09-18T05:13:00Z",300,0,300
"SUAA","OSDI","2025-09-17T12:57:00Z","2025-09-18T05:13:00Z",340,0,340
"LBSF","OAKB","2025-09-17T22:08:00Z","2025-09-18T05:15:00Z",300,0,300
"EBCI","LKPR","2025-09-18T03:23:00Z","2025-09-18T05:16:00Z",300,0,300
"SLLP","OSDI","2025-09-17T12:52:00Z","2025-09-18T05:17:00Z",320,0,320
"EDDI","OAKB","2025-09-17T21:14:00Z","2025-09-18T05:18:00Z",320,0,320
"OMDB","LKPR","2025-09-17T22:42:00Z","2025-09-18T05:19:00Z",300,0,300
"SCEL","OYSN","2025-09-17T11:48:00Z","2025-09-18T05:19:00Z",320,0,320
"UMMS","OAKB","2025-09-17T23:29:00Z","2025-09-18T05:19:00Z",320,0,320
"OJAI","OPKC","2025-09-17T23:16:00Z","2025-09-18T05:20:00Z",340,0,340
"OPKC","SEQM","2025-09-17T08:58:00Z","2025-09-18T05:20:00Z",300,0,300
"OYSN","SGAS","2025-09-17T13:30:00Z","2025-09-18T05:20:00Z",360,0,360
"SEQM","LATI","2025-09-17T14:01:00Z","2025-09-18T05:20:00Z",300,0,300
"LBSF","SLLP","2025-09-17T13:11:00Z","2025-09-18T05:21:00Z",320,0,320
"OAKB","SVMI","2025-09-17T11:45:00Z","2025-09-18T05:21:00Z",360,0,360
"OJAI","VIDP","2025-09-17T22:15:00Z","2025-09-18T05:21:00Z",300,0,300
"EDDI","LOWW","2025-09-18T03:45:00Z","2025-09-18T05:22:00Z",320,0,320
"EHAM","SPIM","2025-09-17T14:13:00Z","2025-09-18T05:22:00Z",320,0,320
"OJAI","SLLP","2025-09-17T12:07:00Z","2025-09-18T05:22:00Z",360,0,360
"EDDI","OPKC","2025-09-17T21:30:00Z","2025-09-18T05:24:00Z",320,0,320
"LKPR","OAKB","2025-09-17T22:25:00Z","2025-09-18T05:24:00Z",360,0,360
"OOMS","LATI","2025-09-17T22:12:00Z","2025-09-18T05:24:00Z",340,0,340
"SPIM","SBBR","2025-09-17T23:19:00Z","2025-09-18T05:24:00Z",340,0,340
"SCEL","OOMS","2025-09-17T09:46:00Z","2025-09-18T05:26:00Z",360,0,360
"UMMS","OERK","2025-09-17T23:58:00Z","2025-09-18T05:26:00Z",320,0,320
"UMMS","SEQM","2025-09-17T14:31:00Z","2025-09-18T05:26:00Z",340,0,340
"SCEL","OSDI","2025-09-17T11:45:00Z","2025-09-18T05:27:00Z",340,0,340
"OERK","SKBO","2025-09-17T11:22:00Z","2025-09-18T05:29:00Z",340,0,340
"OAKB","UMMS","2025-09-17T23:40:00Z","2025-09-18T05:30:00Z",320,0,320
"SLLP","OOMS","2025-09-17T09:30:00Z","2025-09-18T05:31:00Z",360,0,360
"VIDP","LATI","2025-09-17T21:43:00Z","2025-09-18T05:31:00Z",320,0,320
"LKPR","OPKC","2025-09-17T21:47:00Z","2025-09-18T05:32:00Z",360,0,360
"OYSN","SEQM","2025-09-17T11:39:00Z","2025-09-18T05:32:00Z",300,0,300
"SLLP","SVMI","2025-09-18T00:54:00Z","2025-09-18T05:32:00Z",320,0,320
"SUAA","SCEL","2025-09-18T02:55:00Z","2025-09-18T05:33:00Z",360,0,360
"OPKC","SKBO","2025-09-17T09:00:00Z","2025-09-18T05:35:00Z",320,0,320
"SABE","SPIM","2025-09-18T00:41:00Z","2025-09-18T05:35:00Z",300,0,300
"VIDP","EBCI","2025-09-17T19:26:00Z","2025-09-18T05:35:00Z",360,0,360
"OOMS","SUAA","2025-09-17T10:33:00Z","2025-09-18T05:36:00Z",320,0,320
"OSDI","OOMS","2025-09-18T00:34:00Z","2025-09-18T05:36:00Z",320,0,320
"SGAS","LBSF","2025-09-17T14:41:00Z","2025-09-18T05:36:00Z",320,0,320
"LKPR","SCEL","2025-09-17T12:04:00Z","2025-09-18T05:37:00Z",320,0,320
"LATI","EHAM","2025-09-18T01:32:00Z","2025-09-18T05:38:00Z",340,0,340
"SPIM","SCEL","2025-09-18T00:34:00Z","2025-09-18T05:38:00Z",300,0,300
"OERK","OJAI","2025-09-18T02:59:00Z","2025-09-18T05:39:00Z",320,0,320
"SUAA","OPKC","2025-09-17T09:30:00Z","2025-09-18T05:39:00Z",360,0,360
"OPKC","SCEL","2025-09-17T08:53:00Z","2025-09-18T05:40:00Z",300,0,300
"OYSN","EDDI","2025-09-17T21:27:00Z","2025-09-18T05:40:00Z",360,0,360
"EDDI","LBSF","2025-09-18T02:01:00Z","2025-09-18T05:42:00Z",360,0,360
"OAKB","EKCH","2025-09-17T21:32:00Z","2025-09-18T05:42:00Z",300,0,300
"OERK","LOWW","2025-09-17T23:59:00Z","2025-09-18T05:42:00Z",300,0,300
"SBBR","EHAM","2025-09-17T16:30:00Z","2025-09-18T05:43:00Z",320,0,320
"SBBR","OJAI","2025-09-17T15:59:00Z","2025-09-18T05:43:00Z",340,0,340
"SUAA","SPIM","2025-09-17T23:39:00Z","2025-09-18T05:43:00Z",300,0,300
"UBBB","VIDP","2025-09-18T00:12:00Z","2025-09-18T05:43:00Z",300,0,300
"VIDP","LOWW","2025-09-17T20:39:00Z","2025-09-18T05:43:00Z",340,0,340
"SCEL","SLLP","2025-09-18T01:21:00Z","2025-09-18T05:44:00Z",360,0,360
"EBCI","LBSF","2025-09-18T01:36:00Z","2025-09-18T05:45:00Z",340,0,340
"OYSN","EKCH","2025-09-17T21:11:00Z","2025-09-18T05:45:00Z",360,0,360
"EBCI","SGAS","2025-09-17T15:51:00Z","2025-09-18T05:46:00Z",300,0,300
"LOWW","EDDI","2025-09-18T03:09:00Z","2025-09-18T05:46:00Z",360,0,360
"UBBB","SKBO","2025-09-17T12:02:00Z","2025-09-18T05:46:00Z",300,0,300
"VIDP","UBBB","2025-09-18T00:15:00Z","2025-09-18T05:46:00Z",360,0,360
"LOWW","EBCI","2025-09-18T02:39:00Z","2025-09-18T05:47:00Z",320,0,320
"LOWW","UBBB","2025-09-18T00:13:00Z","2025-09-18T05:47:00Z",360,0,360
"SKBO","LKPR","2025-09-17T16:48:00Z","2025-09-18T05:47:00Z",360,0,360
"SEQM","SGAS","2025-09-17T23:18:00Z","2025-09-18T05:48:00Z",360,0,360
"LBSF","OOMS","2025-09-17T23:58:00Z","2025-09-18T05:49:00Z",340,0,340
"OMDB","LATI","2025-09-17T23:05:00Z","2025-09-18T05:49:00Z",340,0,340
"SVMI","EBCI","2025-09-17T18:06:00Z","2025-09-18T05:49:00Z",340,0,340
"LDZA","LBSF","2025-09-18T03:01:00Z","2025-09-18T05:50:00Z",320,0,320
"OMDB","UBBB","2025-09-18T01:40:00Z","2025-09-18T05:50:00Z",340,0,340
"SPIM","SEQM","2025-09-18T02:09:00Z","2025-09-18T05:50:00Z",320,0,320
"SGAS","EDDI","2025-09-17T14:07:00Z","2025-09-18T05:51:00Z",340,0,340
"SUAA","EHAM","2025-09-17T13:46:00Z","2025-09-18T05:51:00Z",300,0,300
"LKPR","OERK","2025-09-17T22:51:00Z","2025-09-18T05:52:00Z",360,0,360
"SGAS","SVMI","2025-09-17T22:50:00Z","2025-09-18T05:52:00Z",300,0,300
"UBBB","LKPR","2025-09-18T00:06:00Z","2025-09-18T05:52:00Z",360,0,360
"UBBB","SLLP","2025-09-17T10:53:00Z","2025-09-18T05:53:00Z",300,0,300
"LBSF","OERK","2025-09-18T00:14:00Z","2025-09-18T05:54:00Z",300,0,300
"SBBR","SEQM","2025-09-17T23:11:00Z","2025-09-18T05:57:00Z",300,0,300
"SABE","UBBB","2025-09-17T10:41:00Z","2025-09-18T05:59:00Z",360,0,360
"OOMS","OAKB","2025-09-18T02:58:00Z","2025-09-18T06:00:00Z",360,0,360
"SEQM","SVMI","2025-09-18T02:50:00Z","2025-09-18T06:00:00Z",320,0,320
"SGAS","SLLP","2025-09-18T03:06:00Z","2025-09-18T06:00:00Z",320,0,320
"UMMS","SBBR","2025-09-17T15:59:00Z","2025-09-18T06:01:00Z",340,0,340
"EBCI","LDZA","2025-09-18T03:43:00Z","2025-09-18T06:02:00Z",340,0,340
"EKCH","OERK","2025-09-17T23:28:00Z","2025-09-18T06:02:00Z",340,0,340
"OJAI","EHAM","2025-09-18T00:43:00Z","2025-09-18T06:02:00Z",360,0,360
"EDDI","LDZA","2025-09-18T03:03:00Z","2025-09-18T06:04:00Z",360,0,360
"OERK","LATI","2025-09-18T01:08:00Z","2025-09-18T06:04:00Z",300,0,300
"SABE","LKPR","2025-09-17T14:21:00Z","2025-09-18T06:04:00Z",340,0,340
"SGAS","UBBB","2025-09-17T12:31:00Z","2025-09-18T06:04:00Z",340,0,340
"EHAM","OMDB","2025-09-17T22:32:00Z","2025-09-18T06:05:00Z",340,0,340
"EBCI","OSDI","2025-09-18T00:03:00Z","2025-09-18T06:06:00Z",320,0,320
"LKPR","SPIM","2025-09-17T15:09:00Z","2025-09-18T06:06:00Z",300,0,300
"LOWW","SABE","2025-09-17T14:23:00Z","2025-09-18T06:06:00Z",320,0,320
"LBSF","OMDB","2025-09-18T00:44:00Z","2025-09-18T06:07:00Z",340,0,340
"SVMI","OSDI","2025-09-17T15:55:00Z","2025-09-18T06:07:00Z",340,0,340
"LBSF","SPIM","2025-09-17T14:24:00Z","2025-09-18T06:08:00Z",320,0,320
"OYSN","SVMI","2025-09-17T14:16:00Z","2025-09-18T06:08:00Z",320,0,320
"SGAS","OERK","2025-09-17T13:37:00Z","2025-09-18T06:08:00Z",340,0,340
"SUAA","SGAS","2025-09-18T03:55:00Z","2025-09-18T06:10:00Z",340,0,340
"LATI","OYSN","2025-09-18T00:28:00Z","2025-09-18T06:12:00Z",300,0,300
"SLLP","SPIM","2025-09-18T03:52:00Z","2025-09-18T06:12:00Z",340,0,340
"EHAM","SGAS","2025-09-17T15:08:00Z","2025-09-18T06:13:00Z",340,0,340
"LBSF","SKBO","2025-09-17T16:17:00Z","2025-09-18T06:13:00Z",300,0,300
"VIDP","OERK","2025-09-18T01:18:00Z","2025-09-18T06:13:00Z",360,0,360
"SGAS","EKCH","2025-09-17T15:22:00Z","2025-09-18T06:14:00Z",300,0,300
"SGAS","OSDI","2025-09-17T14:28:00Z","2025-09-18T06:14:00Z",340,0,340
"EBCI","OAKB","2025-09-17T22:23:00Z","2025-09-18T06:15:00Z",360,0,360
"SEQM","EDDI","2025-09-17T16:35:00Z","2025-09-18T06:15:00Z",340,0,340
"SEQM","OJAI","2025-09-17T13:57:00Z","2025-09-18T06:16:00Z",340,0,340
"UBBB","OPKC","2025-09-18T01:16:00Z","2025-09-18T06:16:00Z",340,0,340
"EDDI","OPKC","2025-09-17T22:23:00Z","2025-09-18T06:17:00Z",340,0,340
"LOWW","LKPR","2025-09-18T04:57:00Z","2025-09-18T06:17:00Z",300,0,300
"OJAI","SUAA","2025-09-17T13:16:00Z","2025-09-18T06:18:00Z",360,0,360
"UMMS","LOWW","2025-09-18T03:02:00Z","2025-09-18T06:18:00Z",340,0,340
"UMMS","LKPR","2025-09-18T03:02:00Z","2025-09-18T06:19:00Z",340,0,340
"OMDB","EKCH","2025-09-17T22:17:00Z","2025-09-18T06:21:00Z",300,0,300
"SUAA","LATI","2025-09-17T14:08:00Z","2025-09-18T06:22:00Z",340,0,340
"LOWW","SEQM","2025-09-17T16:26:00Z","2025-09-18T06:23:00Z",320,0,320
"UBBB","OMDB","2025-09-18T02:13:00Z","2025-09-18T06:23:00Z",360,0,360
"OERK","SLLP","2025-09-17T12:54:00Z","2025-09-18T06:24:00Z",320,0,320
"OOMS","SCEL","2025-09-17T10:44:00Z","2025-09-18T06:24:00Z",320,0,320
"SVMI","SGAS","2025-09-17T23:22:00Z","2025-09-18T06:24:00Z",320,0,320
"UMMS","SGAS","2025-09-17T14:27:00Z","2025-09-18T06:24:00Z",340,0,340
"OPKC","VIDP","2025-09-18T03:03:00Z","2025-09-18T06:25:00Z",340,0,340
"SKBO","LDZA","2025-09-17T16:14:00Z","2025-09-18T06:25:00Z",300,0,300
"EKCH","SVMI","2025-09-17T18:57:00Z","2025-09-18T06:26:00Z",340,0,340
"OPKC","EHAM","2025-09-17T21:46:00Z","2025-09-18T06:26:00Z",300,0,300
"UMMS","LATI","2025-09-18T03:34:00Z","2025-09-18T06:26:00Z",320,0,320
"VIDP","SEQM","2025-09-17T08:25:00Z","2025-09-18T06:26:00Z",360,0,360
"LKPR","SBBR","2025-09-17T17:41:00Z","2025-09-18T06:27:00Z",320,0,320
"SBBR","LKPR","2025-09-17T17:41:00Z","2025-09-18T06:27:00Z",300,0,300
"SKBO","SLLP","2025-09-18T02:33:00Z","2025-09-18T06:28:00Z",360,0,360
"OERK","SABE","2025-09-17T13:30:00Z","2025-09-18T06:29:00Z",360,0,360
"SPIM","VIDP","2025-09-17T07:23:00Z","2025-09-18T06:29:00Z",360,0,360
"LKPR","LOWW","2025-09-18T04:11:00Z","2025-09-18T06:31:00Z",360,0,360
"LOWW","OOMS","2025-09-17T23:43:00Z","2025-09-18T06:32:00Z",320,0,320
"SBBR","SKBO","2025-09-18T00:57:00Z","2025-09-18T06:32:00Z",360,0,360
"UBBB","SUAA","2025-09-17T11:26:00Z","2025-09-18T06:32:00Z",300,0,300
"OMDB","SABE","2025-09-17T11:30:00Z","2025-09-18T06:34:00Z",340,0,340
"SPIM","LBSF","2025-09-17T14:51:00Z","2025-09-18T06:35:00Z",340,0,340
"UMMS","LDZA","2025-09-18T03:02:00Z","2025-09-18T06:35:00Z",320,0,320
"UMMS","UBBB","2025-09-18T02:49:00Z","2025-09-18T06:35:00Z",340,0,340
"OAKB","SPIM","2025-09-17T09:44:00Z","2025-09-18T06:36:00Z",340,0,340
"SGAS","UMMS","2025-09-17T14:39:00Z","2025-09-18T06:36:00Z",320,0,320
"SABE","VIDP","2025-09-17T09:52:00Z","2025-09-18T06:37:00Z",300,0,300
"SEQM","LDZA","2025-09-17T16:38:00Z","2025-09-18T06:37:00Z",340,0,340
"OAKB","SABE","2025-09-17T09:33:00Z","2025-09-18T06:39:00Z",320,0,320
"OERK","LBSF","2025-09-18T01:59:00Z","2025-09-18T06:39:00Z",340,0,340
"OPKC","UBBB","2025-09-18T01:39:00Z","2025-09-18T06:39:00Z",300,0,300
"VIDP","SABE","2025-09-17T09:54:00Z","2025-09-18T06:39:00Z",300,0,300
"EDDI","SKBO","2025-09-17T17:47:00Z","2025-09-18T06:40:00Z",340,0,340
"OPKC","SABE","2025-09-17T10:17:00Z","2025-09-18T06:40:00Z",360,0,360
"EBCI","OOMS","2025-09-17T22:44:00Z","2025-09-18T06:41:00Z",360,0,360
"LKPR","SABE","2025-09-17T14:58:00Z","2025-09-18T06:41:00Z",320,0,320
"OSDI","LOWW","2025-09-18T02:43:00Z","2025-09-18T06:41:00Z",300,0,300
"SLLP","OOMS","2025-09-17T10:40:00Z","2025-09-18T06:41:00Z",300,0,300
"SVMI","LATI","2025-09-17T17:32:00Z","2025-09-18T06:41:00Z",320,0,320
"OAKB","LBSF","2025-09-17T23:35:00Z","2025-09-18T06:42:00Z",320,0,320
"VIDP","EKCH","2025-09-17T21:18:00Z","2025-09-18T06:44:00Z",300,0,300
"LDZA","SUAA","2025-09-17T14:26:00Z","2025-09-18T06:45:00Z",360,0,360
"OJAI","LBSF","2025-09-18T02:43:00Z","2025-09-18T06:45:00Z",360,0,360
"SUAA","EBCI","2025-09-17T15:52:00Z","2025-09-18T06:45:00Z",360,0,360
"EHAM","SCEL","2025-09-17T14:51:00Z","2025-09-18T06:46:00Z",360,0,360
"OYSN","SLLP","2025-09-17T12:43:00Z","2025-09-18T06:46:00Z",300,0,300
"OAKB","OYSN","2025-09-18T00:42:00Z","2025-09-18T06:49:00Z",320,0,320
"OPKC","OJAI","2025-09-18T00:45:00Z","2025-09-18T06:49:00Z",300,0,300
"UBBB","SCEL","2025-09-17T10:20:00Z","2025-09-18T06:49:00Z",300,0,300
"LATI","SUAA","2025-09-17T14:36:00Z","2025-09-18T06:50:00Z",300,0,300
"SEQM","OYSN","2025-09-17T12:58:00Z","2025-09-18T06:51:00Z",340,0,340
"LKPR","VIDP","2025-09-17T21:37:00Z","2025-09-18T06:52:00Z",340,0,340
"SKBO","OPKC","2025-09-17T10:17:00Z","2025-09-18T06:52:00Z",360,0,360
"OMDB","LOWW","2025-09-17T23:34:00Z","2025-09-18T06:55:00Z",300,0,300
"OPKC","LBSF","2025-09-17T23:16:00Z","2025-09-18T06:55:00Z",300,0,300
"SCEL","OERK","2025-09-17T11:36:00Z","2025-09-18T06:55:00Z",360,0,360
"SVMI","OJAI","2025-09-17T15:46:00Z","2025-09-18T06:56:00Z",300,0,300
"OSDI","SABE","2025-09-17T13:29:00Z","2025-09-18T06:58:00Z",320,0,320
"SEQM","OSDI","2025-09-17T13:36:00Z","2025-09-18T06:58:00Z",300,0,300
"SABE","OAKB","2025-09-17T09:53:00Z","2025-09-18T06:59:00Z",320,0,320
"SCEL","OMDB","2025-09-17T10:33:00Z","2025-09-18T06:59:00Z",320,0,320
"OMDB","SBBR","2025-09-17T15:03:00Z","2025-09-18T07:00:00Z",340,0,340
"SABE","OPKC","2025-09-17T11:37:00Z","2025-09-18T07:00:00Z",300,0,300
"SBBR","SLLP","2025-09-18T03:10:00Z","2025-09-18T07:00:00Z",360,0,360
"SEQM","OPKC","2025-09-17T10:38:00Z","2025-09-18T07:00:00Z",360,0,360
"SGAS","SCEL","2025-09-18T04:04:00Z","2025-09-18T07:00:00Z",360,0,360
"SVMI","LDZA","2025-09-17T19:12:00Z","2025-09-18T07:00:00Z",340,0,340
"SKBO","SPIM","2025-09-18T03:45:00Z","2025-09-18T07:01:00Z",340,0,340
"LDZA","OJAI","2025-09-18T03:11:00Z","2025-09-18T07:02:00Z",300,0,300
"LKPR","SVMI","2025-09-17T19:25:00Z","2025-09-18T07:02:00Z",300,0,300
"SCEL","OJAI","2025-09-17T13:34:00Z","2025-09-18T07:02:00Z",300,0,300
"EBCI","SGAS","2025-09-17T17:08:00Z","2025-09-18T07:03:00Z",300,0,300
"OAKB","LKPR","2025-09-18T00:04:00Z","2025-09-18T07:03:00Z",340,0,340
"SBBR","EKCH","2025-09-17T17:04:00Z","2025-09-18T07:04:00Z",320,0,320
"LKPR","OPKC","2025-09-17T23:20:00Z","2025-09-18T07:05:00Z",300,0,300
"LOWW","SBBR","2025-09-17T18:19:00Z","2025-09-18T07:05:00Z",320,0,320
"EKCH","LDZA","2025-09-18T04:40:00Z","2025-09-18T07:06:00Z",320,0,320
"EKCH","UBBB","2025-09-18T01:01:00Z","2025-09-18T07:06:00Z",300,0,300
"LOWW","SKBO","2025-09-17T17:56:00Z","2025-09-18T07:06:00Z",360,0,360
"LATI","LKPR","2025-09-18T04:46:00Z","2025-09-18T07:07:00Z",320,0,320
"OMDB","SPIM","2025-09-17T11:32:00Z","2025-09-18T07:07:00Z",320,0,320
"SLLP","LBSF","2025-09-17T15:57:00Z","2025-09-18T07:07:00Z",340,0,340
"OOMS","EDDI","2025-09-17T23:52:00Z","2025-09-18T07:08:00Z",300,0,300
"OJAI","SGAS","2025-09-17T15:35:00Z","2025-09-18T07:09:00Z",300,0,300
"OYSN","SBBR","2025-09-17T16:55:00Z","2025-09-18T07:10:00Z",360,0,360
"EKCH","SKBO","2025-09-17T18:23:00Z","2025-09-18T07:11:00Z",360,0,360
"SGAS","OJAI","2025-09-17T15:37:00Z","2025-09-18T07:11:00Z",360,0,360
"SLLP","SCEL","2025-09-18T03:48:00Z","2025-09-18T07:11:00Z",320,0,320
"OAKB","OJAI","2025-09-18T01:12:00Z","2025-09-18T07:12:00Z",340,0,340
"SPIM","LDZA","2025-09-17T15:11:00Z","2025-09-18T07:15:00Z",360,0,360
"VIDP","LDZA","2025-09-17T22:11:00Z","2025-09-18T07:15:00Z",320,0,320
"EKCH","OAKB","2025-09-17T23:06:00Z","2025-09-18T07:16:00Z",300,0,300
"OMDB","SGAS","2025-09-17T13:37:00Z","2025-09-18T07:16:00Z",360,0,360
"LATI","LDZA","2025-09-18T05:39:00Z","2025-09-18T07:17:00Z",360,0,360
"SKBO","OJAI","2025-09-17T15:44:00Z","2025-09-18T07:17:00Z",300,0,300
"LOWW","OMDB","2025-09-18T00:57:00Z","2025-09-18T07:18:00Z",340,0,340
"SLLP","OYSN","2025-09-17T13:15:00Z","2025-09-18T07:18:00Z",340,0,340
"SUAA","OJAI","2025-09-17T14:16:00Z","2025-09-18T07:18:00Z",300,0,300
"UMMS","SCEL","2025-09-17T13:28:00Z","2025-09-18T07:18:00Z",360,0,360
"OAKB","UBBB","2025-09-18T03:03:00Z","2025-09-18T07:19:00Z",340,0,340
"SUAA","VIDP","2025-09-17T10:47:00Z","2025-09-18T07:19:00Z",300,0,300
"SVMI","OMDB","2025-09-17T14:33:00Z","2025-09-18T07:19:00Z",320,0,320
"EBCI","OMDB","2025-09-17T23:51:00Z","2025-09-18T07:20:00Z",360,0,360
"EDDI","OOMS","2025-09-17T23:05:00Z","2025-09-18T07:21:00Z",300,0,300
"OPKC","OSDI","2025-09-18T02:22:00Z","2025-09-18T07:21:00Z",360,0,360
"OJAI","OYSN","2025-09-18T03:51:00Z","2025-09-18T07:22:00Z",340,0,340
"EBCI","LATI","2025-09-18T04:28:00Z","2025-09-18T07:23:00Z",340,0,340
"EHAM","UBBB","2025-09-18T01:42:00Z","2025-09-18T07:23:00Z",300,0,300
"OMDB","EBCI","2025-09-17T23:54:00Z","2025-09-18T07:23:00Z",320,0,320
"SBBR","OOMS","2025-09-17T14:06:00Z","2025-09-18T07:23:00Z",300,0,300
"SPIM","UMMS","2025-09-17T14:12:00Z","2025-09-18T07:23:00Z",320,0,320
"VIDP","LBSF","2025-09-17T23:01:00Z","2025-09-18T07:23:00Z",360,0,360
"SUAA","LBSF","2025-09-17T15:44:00Z","2025-09-18T07:24:00Z",340,0,340
"EBCI","UBBB","2025-09-18T01:45:00Z","2025-09-18T07:25:00Z",360,0,360
"LKPR","SGAS","2025-09-17T16:45:00Z","2025-09-18T07:25:00Z",300,0,300
"OPKC","LDZA","2025-09-17T23:59:00Z","2025-09-18T07:25:00Z",300,0,300
"VIDP","OYSN","2025-09-18T01:47:00Z","2025-09-18T07:25:00Z",340,0,340
"EKCH","SLLP","2025-09-17T16:48:00Z","2025-09-18T07:26:00Z",340,0,340
"LATI","SKBO","2025-09-17T17:54:00Z","2025-09-18T07:26:00Z",360,0,360
"SPIM","OYSN","2025-09-17T12:16:00Z","2025-09-18T07:26:00Z",300,0,300
"VIDP","UBBB","2025-09-18T02:55:00Z","2025-09-18T07:26:00Z",300,0,300
"LATI","SEQM","2025-09-17T16:08:00Z","2025-09-18T07:27:00Z",340,0,340
"OPKC","SUAA","2025-09-17T11:18:00Z","2025-09-18T07:27:00Z",340,0,340
"OYSN","UBBB","2025-09-18T02:53:00Z","2025-09-18T07:27:00Z",340,0,340
"VIDP","SCEL","2025-09-17T08:18:00Z","2025-09-18T07:27:00Z",360,0,360
"OSDI","SEQM","2025-09-17T14:06:00Z","2025-09-18T07:28:00Z",300,0,300
"SGAS","SKBO","2025-09-18T01:48:00Z","2025-09-18T07:28:00Z",340,0,340
"SLLP","LDZA","2025-09-17T16:53:00Z","2025-09-18T07:28:00Z",320,0,320
"EBCI","EHAM","2025-09-18T05:13:00Z","2025-09-18T07:29:00Z",340,0,340
"LATI","EKCH","2025-09-18T03:26:00Z","2025-09-18T07:29:00Z",340,0,340
"SKBO","SCEL","2025-09-18T00:18:00Z","2025-09-18T07:30:00Z",320,0,320
"SLLP","SABE","2025-09-18T03:42:00Z","2025-09-18T07:30:00Z",340,0,340
"LATI","UBBB","2025-09-18T02:14:00Z","2025-09-18T07:31:00Z",360,0,360
"SCEL","UMMS","2025-09-17T13:41:00Z","2025-09-18T07:31:00Z",360,0,360
"SVMI","SBBR","2025-09-18T01:09:00Z","2025-09-18T07:31:00Z",320,0,320
"UBBB","OOMS","2025-09-18T03:58:00Z","2025-09-18T07:31:00Z",360,0,360
"SVMI","SLLP","2025-09-18T02:55:00Z","2025-09-18T07:33:00Z",300,0,300
"OSDI","EBCI","2025-09-18T01:32:00Z","2025-09-18T07:35:00Z",320,0,320
"SPIM","EDDI","2025-09-17T16:41:00Z","2025-09-18T07:35:00Z",320,0,320
"SBBR","OAKB","2025-09-17T13:51:00Z","2025-09-18T07:36:00Z",300,0,300
"SCEL","LKPR","2025-09-17T14:04:00Z","2025-09-18T07:37:00Z",360,0,360
"SBBR","OERK","2025-09-17T16:50:00Z","2025-09-18T07:38:00Z",320,0,320
"SGAS","LKPR","2025-09-17T16:58:00Z","2025-09-18T07:38:00Z",360,0,360
"SKBO","EBCI","2025-09-17T18:33:00Z","2025-09-18T07:38:00Z",360,0,360
"LDZA","OMDB","2025-09-18T00:27:00Z","2025-09-18T07:39:00Z",300,0,300
"OERK","SVMI","2025-09-17T15:54:00Z","2025-09-18T07:39:00Z",320,0,320
"SGAS","OOMS","2025-09-17T13:42:00Z","2025-09-18T07:39:00Z",360,0,360
"UBBB","SEQM","2025-09-17T13:08:00Z","2025-09-18T07:39:00Z",340,0,340
"SEQM","UBBB","2025-09-17T13:09:00Z","2025-09-18T07:40:00Z",360,0,360
"SUAA","OOMS","2025-09-17T12:37:00Z","2025-09-18T07:40:00Z",320,0,320
"LOWW","UMMS","2025-09-18T04:25:00Z","2025-09-18T07:41:00Z",300,0,300
"SKBO","EDDI","2025-09-17T18:48:00Z","2025-09-18T07:41:00Z",320,0,320
"UMMS","EKCH","2025-09-18T04:21:00Z","2025-09-18T07:41:00Z",320,0,320
"LKPR","EBCI","2025-09-18T05:49:00Z","2025-09-18T07:42:00Z",300,0,300
"SEQM","OOMS","2025-09-17T11:19:00Z","2025-09-18T07:42:00Z",300,0,300
"VIDP","OOMS","2025-09-18T03:14:00Z","2025-09-18T07:43:00Z",340,0,340
"OSDI","OPKC","2025-09-18T02:45:00Z","2025-09-18T07:44:00Z",300,0,300
"SPIM","SGAS","2025-09-18T02:32:00Z","2025-09-18T07:44:00Z",360,0,360
"SUAA","LDZA","2025-09-17T15:25:00Z","2025-09-18T07:44:00Z",340,0,340
"UMMS","VIDP","2025-09-17T23:39:00Z","2025-09-18T07:45:00Z",340,0,340
"SGAS","SBBR","2025-09-18T04:51:00Z","2025-09-18T07:46:00Z",300,0,300
"VIDP","SUAA","2025-09-17T10:15:00Z","2025-09-18T07:47:00Z",360,0,360
"OSDI","EDDI","2025-09-18T02:17:00Z","2025-09-18T07:48:00Z",320,0,320
"LBSF","OPKC","2025-09-18T00:10:00Z","2025-09-18T07:49:00Z",340,0,340
"SBBR","LDZA","2025-09-17T18:15:00Z","2025-09-18T07:49:00Z",360,0,360
"EHAM","SKBO","2025-09-17T18:44:00Z","2025-09-18T07:51:00Z",300,0,300
"LDZA","LATI","2025-09-18T05:13:00Z","2025-09-18T07:51:00Z",320,0,320
"OAKB","SCEL","2025-09-17T09:26:00Z","2025-09-18T07:51:00Z",320,0,320
"OJAI","EKCH","2025-09-18T01:48:00Z","2025-09-18T07:51:00Z",300,0,300
"SEQM","SPIM","2025-09-18T04:10:00Z","2025-09-18T07:51:00Z",340,0,340
"SPIM","OJAI","2025-09-17T13:47:00Z","2025-09-18T07:51:00Z",360,0,360
"VIDP","SLLP","2025-09-17T09:31:00Z","2025-09-18T07:52:00Z",340,0,340
"EHAM","OJAI","2025-09-18T01:34:00Z","2025-09-18T07:53:00Z",300,0,300
"SPIM","OAKB","2025-09-17T10:01:00Z","2025-09-18T07:53:00Z",360,0,360
"SVMI","OYSN","2025-09-17T15:01:00Z","2025-09-18T07:53:00Z",360,0,360
"EBCI","SLLP","2025-09-17T17:09:00Z","2025-09-18T07:54:00Z",320,0,320
"SCEL","LDZA","2025-09-17T14:31:00Z","2025-09-18T07:55:00Z",320,0,320
"LBSF","SPIM","2025-09-17T15:12:00Z","2025-09-18T07:56:00Z",300,0,300
"EDDI","SABE","2025-09-17T15:08:00Z","2025-09-18T07:57:00Z",320,0,320
"OYSN","LOWW","2025-09-18T00:19:00Z","2025-09-18T07:57:00Z",340,0,340
"SKBO","SBBR","2025-09-18T01:22:00Z","2025-09-18T07:57:00Z",360,0,360
"EBCI","UMMS","2025-09-18T03:51:00Z","2025-09-18T07:58:00Z",300,0,300
"EDDI","SBBR","2025-09-17T18:08:00Z","2025-09-18T07:58:00Z",300,0,300
"LKPR","LATI","2025-09-18T04:37:00Z","2025-09-18T07:58:00Z",360,0,360
"SKBO","VIDP","2025-09-17T10:44:00Z","2025-09-18T07:58:00Z",320,0,320
"SCEL","OPKC","2025-09-17T10:12:00Z","2025-09-18T07:59:00Z",340,0,340
"SEQM","LOWW","2025-09-17T17:02:00Z","2025-09-18T07:59:00Z",340,0,340
"EHAM","SCEL","2025-09-17T16:05:00Z","2025-09-18T08:00:00Z",300,0,300
"LATI","UMMS","2025-09-18T05:08:00Z","2025-09-18T08:00:00Z",360,0,360
"OJAI","SKBO","2025-09-17T16:27:00Z","2025-09-18T08:00:00Z",360,0,360
"UMMS","OJAI","2025-09-18T03:51:00Z","2025-09-18T08:00:00Z",300,0,300
"OYSN","EBCI","2025-09-18T00:22:00Z","2025-09-18T08:01:00Z",300,0,300
"LDZA","OPKC","2025-09-18T00:36:00Z","2025-09-18T08:02:00Z",360,0,360
"UMMS","SKBO","2025-09-17T17:54:00Z","2025-09-18T08:02:00Z",360,0,360
"OJAI","OERK","2025-09-18T05:23:00Z","2025-09-18T08:03:00Z",320,0,320
"OOMS","SLLP","2025-09-17T12:02:00Z","2025-09-18T08:03:00Z",360,0,360
"SGAS","LOWW","2025-09-17T17:22:00Z","2025-09-18T08:03:00Z",340,0,340
"SEQM","SPIM","2025-09-18T05:23:00Z","2025-09-18T08:04:00Z",300,0,300
"UBBB","LDZA","2025-09-18T03:33:00Z","2025-09-18T08:05:00Z",300,0,300
"EBCI","OJAI","2025-09-18T02:55:00Z","2025-09-18T08:06:00Z",340,0,340
"EHAM","EBCI","2025-09-18T06:50:00Z","2025-09-18T08:06:00Z",340,0,340
"EHAM","OPKC","2025-09-17T23:27:00Z","2025-09-18T08:07:00Z",300,0,300
"OSDI","LOWW","2025-09-18T04:09:00Z","2025-09-18T08:07:00Z",360,0,360
"OSDI","UMMS","2025-09-18T04:13:00Z","2025-09-18T08:07:00Z",340,0,340
"OAKB","OERK","2025-09-18T03:01:00Z","2025-09-18T08:08:00Z",340,0,340
"OERK","EHAM","2025-09-18T01:13:00Z","2025-09-18T08:08:00Z",320,0,320
"SBBR","SCEL","2025-09-18T03:17:00Z","2025-09-18T08:08:00Z",340,0,340
"SLLP","OPKC","2025-09-17T11:57:00Z","2025-09-18T08:08:00Z",300,0,300
"OAKB","OSDI","2025-09-18T03:19:00Z","2025-09-18T08:09:00Z",340,0,340
"SLLP","OAKB","2025-09-17T11:55:00Z","2025-09-18T08:09:00Z",340,0,340
"VIDP","LKPR","2025-09-17T23:54:00Z","2025-09-18T08:09:00Z",360,0,360
"OERK","OMDB","2025-09-18T05:01:00Z","2025-09-18T08:10:00Z",340,0,340
"SKBO","EKCH","2025-09-17T19:22:00Z","2025-09-18T08:10:00Z",340,0,340
"LBSF","SUAA","2025-09-17T16:31:00Z","2025-09-18T08:11:00Z",300,0,300
"OAKB","UMMS","2025-09-18T02:21:00Z","2025-09-18T08:11:00Z",360,0,360
"LBSF","OJAI","2025-09-18T04:10:00Z","2025-09-18T08:12:00Z",360,0,360
"SGAS","SABE","2025-09-18T05:57:00Z","2025-09-18T08:12:00Z",360,0,360
"LDZA","EHAM","2025-09-18T05:45:00Z","2025-09-18T08:13:00Z",320,0,320
"SGAS","SPIM","2025-09-18T03:01:00Z","2025-09-18T08:13:00Z",340,0,340
"LBSF","SBBR","2025-09-17T18:14:00Z","2025-09-18T08:14:00Z",320,0,320
"SABE","OERK","2025-09-17T15:16:00Z","2025-09-18T08:15:00Z",340,0,340
"SVMI","OOMS","2025-09-17T14:01:00Z","2025-09-18T08:15:00Z",320,0,320
"EBCI","LOWW","2025-09-18T05:10:00Z","2025-09-18T08:18:00Z",320,0,320
"OSDI","OJAI","2025-09-18T06:00:00Z","2025-09-18T08:18:00Z",360,0,360
"LBSF","OSDI","2025-09-18T05:25:00Z","2025-09-18T08:19:00Z",320,0,320
"LOWW","OJAI","2025-09-18T03:12:00Z","2025-09-18T08:19:00Z",320,0,320
"UBBB","EDDI","2025-09-18T03:25:00Z","2025-09-18T08:19:00Z",340,0,340
"VIDP","OMDB","2025-09-18T04:33:00Z","2025-09-18T08:19:00Z",320,0,320
"SPIM","LATI","2025-09-17T16:01:00Z","2025-09-18T08:20:00Z",360,0,360
"EHAM","LDZA","2025-09-18T05:54:00Z","2025-09-18T08:22:00Z",360,0,360
"OYSN","OSDI","2025-09-18T04:40:00Z","2025-09-18T08:22:00Z",360,0,360
"OAKB","OMDB","2025-09-18T04:17:00Z","2025-09-18T08:23:00Z",360,0,360
"OYSN","UBBB","2025-09-18T03:49:00Z","2025-09-18T08:23:00Z",360,0,360
"SABE","SBBR","2025-09-18T04:24:00Z","2025-09-18T08:23:00Z",320,0,320
"EKCH","OSDI","2025-09-18T03:32:00Z","2025-09-18T08:24:00Z",300,0,300
"SGAS","OYSN","2025-09-17T16:34:00Z","2025-09-18T08:24:00Z",320,0,320
"UBBB","SABE","2025-09-17T13:06:00Z","2025-09-18T08:24:00Z",360,0,360
"UMMS","EDDI","2025-09-18T05:08:00Z","2025-09-18T08:24:00Z",300,0,300
"LKPR","SEQM","2025-09-17T18:39:00Z","2025-09-18T08:25:00Z",360,0,360
"SABE","SGAS","2025-09-18T05:10:00Z","2025-09-18T08:25:00Z",340,0,340
"EHAM","EKCH","2025-09-18T06:39:00Z","2025-09-18T08:26:00Z",340,0,340
"LATI","OPKC","2025-09-18T00:23:00Z","2025-09-18T08:26:00Z",300,0,300
"LOWW","SUAA","2025-09-17T16:52:00Z","2025-09-18T08:26:00Z",320,0,320
"VIDP","EHAM","2025-09-17T22:19:00Z","2025-09-18T08:26:00Z",300,0,300
"LDZA","OERK","2025-09-18T02:59:00Z","2025-09-18T08:28:00Z",320,0,320
"OSDI","SVMI","2025-09-17T17:16:00Z","2025-09-18T08:28:00Z",360,0,360
"SBBR","LDZA","2025-09-17T19:54:00Z","2025-09-18T08:28:00Z",320,0,320
"VIDP","OPKC","2025-09-18T05:06:00Z","2025-09-18T08:28:00Z",340,0,340
"EDDI","LKPR","2025-09-18T06:12:00Z","2025-09-18T08:29:00Z",320,0,320
"SABE","EDDI","2025-09-17T16:40:00Z","2025-09-18T08:29:00Z",320,0,320
"SPIM","OSDI","2025-09-17T14:18:00Z","2025-09-18T08:29:00Z",300,0,300
"SABE","EKCH","2025-09-17T16:31:00Z","2025-09-18T08:30:00Z",360,0,360
"SLLP","EHAM","2025-09-17T18:39:00Z","2025-09-18T08:31:00Z",340,0,340
"SABE","SKBO","2025-09-18T01:50:00Z","2025-09-18T08:33:00Z",320,0,320
"OOMS","SABE","2025-09-17T13:17:00Z","2025-09-18T08:34:00Z",300,0,300
"SGAS","SUAA","2025-09-18T05:19:00Z","2025-09-18T08:34:00Z",320,0,320
"LKPR","LBSF","2025-09-18T05:10:00Z","2025-09-18T08:35:00Z",360,0,360
"OYSN","LBSF","2025-09-18T02:03:00Z","2025-09-18T08:35:00Z",340,0,340
"EKCH","OMDB","2025-09-18T00:32:00Z","2025-09-18T08:36:00Z",300,0,300
"EDDI","OMDB","2025-09-18T01:50:00Z","2025-09-18T08:39:00Z",300,0,300
"SEQM","OAKB","2025-09-17T12:54:00Z","2025-09-18T08:39:00Z",340,0,340
"SPIM","SLLP","2025-09-18T05:21:00Z","2025-09-18T08:41:00Z",300,0,300
"LKPR","EKCH","2025-09-18T06:59:00Z","2025-09-18T08:42:00Z",360,0,360
"LOWW","SLLP","2025-09-17T17:01:00Z","2025-09-18T08:42:00Z",360,0,360
"OSDI","OYSN","2025-09-18T04:00:00Z","2025-09-18T08:42:00Z",360,0,360
"SVMI","SUAA","2025-09-18T00:25:00Z","2025-09-18T08:42:00Z",340,0,340
"UBBB","OOMS","2025-09-18T04:09:00Z","2025-09-18T08:42:00Z",300,0,300
"SEQM","SABE","2025-09-18T01:18:00Z","2025-09-18T08:43:00Z",320,0,320
"EDDI","LOWW","2025-09-18T06:07:00Z","2025-09-18T08:44:00Z",360,0,360
"LDZA","SGAS","2025-09-17T17:16:00Z","2025-09-18T08:45:00Z",360,0,360
"OYSN","LKPR","2025-09-18T01:48:00Z","2025-09-18T08:45:00Z",360,0,360
"OERK","UMMS","2025-09-18T02:18:00Z","2025-09-18T08:46:00Z",360,0,360
"LBSF","EDDI","2025-09-18T05:06:00Z","2025-09-18T08:47:00Z",320,0,320
"SEQM","SBBR","2025-09-18T02:02:00Z","2025-09-18T08:48:00Z",320,0,320
"SGAS","SLLP","2025-09-18T05:54:00Z","2025-09-18T08:48:00Z",320,0,320
"EDDI","EBCI","2025-09-18T06:59:00Z","2025-09-18T08:49:00Z",300,0,300
"OSDI","SUAA","2025-09-17T15:33:00Z","2025-09-18T08:49:00Z",320,0,320
"SCEL","EBCI","2025-09-17T16:03:00Z","2025-09-18T08:49:00Z",360,0,360
"SKBO","OSDI","2025-09-17T16:13:00Z","2025-09-18T08:49:00Z",320,0,320
"LATI","LBSF","2025-09-18T06:24:00Z","2025-09-18T08:50:00Z",320,0,320
"SGAS","EKCH","2025-09-17T17:58:00Z","2025-09-18T08:50:00Z",320,0,320
"SVMI","OSDI","2025-09-17T17:38:00Z","2025-09-18T08:50:00Z",360,0,360
"EKCH","OJAI","2025-09-18T02:48:00Z","2025-09-18T08:51:00Z",300,0,300
"SCEL","OOMS","2025-09-17T12:11:00Z","2025-09-18T08:51:00Z",340,0,340
"SUAA","OMDB","2025-09-17T14:01:00Z","2025-09-18T08:51:00Z",360,0,360
"UBBB","LOWW","2025-09-18T03:17:00Z","2025-09-18T08:51:00Z",320,0,320
"UBBB","UMMS","2025-09-18T04:05:00Z","2025-09-18T08:51:00Z",300,0,300
"SPIM","EDDI","2025-09-17T17:58:00Z","2025-09-18T08:52:00Z",320,0,320
"OYSN","OERK","2025-09-18T05:36:00Z","2025-09-18T08:53:00Z",320,0,320
"SBBR","UMMS","2025-09-17T17:51:00Z","2025-09-18T08:53:00Z",340,0,340
"OPKC","LOWW","2025-09-18T00:23:00Z","2025-09-18T08:54:00Z",340,0,340
"SPIM","SEQM","2025-09-18T05:13:00Z","2025-09-18T08:54:00Z",320,0,320
"SVMI","LBSF","2025-09-17T19:21:00Z","2025-09-18T08:54:00Z",300,0,300
"SABE","SEQM","2025-09-18T01:30:00Z","2025-09-18T08:55:00Z",360,0,360
"SBBR","SGAS","2025-09-18T05:00:00Z","2025-09-18T08:55:00Z",320,0,320
"SLLP","OJAI","2025-09-17T15:40:00Z","2025-09-18T08:55:00Z",320,0,320
"UBBB","EKCH","2025-09-18T02:50:00Z","2025-09-18T08:55:00Z",320,0,320
"LATI","SPIM","2025-09-17T16:37:00Z","2025-09-18T08:56:00Z",360,0,360
"SPIM","OAKB","2025-09-17T11:04:00Z","2025-09-18T08:56:00Z",320,0,320
"OSDI","UBBB","2025-09-18T05:06:00Z","2025-09-18T08:57:00Z",320,0,320
"SVMI","UBBB","2025-09-17T16:36:00Z","2025-09-18T08:57:00Z",340,0,340
"EBCI","UMMS","2025-09-18T04:51:00Z","2025-09-18T08:58:00Z",320,0,320
"EKCH","SABE","2025-09-17T16:59:00Z","2025-09-18T08:58:00Z",300,0,300
"OERK","SCEL","2025-09-17T13:39:00Z","2025-09-18T08:58:00Z",320,0,320
"SEQM","EHAM","2025-09-17T19:04:00Z","2025-09-18T08:58:00Z",360,0,360
"LKPR","UBBB","2025-09-18T04:14:00Z","2025-09-18T09:00:00Z",320,0,320
"SUAA","SABE","2025-09-18T07:47:00Z","2025-09-18T09:00:00Z",320,0,320
"OYSN","SGAS","2025-09-17T17:11:00Z","2025-09-18T09:01:00Z",300,0,300
"EDDI","UBBB","2025-09-18T04:08:00Z","2025-09-18T09:02:00Z",320,0,320
"LBSF","LDZA","2025-09-18T07:13:00Z","2025-09-18T09:02:00Z",360,0,360
"SUAA","SVMI","2025-09-18T01:45:00Z","2025-09-18T09:02:00Z",320,0,320
"EBCI","LKPR","2025-09-18T07:10:00Z","2025-09-18T09:03:00Z",300,0,300
"EBCI","SVMI","2025-09-17T22:21:00Z","2025-09-18T09:04:00Z",300,0,300
"OPKC","SLLP","2025-09-17T12:53:00Z","2025-09-18T09:04:00Z",360,0,360
"LKPR","OMDB","2025-09-18T02:29:00Z","2025-09-18T09:06:00Z",360,0,360
"LKPR","VIDP","2025-09-18T00:51:00Z","2025-09-18T09:06:00Z",360,0,360
"OPKC","SKBO","2025-09-17T13:31:00Z","2025-09-18T09:06:00Z",360,0,360
"EDDI","SGAS","2025-09-17T18:23:00Z","2025-09-18T09:07:00Z",300,0,300
"OPKC","LATI","2025-09-18T01:04:00Z","2025-09-18T09:07:00Z",300,0,300
"SUAA","LKPR","2025-09-17T17:32:00Z","2025-09-18T09:07:00Z",320,0,320
"SUAA","SEQM","2025-09-18T02:35:00Z","2025-09-18T09:08:00Z",300,0,300
"SVMI","EKCH","2025-09-17T21:39:00Z","2025-09-18T09:08:00Z",300,0,300
"SLLP","LOWW","2025-09-17T18:28:00Z","2025-09-18T09:09:00Z",360,0,360
"OMDB","EHAM","2025-09-18T01:37:00Z","2025-09-18T09:10:00Z",300,0,300
"LOWW","SGAS","2025-09-17T18:30:00Z","2025-09-18T09:11:00Z",360,0,360
"OPKC","SGAS","2025-09-17T13:05:00Z","2025-09-18T09:11:00Z",340,0,340
"SBBR","OYSN","2025-09-17T18:56:00Z","2025-09-18T09:11:00Z",340,0,340
"UBBB","OMDB","2025-09-18T05:01:00Z","2025-09-18T09:11:00Z",300,0,300
"EKCH","EHAM","2025-09-18T07:25:00Z","2025-09-18T09:12:00Z",360,0,360
"OERK","EBCI","2025-09-18T02:23:00Z","2025-09-18T09:12:00Z",360,0,360
"SEQM","SCEL","2025-09-18T03:28:00Z","2025-09-18T09:12:00Z",360,0,360
"SKBO","LATI","2025-09-17T19:40:00Z","2025-09-18T09:12:00Z",300,0,300
"VIDP","OSDI","2025-09-18T03:15:00Z","2025-09-18T09:12:00Z",340,0,340
"EDDI","SUAA","2025-09-17T17:33:00Z","2025-09-18T09:13:00Z",360,0,360
"OERK","EKCH","2025-09-18T02:39:00Z","2025-09-18T09:13:00Z",340,0,340
"OMDB","LOWW","2025-09-18T02:52:00Z","2025-09-18T09:13:00Z",360,0,360
"SABE","EBCI","2025-09-17T17:12:00Z","2025-09-18T09:13:00Z",320,0,320
"EDDI","SLLP","2025-09-17T18:40:00Z","2025-09-18T09:15:00Z",300,0,300
"EKCH","SUAA","2025-09-17T17:24:00Z","2025-09-18T09:15:00Z",320,0,320
"OAKB","VIDP","2025-09-18T06:59:00Z","2025-09-18T09:15:00Z",300,0,300
"OMDB","OERK","2025-09-18T06:06:00Z","2025-09-18T09:15:00Z",300,0,300
"SVMI","EBCI","2025-09-17T22:32:00Z","2025-09-18T09:15:00Z",340,0,340
"OMDB","SVMI","2025-09-17T16:31:00Z","2025-09-18T09:17:00Z",340,0,340
"EBCI","OYSN","2025-09-18T01:39:00Z","2025-09-18T09:18:00Z",300,0,300
"EDDI","SEQM","2025-09-17T19:38:00Z","2025-09-18T09:18:00Z",360,0,360
"SPIM","EKCH","2025-09-17T18:25:00Z","2025-09-18T09:18:00Z",340,0,340
"SUAA","OERK","2025-09-17T16:33:00Z","2025-09-18T09:18:00Z",320,0,320
"LKPR","SABE","2025-09-17T17:36:00Z","2025-09-18T09:19:00Z",360,0,360
"OJAI","OSDI","2025-09-18T07:01:00Z","2025-09-18T09:19:00Z",320,0,320
"OYSN","OMDB","2025-09-18T05:19:00Z","2025-09-18T09:19:00Z",300,0,300
"OOMS","OMDB","2025-09-18T07:52:00Z","2025-09-18T09:20:00Z",320,0,320
"OPKC","LOWW","2025-09-18T01:49:00Z","2025-09-18T09:20:00Z",360,0,360
"SEQM","LDZA","2025-09-17T19:21:00Z","2025-09-18T09:20:00Z",320,0,320
"SKBO","LBSF","2025-09-17T19:24:00Z","2025-09-18T09:20:00Z",340,0,340
"LBSF","EKCH","2025-09-18T05:18:00Z","2025-09-18T09:22:00Z",340,0,340
"LDZA","OJAI","2025-09-18T05:31:00Z","2025-09-18T09:22:00Z",320,0,320
"SLLP","EBCI","2025-09-17T19:37:00Z","2025-09-18T09:22:00Z",320,0,320
"VIDP","OAKB","2025-09-18T06:06:00Z","2025-09-18T09:22:00Z",360,0,360
"OERK","SGAS","2025-09-17T16:52:00Z","2025-09-18T09:23:00Z",360,0,360
"OSDI","VIDP","2025-09-18T03:26:00Z","2025-09-18T09:23:00Z",300,0,300
"SLLP","SBBR","2025-09-18T05:33:00Z","2025-09-18T09:23:00Z",320,0,320
"VIDP","SBBR","2025-09-17T14:39:00Z","2025-09-18T09:23:00Z",360,0,360
"SLLP","SCEL","2025-09-18T05:01:00Z","2025-09-18T09:24:00Z",320,0,320
"LATI","OAKB","2025-09-18T02:52:00Z","2025-09-18T09:25:00Z",360,0,360
"LATI","EBCI","2025-09-18T06:31:00Z","2025-09-18T09:26:00Z",300,0,300
"OJAI","EHAM","2025-09-18T03:07:00Z","2025-09-18T09:26:00Z",340,0,340
"OJAI","SLLP","2025-09-17T16:11:00Z","2025-09-18T09:26:00Z",340,0,340
"SGAS","LATI","2025-09-17T18:58:00Z","2025-09-18T09:27:00Z",340,0,340
"SEQM","SLLP","2025-09-18T05:51:00Z","2025-09-18T09:28:00Z",340,0,340
"OSDI","SKBO","2025-09-17T17:53:00Z","2025-09-18T09:29:00Z",340,0,340
"SVMI","OAKB","2025-09-17T15:53:00Z","2025-09-18T09:29:00Z",340,0,340
"OERK","OAKB","2025-09-18T04:23:00Z","2025-09-18T09:30:00Z",320,0,320
"LKPR","SKBO","2025-09-17T20:32:00Z","2025-09-18T09:31:00Z",340,0,340
"SABE","OJAI","2025-09-17T16:17:00Z","2025-09-18T09:31:00Z",320,0,320
"OPKC","OAKB","2025-09-18T06:07:00Z","2025-09-18T09:32:00Z",360,0,360
"SUAA","SPIM","2025-09-18T03:30:00Z","2025-09-18T09:34:00Z",300,0,300
"EBCI","OERK","2025-09-18T02:46:00Z","2025-09-18T09:35:00Z",340,0,340
"LDZA","EBCI","2025-09-18T06:16:00Z","2025-09-18T09:35:00Z",340,0,340
"OMDB","SLLP","2025-09-17T14:56:00Z","2025-09-18T09:35:00Z",360,0,360
"LDZA","SEQM","2025-09-17T19:37:00Z","2025-09-18T09:36:00Z",340,0,340
"LKPR","OJAI","2025-09-18T04:11:00Z","2025-09-18T09:37:00Z",340,0,340
"EHAM","EDDI","2025-09-18T07:52:00Z","2025-09-18T09:38:00Z",340,0,340
"LATI","VIDP","2025-09-18T01:50:00Z","2025-09-18T09:38:00Z",360,0,360
"OAKB","SUAA","2025-09-17T13:46:00Z","2025-09-18T09:39:00Z",340,0,340
"LBSF","EHAM","2025-09-18T05:24:00Z","2025-09-18T09:40:00Z",360,0,360
"LDZA","UBBB","2025-09-18T04:08:00Z","2025-09-18T09:40:00Z",340,0,340
"SCEL","OJAI","2025-09-17T15:12:00Z","2025-09-18T09:40:00Z",360,0,360
"LDZA","SBBR","2025-09-17T20:07:00Z","2025-09-18T09:41:00Z",340,0,340
"LKPR","EDDI","2025-09-18T07:24:00Z","2025-09-18T09:41:00Z",320,0,320
"OSDI","OPKC","2025-09-18T04:42:00Z","2025-09-18T09:41:00Z",360,0,360
"VIDP","EDDI","2025-09-18T00:20:00Z","2025-09-18T09:41:00Z",340,0,340
"LDZA","EKCH","2025-09-18T06:17:00Z","2025-09-18T09:43:00Z",360,0,360
"SCEL","LBSF","2025-09-17T16:52:00Z","2025-09-18T09:43:00Z",300,0,300
"EKCH","EDDI","2025-09-18T07:19:00Z","2025-09-18T09:44:00Z",340,0,340
"LATI","LOWW","2025-09-18T06:43:00Z","2025-09-18T09:44:00Z",320,0,320
"OMDB","OSDI","2025-09-18T05:10:00Z","2025-09-18T09:44:00Z",360,0,360
"LOWW","EBCI","2025-09-18T06:38:00Z","2025-09-18T09:46:00Z",300,0,300
"OAKB","LBSF","2025-09-18T02:39:00Z","2025-09-18T09:46:00Z",360,0,360
"SEQM","OERK","2025-09-17T15:53:00Z","2025-09-18T09:46:00Z",320,0,320
"OMDB","SCEL","2025-09-17T13:21:00Z","2025-09-18T09:47:00Z",320,0,320
"OOMS","OSDI","2025-09-18T04:45:00Z","2025-09-18T09:47:00Z",320,0,320
"EKCH","SEQM","2025-09-17T19:15:00Z","2025-09-18T09:50:00Z",360,0,360
"SABE","SUAA","2025-09-18T07:37:00Z","2025-09-18T09:50:00Z",320,0,320
"LATI","SABE","2025-09-17T17:26:00Z","2025-09-18T09:51:00Z",300,0,300
"LKPR","LDZA","2025-09-18T07:08:00Z","2025-09-18T09:51:00Z",320,0,320
"OMDB","UBBB","2025-09-18T05:41:00Z","2025-09-18T09:51:00Z",300,0,300
"OOMS","EBCI","2025-09-18T01:54:00Z","2025-09-18T09:51:00Z",340,0,340
"LKPR","SUAA","2025-09-17T17:19:00Z","2025-09-18T09:54:00Z",360,0,360
"OJAI","SVMI","2025-09-17T18:44:00Z","2025-09-18T09:54:00Z",340,0,340
"OYSN","SABE","2025-09-17T16:47:00Z","2025-09-18T09:54:00Z",320,0,320
"LOWW","OYSN","2025-09-18T02:17:00Z","2025-09-18T09:55:00Z",300,0,300
"SLLP","VIDP","2025-09-17T11:34:00Z","2025-09-18T09:55:00Z",340,0,340
"OAKB","OPKC","2025-09-18T06:31:00Z","2025-09-18T09:56:00Z",360,0,360
"OSDI","OAKB","2025-09-18T04:08:00Z","2025-09-18T09:58:00Z",340,0,340
"SVMI","OMDB","2025-09-17T16:12:00Z","2025-09-18T09:58:00Z",360,0,360
"SLLP","EDDI","2025-09-17T18:24:00Z","2025-09-18T09:59:00Z",320,0,320
"SBBR","SABE","2025-09-18T06:01:00Z","2025-09-18T10:00:00Z",360,0,360
"SABE","SLLP","2025-09-18T06:13:00Z","2025-09-18T10:01:00Z",340,0,340
"SCEL","SEQM","2025-09-18T04:17:00Z","2025-09-18T10:01:00Z",360,0,360
"UMMS","SUAA","2025-09-17T17:12:00Z","2025-09-18T10:02:00Z",340,0,340
"OOMS","EHAM","2025-09-18T01:03:00Z","2025-09-18T10:03:00Z",360,0,360
"EBCI","VIDP","2025-09-18T00:55:00Z","2025-09-18T10:04:00Z",340,0,340
"EHAM","SEQM","2025-09-17T21:10:00Z","2025-09-18T10:04:00Z",320,0,320
"LBSF","LOWW","2025-09-18T07:59:00Z","2025-09-18T10:04:00Z",320,0,320
"OAKB","SGAS","2025-09-17T14:31:00Z","2025-09-18T10:04:00Z",340,0,340
"SKBO","OAKB","2025-09-17T15:06:00Z","2025-09-18T10:04:00Z",340,0,340
"EKCH","OPKC","2025-09-18T01:01:00Z","2025-09-18T10:06:00Z",320,0,320
"SEQM","LBSF","2025-09-17T19:23:00Z","2025-09-18T10:06:00Z",300,0,300
"EKCH","SBBR","2025-09-17T20:07:00Z","2025-09-18T10:07:00Z",320,0,320
"LDZA","SABE","2025-09-17T18:38:00Z","2025-09-18T10:07:00Z",300,0,300
"SBBR","OSDI","2025-09-17T20:12:00Z","2025-09-18T10:07:00Z",360,0,360
"VIDP","LKPR","2025-09-18T01:52:00Z","2025-09-18T10:07:00Z",340,0,340
"LATI","SGAS","2025-09-17T19:39:00Z","2025-09-18T10:08:00Z",340,0,340
"OYSN","SEQM","2025-09-17T16:15:00Z","2025-09-18T10:08:00Z",360,0,360
"OJAI","SBBR","2025-09-17T20:25:00Z","2025-09-18T10:09:00Z",320,0,320
"SLLP","UBBB","2025-09-17T15:09:00Z","2025-09-18T10:09:00Z",320,0,320
"UBBB","OYSN","2025-09-18T05:35:00Z","2025-09-18T10:09:00Z",360,0,360
"OOMS","UBBB","2025-09-18T06:37:00Z","2025-09-18T10:10:00Z",360,0,360
"SUAA","OAKB","2025-09-17T14:19:00Z","2025-09-18T10:12:00Z",340,0,340
"SLLP","OMDB","2025-09-17T15:34:00Z","2025-09-18T10:13:00Z",320,0,320
"LBSF","EBCI","2025-09-18T06:05:00Z","2025-09-18T10:14:00Z",360,0,360
"LDZA","UMMS","2025-09-18T07:41:00Z","2025-09-18T10:14:00Z",340,0,340
"SKBO","SPIM","2025-09-18T06:58:00Z","2025-09-18T10:14:00Z",340,0,340
"OOMS","VIDP","2025-09-18T06:46:00Z","2025-09-18T10:15:00Z",300,0,300
"SABE","SCEL","2025-09-18T07:53:00Z","2025-09-18T10:17:00Z",320,0,320
"SVMI","LKPR","2025-09-17T22:40:00Z","2025-09-18T10:17:00Z",320,0,320
"EDDI","SPIM","2025-09-17T19:24:00Z","2025-09-18T10:18:00Z",340,0,340
"LBSF","VIDP","2025-09-18T02:56:00Z","2025-09-18T10:18:00Z",320,0,320
"LDZA","LKPR","2025-09-18T08:35:00Z","2025-09-18T10:18:00Z",300,0,300
"EBCI","UBBB","2025-09-18T04:39:00Z","2025-09-18T10:19:00Z",320,0,320
"LDZA","VIDP","2025-09-18T01:15:00Z","2025-09-18T10:19:00Z",340,0,340
"EKCH","OOMS","2025-09-18T02:50:00Z","2025-09-18T10:21:00Z",360,0,360
"LBSF","LATI","2025-09-18T08:55:00Z","2025-09-18T10:21:00Z",320,0,320
"OJAI","OOMS","2025-09-18T05:17:00Z","2025-09-18T10:21:00Z",360,0,360
"SKBO","SEQM","2025-09-18T08:34:00Z","2025-09-18T10:21:00Z",300,0,300
"SUAA","SBBR","2025-09-18T06:28:00Z","2025-09-18T10:21:00Z",300,0,300
"EHAM","SUAA","2025-09-17T18:17:00Z","2025-09-18T10:22:00Z",340,0,340
"OAKB","SLLP","2025-09-17T13:08:00Z","2025-09-18T10:22:00Z",300,0,300
"OPKC","SLLP","2025-09-17T13:11:00Z","2025-09-18T10:22:00Z",320,0,320
"SABE","OYSN","2025-09-17T17:15:00Z","2025-09-18T10:22:00Z",340,0,340
"SKBO","SUAA","2025-09-18T03:33:00Z","2025-09-18T10:22:00Z",360,0,360
"SPIM","UMMS","2025-09-17T17:11:00Z","2025-09-18T10:22:00Z",360,0,360
"UMMS","LBSF","2025-09-18T07:46:00Z","2025-09-18T10:22:00Z",340,0,340
"LBSF","SEQM","2025-09-17T19:40:00Z","2025-09-18T10:23:00Z",340,0,340
"OAKB","OYSN","2025-09-18T04:17:00Z","2025-09-18T10:24:00Z",360,0,360
"SGAS","OERK","2025-09-17T17:53:00Z","2025-09-18T10:24:00Z",360,0,360
"SKBO","LKPR","2025-09-17T21:25:00Z","2025-09-18T10:24:00Z",300,0,300
"SUAA","EDDI","2025-09-17T18:44:00Z","2025-09-18T10:24:00Z",320,0,320
"SVMI","VIDP","2025-09-17T15:34:00Z","2025-09-18T10:26:00Z",300,0,300
"EBCI","EDDI","2025-09-18T08:37:00Z","2025-09-18T10:27:00Z",300,0,300
"LOWW","LBSF","2025-09-18T07:22:00Z","2025-09-18T10:27:00Z",340,0,340
"OJAI","EKCH","2025-09-18T04:24:00Z","2025-09-18T10:27:00Z",340,0,340
"SCEL","EHAM","2025-09-17T18:33:00Z","2025-09-18T10:28:00Z",300,0,300
"SKBO","OERK","2025-09-17T16:21:00Z","2025-09-18T10:28:00Z",320,0,320
"UBBB","EHAM","2025-09-18T04:47:00Z","2025-09-18T10:28:00Z",360,0,360
"UBBB","SPIM","2025-09-17T15:53:00Z","2025-09-18T10:28:00Z",300,0,300
"EKCH","EBCI","2025-09-18T08:31:00Z","2025-09-18T10:29:00Z",320,0,320
"SCEL","EDDI","2025-09-17T17:54:00Z","2025-09-18T10:29:00Z",340,0,340
"LOWW","VIDP","2025-09-18T01:26:00Z","2025-09-18T10:30:00Z",300,0,300
"EHAM","OSDI","2025-09-18T04:22:00Z","2025-09-18T10:32:00Z",320,0,320
"SVMI","UMMS","2025-09-17T21:44:00Z","2025-09-18T10:32:00Z",300,0,300
"SCEL","EKCH","2025-09-17T17:51:00Z","2025-09-18T10:33:00Z",320,0,320
"OYSN","OJAI","2025-09-18T06:03:00Z","2025-09-18T10:34:00Z",360,0,360
"SPIM","EHAM","2025-09-17T19:25:00Z","2025-09-18T10:34:00Z",300,0,300
"LOWW","UBBB","2025-09-18T05:02:00Z","2025-09-18T10:36:00Z",340,0,340
"OJAI","SEQM","2025-09-17T17:17:00Z","2025-09-18T10:36:00Z",300,0,300
"SPIM","UBBB","2025-09-17T15:01:00Z","2025-09-18T10:36:00Z",300,0,300
"LATI","EDDI","2025-09-18T07:59:00Z","2025-09-18T10:37:00Z",360,0,360
"LBSF","OERK","2025-09-18T05:57:00Z","2025-09-18T10:37:00Z",340,0,340
"OSDI","EHAM","2025-09-18T04:28:00Z","2025-09-18T10:38:00Z",300,0,300
"OPKC","OERK","2025-09-18T06:59:00Z","2025-09-18T10:39:00Z",340,0,340
"SVMI","OPKC","2025-09-17T15:28:00Z","2025-09-18T10:39:00Z",360,0,360
"VIDP","SPIM","2025-09-17T11:33:00Z","2025-09-18T10:39:00Z",340,0,340
"SKBO","OOMS","2025-09-17T15:03:00Z","2025-09-18T10:40:00Z",320,0,320
"UBBB","EKCH","2025-09-18T04:37:00Z","2025-09-18T10:42:00Z",340,0,340
"EBCI","OPKC","2025-09-18T01:04:00Z","2025-09-18T10:43:00Z",320,0,320
"SKBO","EHAM","2025-09-17T21:36:00Z","2025-09-18T10:43:00Z",320,0,320
"SEQM","EDDI","2025-09-17T20:04:00Z","2025-09-18T10:44:00Z",360,0,360
"SVMI","OYSN","2025-09-17T18:52:00Z","2025-09-18T10:44:00Z",320,0,320
"EBCI","EKCH","2025-09-18T08:47:00Z","2025-09-18T10:45:00Z",340,0,340
"OERK","LDZA","2025-09-18T04:17:00Z","2025-09-18T10:46:00Z",320,0,320
"OOMS","UMMS","2025-09-18T03:30:00Z","2025-09-18T10:46:00Z",360,0,360
"SLLP","EKCH","2025-09-17T19:08:00Z","2025-09-18T10:46:00Z",320,0,320
"EBCI","SABE","2025-09-17T18:46:00Z","2025-09-18T10:47:00Z",340,0,340
"OJAI","OAKB","2025-09-18T04:47:00Z","2025-09-18T10:47:00Z",360,0,360
"SCEL","OERK","2025-09-17T15:28:00Z","2025-09-18T10:47:00Z",360,0,360
"SGAS","OOMS","2025-09-17T16:50:00Z","2025-09-18T10:47:00Z",320,0,320
"EBCI","SBBR","2025-09-17T21:47:00Z","2025-09-18T10:49:00Z",360,0,360
"EDDI","OYSN","2025-09-18T02:36:00Z","2025-09-18T10:49:00Z",320,0,320
"OERK","OPKC","2025-09-18T06:09:00Z","2025-09-18T10:49:00Z",360,0,360
"SABE","LBSF","2025-09-17T18:59:00Z","2025-09-18T10:49:00Z",300,0,300
"LBSF","SVMI","2025-09-17T21:17:00Z","2025-09-18T10:50:00Z",320,0,320
"SVMI","SBBR","2025-09-18T04:28:00Z","2025-09-18T10:50:00Z",300,0,300
"UBBB","SVMI","2025-09-17T18:29:00Z","2025-09-18T10:50:00Z",320,0,320
"OSDI","SPIM","2025-09-17T16:40:00Z","2025-09-18T10:51:00Z",340,0,340
"SGAS","EHAM","2025-09-17T19:49:00Z","2025-09-18T10:54:00Z",320,0,320
"SKBO","SABE","2025-09-18T03:11:00Z","2025-09-18T10:54:00Z",340,0,340
"SPIM","EBCI","2025-09-17T19:50:00Z","2025-09-18T10:54:00Z",360,0,360
"OJAI","OPKC","2025-09-18T04:51:00Z","2025-09-18T10:55:00Z",300,0,300
"OPKC","EBCI","2025-09-18T01:16:00Z","2025-09-18T10:55:00Z",340,0,340
"VIDP","UMMS","2025-09-18T02:49:00Z","2025-09-18T10:55:00Z",300,0,300
"EHAM","LKPR","2025-09-18T08:01:00Z","2025-09-18T10:56:00Z",300,0,300
"EDDI","LATI","2025-09-18T07:19:00Z","2025-09-18T10:57:00Z",320,0,320
"EDDI","VIDP","2025-09-18T01:37:00Z","2025-09-18T10:58:00Z",360,0,360
"OSDI","OMDB","2025-09-18T06:24:00Z","2025-09-18T10:58:00Z",340,0,340
"SUAA","SEQM","2025-09-18T03:25:00Z","2025-09-18T10:58:00Z",340,0,340
"OMDB","LATI","2025-09-18T04:15:00Z","2025-09-18T10:59:00Z",340,0,340
"UBBB","LATI","2025-09-18T06:44:00Z","2025-09-18T11:01:00Z",300,0,300
"OMDB","UMMS","2025-09-18T05:13:00Z","2025-09-18T11:03:00Z",340,0,340
"SBBR","OOMS","2025-09-17T18:47:00Z","2025-09-18T11:04:00Z",320,0,320
"SUAA","SLLP","2025-09-18T07:08:00Z","2025-09-18T11:04:00Z",340,0,340
"SKBO","UBBB","2025-09-17T18:21:00Z","2025-09-18T11:05:00Z",320,0,320
"SVMI","SLLP","2025-09-18T06:28:00Z","2025-09-18T11:06:00Z",300,0,300
"OERK","SUAA","2025-09-17T18:22:00Z","2025-09-18T11:07:00Z",340,0,340
"OMDB","SKBO","2025-09-17T16:58:00Z","2025-09-18T11:07:00Z",360,0,360
"SPIM","OOMS","2025-09-17T14:07:00Z","2025-09-18T11:07:00Z",300,0,300
"SVMI","EDDI","2025-09-17T23:35:00Z","2025-09-18T11:07:00Z",340,0,340
"VIDP","EBCI","2025-09-18T01:58:00Z","2025-09-18T11:07:00Z",360,0,360
"OAKB","EHAM","2025-09-18T03:17:00Z","2025-09-18T11:08:00Z",360,0,360
"OJAI","SCEL","2025-09-17T17:40:00Z","2025-09-18T11:08:00Z",320,0,320
"SGAS","OAKB","2025-09-17T15:35:00Z","2025-09-18T11:08:00Z",300,0,300
"SUAA","EHAM","2025-09-17T19:03:00Z","2025-09-18T11:08:00Z",340,0,340
"SBBR","LOWW","2025-09-17T22:23:00Z","2025-09-18T11:09:00Z",360,0,360
"SVMI","OPKC","2025-09-17T16:58:00Z","2025-09-18T11:09:00Z",320,0,320
"EHAM","OYSN","2025-09-18T03:21:00Z","2025-09-18T11:10:00Z",300,0,300
"OYSN","SVMI","2025-09-17T19:18:00Z","2025-09-18T11:10:00Z",300,0,300
"SABE","SPIM","2025-09-18T06:16:00Z","2025-09-18T11:10:00Z",340,0,340
"UMMS","OERK","2025-09-18T05:42:00Z","2025-09-18T11:10:00Z",320,0,320
"SKBO","OPKC","2025-09-17T15:37:00Z","2025-09-18T11:12:00Z",300,0,300
"SVMI","SABE","2025-09-18T03:58:00Z","2025-09-18T11:12:00Z",340,0,340
"OSDI","SGAS","2025-09-17T19:27:00Z","2025-09-18T11:13:00Z",360,0,360
"SEQM","OYSN","2025-09-17T17:20:00Z","2025-09-18T11:13:00Z",300,0,300
"SGAS","EBCI","2025-09-17T21:18:00Z","2025-09-18T11:13:00Z",300,0,300
"SLLP","OSDI","2025-09-17T18:49:00Z","2025-09-18T11:14:00Z",340,0,340
"OOMS","EDDI","2025-09-18T03:59:00Z","2025-09-18T11:15:00Z",360,0,360
"SABE","UMMS","2025-09-17T18:16:00Z","2025-09-18T11:15:00Z",320,0,320
"SCEL","SGAS","2025-09-18T08:19:00Z","2025-09-18T11:15:00Z",320,0,320
"SPIM","LKPR","2025-09-17T20:18:00Z","2025-09-18T11:15:00Z",360,0,360
"OMDB","EBCI","2025-09-18T03:47:00Z","2025-09-18T11:16:00Z",300,0,300
"OOMS","SVMI","2025-09-17T17:02:00Z","2025-09-18T11:16:00Z",340,0,340
"SEQM","SKBO","2025-09-18T09:29:00Z","2025-09-18T11:16:00Z",340,0,340
"OPKC","OAKB","2025-09-18T08:52:00Z","2025-09-18T11:17:00Z",320,0,320
"LOWW","EDDI","2025-09-18T09:41:00Z","2025-09-18T11:18:00Z",320,0,320
"OMDB","SABE","2025-09-17T16:14:00Z","2025-09-18T11:18:00Z",360,0,360
"OOMS","SGAS","2025-09-17T17:21:00Z","2025-09-18T11:18:00Z",300,0,300
"UMMS","SPIM","2025-09-17T18:07:00Z","2025-09-18T11:18:00Z",360,0,360
"VIDP","OOMS","2025-09-18T07:49:00Z","2025-09-18T11:18:00Z",340,0,340
"LDZA","OAKB","2025-09-18T04:31:00Z","2025-09-18T11:19:00Z",340,0,340
"OJAI","VIDP","2025-09-18T04:13:00Z","2025-09-18T11:19:00Z",300,0,300
"SEQM","LKPR","2025-09-17T21:33:00Z","2025-09-18T11:19:00Z",340,0,340
"UMMS","OMDB","2025-09-18T05:29:00Z","2025-09-18T11:19:00Z",340,0,340
"UMMS","OSDI","2025-09-18T07:25:00Z","2025-09-18T11:19:00Z",360,0,360
"LBSF","UBBB","2025-09-18T07:29:00Z","2025-09-18T11:20:00Z",320,0,320
"LOWW","OJAI","2025-09-18T06:13:00Z","2025-09-18T11:20:00Z",340,0,340
"OERK","OJAI","2025-09-18T08:40:00Z","2025-09-18T11:20:00Z",360,0,360
"OOMS","EKCH","2025-09-18T03:49:00Z","2025-09-18T11:20:00Z",300,0,300
"EBCI","SPIM","2025-09-17T20:18:00Z","2025-09-18T11:22:00Z",360,0,360
"OOMS","OJAI","2025-09-18T06:18:00Z","2025-09-18T11:22:00Z",360,0,360
"OOMS","UMMS","2025-09-18T04:07:00Z","2025-09-18T11:23:00Z",340,0,340
"OPKC","OYSN","2025-09-18T06:07:00Z","2025-09-18T11:23:00Z",360,0,360
"OYSN","SKBO","2025-09-17T17:13:00Z","2025-09-18T11:24:00Z",340,0,340
"OYSN","OPKC","2025-09-18T06:10:00Z","2025-09-18T11:26:00Z",320,0,320
"OPKC","SABE","2025-09-17T15:04:00Z","2025-09-18T11:27:00Z",360,0,360
"UMMS","OOMS","2025-09-18T04:11:00Z","2025-09-18T11:27:00Z",300,0,300
"OJAI","SPIM","2025-09-17T17:24:00Z","2025-09-18T11:28:00Z",360,0,360
"OOMS","SLLP","2025-09-17T15:28:00Z","2025-09-18T11:29:00Z",340,0,340
"OYSN","EBCI","2025-09-18T03:50:00Z","2025-09-18T11:29:00Z",360,0,360
"SBBR","EKCH","2025-09-17T21:30:00Z","2025-09-18T11:30:00Z",320,0,320
"SPIM","OMDB","2025-09-17T15:57:00Z","2025-09-18T11:32:00Z",320,0,320
"LOWW","OPKC","2025-09-18T03:02:00Z","2025-09-18T11:33:00Z",340,0,340
"SUAA","UBBB","2025-09-17T16:27:00Z","2025-09-18T11:33:00Z",340,0,340
"UBBB","LDZA","2025-09-18T06:01:00Z","2025-09-18T11:33:00Z",300,0,300
"SKBO","OMDB","2025-09-17T16:25:00Z","2025-09-18T11:34:00Z",340,0,340
"UBBB","LBSF","2025-09-18T07:43:00Z","2025-09-18T11:34:00Z",360,0,360
"EDDI","EHAM","2025-09-18T09:50:00Z","2025-09-18T11:36:00Z",300,0,300
"OAKB","SPIM","2025-09-17T14:44:00Z","2025-09-18T11:36:00Z",320,0,320
"SUAA","OSDI","2025-09-17T18:20:00Z","2025-09-18T11:36:00Z",320,0,320
"LOWW","LATI","2025-09-18T08:36:00Z","2025-09-18T11:37:00Z",340,0,340
"LOWW","SVMI","2025-09-17T23:50:00Z","2025-09-18T11:38:00Z",360,0,360
"EDDI","EKCH","2025-09-18T09:14:00Z","2025-09-18T11:39:00Z",300,0,300
"SUAA","EKCH","2025-09-17T19:48:00Z","2025-09-18T11:39:00Z",340,0,340
"SLLP","SABE","2025-09-18T07:52:00Z","2025-09-18T11:40:00Z",300,0,300
"LDZA","LBSF","2025-09-18T09:52:00Z","2025-09-18T11:41:00Z",320,0,320
"LOWW","OAKB","2025-09-18T04:54:00Z","2025-09-18T11:42:00Z",360,0,360
"OSDI","LBSF","2025-09-18T08:48:00Z","2025-09-18T11:42:00Z",340,0,340
"OYSN","OAKB","2025-09-18T05:35:00Z","2025-09-18T11:42:00Z",360,0,360
"OPKC","LBSF","2025-09-18T04:04:00Z","2025-09-18T11:43:00Z",320,0,320
"OERK","SBBR","2025-09-17T20:56:00Z","2025-09-18T11:44:00Z",360,0,360
"OPKC","SEQM","2025-09-17T14:22:00Z","2025-09-18T11:44:00Z",360,0,360
"OSDI","EBCI","2025-09-18T05:41:00Z","2025-09-18T11:44:00Z",300,0,300
"SPIM","SGAS","2025-09-18T06:32:00Z","2025-09-18T11:44:00Z",320,0,320
"SLLP","UBBB","2025-09-17T16:45:00Z","2025-09-18T11:45:00Z",320,0,320
"EHAM","SPIM","2025-09-17T20:37:00Z","2025-09-18T11:46:00Z",360,0,360
"EKCH","SGAS","2025-09-17T20:54:00Z","2025-09-18T11:46:00Z",300,0,300
"OAKB","OPKC","2025-09-18T08:23:00Z","2025-09-18T11:48:00Z",360,0,360
"SVMI","SEQM","2025-09-18T07:38:00Z","2025-09-18T11:48:00Z",340,0,340
"EDDI","SVMI","2025-09-17T23:17:00Z","2025-09-18T11:49:00Z",340,0,340
"EKCH","OERK","2025-09-18T04:15:00Z","2025-09-18T11:49:00Z",300,0,300
"OERK","SCEL","2025-09-17T16:30:00Z","2025-09-18T11:49:00Z",320,0,320
"UMMS","SABE","2025-09-17T18:50:00Z","2025-09-18T11:49:00Z",300,0,300
"LATI","OMDB","2025-09-18T05:06:00Z","2025-09-18T11:50:00Z",300,0,300
"LBSF","SGAS","2025-09-17T20:55:00Z","2025-09-18T11:50:00Z",340,0,340
"SVMI","SCEL","2025-09-18T03:48:00Z","2025-09-18T11:50:00Z",360,0,360
"SUAA","OYSN","2025-09-17T19:58:00Z","2025-09-18T11:51:00Z",360,0,360
"EHAM","SGAS","2025-09-17T20:47:00Z","2025-09-18T11:52:00Z",300,0,300
"LOWW","EHAM","2025-09-18T08:40:00Z","2025-09-18T11:52:00Z",300,0,300
"OSDI","LKPR","2025-09-18T06:35:00Z","2025-09-18T11:52:00Z",340,0,340
"EHAM","LOWW","2025-09-18T08:41:00Z","2025-09-18T11:53:00Z",360,0,360
"EHAM","OERK","2025-09-18T04:58:00Z","2025-09-18T11:53:00Z",320,0,320
"OOMS","LATI","2025-09-18T04:41:00Z","2025-09-18T11:53:00Z",300,0,300
"SABE","LOWW","2025-09-17T19:10:00Z","2025-09-18T11:53:00Z",340,0,340
"SEQM","SUAA","2025-09-18T04:20:00Z","2025-09-18T11:53:00Z",320,0,320
"SPIM","SBBR","2025-09-18T05:48:00Z","2025-09-18T11:53:00Z",300,0,300
"UBBB","OAKB","2025-09-18T07:37:00Z","2025-09-18T11:53:00Z",300,0,300
"OOMS","SBBR","2025-09-17T18:37:00Z","2025-09-18T11:54:00Z",360,0,360
"SPIM","LDZA","2025-09-17T19:50:00Z","2025-09-18T11:54:00Z",320,0,320
"OAKB","EKCH","2025-09-18T03:45:00Z","2025-09-18T11:55:00Z",360,0,360
"OAKB","OOMS","2025-09-18T07:53:00Z","2025-09-18T11:55:00Z",300,0,300
"EBCI","OJAI","2025-09-18T05:45:00Z","2025-09-18T11:56:00Z",300,0,300
"EHAM","SEQM","2025-09-17T22:02:00Z","2025-09-18T11:56:00Z",320,0,320
"EKCH","UMMS","2025-09-18T08:36:00Z","2025-09-18T11:56:00Z",360,0,360
"SCEL","LOWW","2025-09-17T18:21:00Z","2025-09-18T11:56:00Z",320,0,320
"SUAA","OOMS","2025-09-17T16:53:00Z","2025-09-18T11:56:00Z",360,0,360
"EDDI","UMMS","2025-09-18T08:41:00Z","2025-09-18T11:57:00Z",340,0,340
"OOMS","SKBO","2025-09-17T16:22:00Z","2025-09-18T11:59:00Z",340,0,340
"EKCH","OJAI","2025-09-18T06:57:00Z","2025-09-18T12:00:00Z",320,0,320
"OPKC","EHAM","2025-09-18T03:20:00Z","2025-09-18T12:00:00Z",340,0,340
"SPIM","LBSF","2025-09-17T20:16:00Z","2025-09-18T12:00:00Z",340,0,340
"SLLP","SEQM","2025-09-18T08:24:00Z","2025-09-18T12:01:00Z",360,0,360
"OOMS","SUAA","2025-09-17T17:59:00Z","2025-09-18T12:02:00Z",360,0,360
"OOMS","OAKB","2025-09-18T08:01:00Z","2025-09-18T12:03:00Z",360,0,360
"UMMS","EHAM","2025-09-18T08:01:00Z","2025-09-18T12:03:00Z",360,0,360
"OERK","SBBR","2025-09-17T21:16:00Z","2025-09-18T12:04:00Z",360,0,360
"OPKC","LKPR","2025-09-18T04:19:00Z","2025-09-18T12:04:00Z",340,0,340
"SGAS","OSDI","2025-09-17T20:18:00Z","2025-09-18T12:04:00Z",320,0,320
"SLLP","OYSN","2025-09-17T18:01:00Z","2025-09-18T12:04:00Z",320,0,320
"LATI","EHAM","2025-09-18T08:59:00Z","2025-09-18T12:05:00Z",340,0,340
"OAKB","SKBO","2025-09-17T17:07:00Z","2025-09-18T12:05:00Z",340,0,340
"LOWW","OPKC","2025-09-18T04:36:00Z","2025-09-18T12:07:00Z",300,0,300
"OAKB","SABE","2025-09-17T15:01:00Z","2025-09-18T12:07:00Z",340,0,340
"VIDP","OJAI","2025-09-18T05:01:00Z","2025-09-18T12:07:00Z",300,0,300
"EDDI","SEQM","2025-09-17T22:28:00Z","2025-09-18T12:08:00Z",300,0,300
"SBBR","VIDP","2025-09-17T17:24:00Z","2025-09-18T12:08:00Z",360,0,360
"SKBO","OMDB","2025-09-17T17:59:00Z","2025-09-18T12:08:00Z",340,0,340
"SLLP","SGAS","2025-09-18T09:14:00Z","2025-09-18T12:08:00Z",360,0,360
"OERK","OYSN","2025-09-18T09:52:00Z","2025-09-18T12:09:00Z",340,0,340
"SCEL","SGAS","2025-09-18T09:14:00Z","2025-09-18T12:10:00Z",360,0,360
"UMMS","LATI","2025-09-18T09:18:00Z","2025-09-18T12:10:00Z",320,0,320
"EKCH","EBCI","2025-09-18T10:15:00Z","2025-09-18T12:13:00Z",360,0,360
"LATI","OSDI","2025-09-18T08:02:00Z","2025-09-18T12:13:00Z",360,0,360
"LBSF","LOWW","2025-09-18T09:08:00Z","2025-09-18T12:13:00Z",320,0,320
"LBSF","SABE","2025-09-17T20:24:00Z","2025-09-18T12:14:00Z",320,0,320
"LKPR","SLLP","2025-09-17T21:39:00Z","2025-09-18T12:14:00Z",300,0,300
"LOWW","EKCH","2025-09-18T09:12:00Z","2025-09-18T12:14:00Z",300,0,300
"OERK","SLLP","2025-09-17T18:44:00Z","2025-09-18T12:14:00Z",360,0,360
"OJAI","SBBR","2025-09-17T22:30:00Z","2025-09-18T12:14:00Z",300,0,300
"LBSF","SCEL","2025-09-17T19:24:00Z","2025-09-18T12:15:00Z",300,0,300
"SGAS","VIDP","2025-09-17T15:49:00Z","2025-09-18T12:15:00Z",360,0,360
"OYSN","EHAM","2025-09-18T04:27:00Z","2025-09-18T12:16:00Z",320,0,320
"OYSN","SUAA","2025-09-17T20:23:00Z","2025-09-18T12:16:00Z",340,0,340
"VIDP","SABE","2025-09-17T15:31:00Z","2025-09-18T12:16:00Z",320,0,320
"SLLP","OERK","2025-09-17T18:47:00Z","2025-09-18T12:17:00Z",320,0,320
"SVMI","SABE","2025-09-18T04:03:00Z","2025-09-18T12:17:00Z",300,0,300
"LATI","SUAA","2025-09-17T20:04:00Z","2025-09-18T12:18:00Z",320,0,320
"OJAI","EBCI","2025-09-18T06:07:00Z","2025-09-18T12:18:00Z",300,0,300
"SBBR","SUAA","2025-09-18T08:25:00Z","2025-09-18T12:18:00Z",360,0,360
"SLLP","LKPR","2025-09-17T21:44:00Z","2025-09-18T12:19:00Z",340,0,340
"SABE","LKPR","2025-09-17T20:37:00Z","2025-09-18T12:20:00Z",340,0,340
"SABE","OYSN","2025-09-17T19:13:00Z","2025-09-18T12:20:00Z",360,0,360
"OJAI","LDZA","2025-09-18T08:30:00Z","2025-09-18T12:21:00Z",300,0,300
"OOMS","SPIM","2025-09-17T15:21:00Z","2025-09-18T12:21:00Z",340,0,340
"SCEL","SLLP","2025-09-18T08:58:00Z","2025-09-18T12:21:00Z",340,0,340
"OSDI","EKCH","2025-09-18T07:30:00Z","2025-09-18T12:22:00Z",340,0,340
"SVMI","LATI","2025-09-17T23:13:00Z","2025-09-18T12:22:00Z",300,0,300
"LKPR","SPIM","2025-09-17T21:26:00Z","2025-09-18T12:23:00Z",360,0,360
"OJAI","LOWW","2025-09-18T07:16:00Z","2025-09-18T12:23:00Z",300,0,300
"OSDI","OYSN","2025-09-18T08:41:00Z","2025-09-18T12:23:00Z",320,0,320
"OSDI","SBBR","2025-09-17T22:28:00Z","2025-09-18T12:23:00Z",320,0,320
"OPKC","SVMI","2025-09-17T17:13:00Z","2025-09-18T12:24:00Z",320,0,320
"SKBO","SABE","2025-09-18T05:41:00Z","2025-09-18T12:24:00Z",300,0,300
"SVMI","LBSF","2025-09-17T23:51:00Z","2025-09-18T12:24:00Z",360,0,360
"EKCH","SKBO","2025-09-17T23:37:00Z","2025-09-18T12:25:00Z",320,0,320
"SKBO","UMMS","2025-09-17T21:17:00Z","2025-09-18T12:25:00Z",360,0,360
"UBBB","SLLP","2025-09-17T17:25:00Z","2025-09-18T12:25:00Z",320,0,320
"EHAM","OSDI","2025-09-18T06:16:00Z","2025-09-18T12:26:00Z",360,0,360
"EKCH","VIDP","2025-09-18T03:00:00Z","2025-09-18T12:26:00Z",320,0,320
"SEQM","UBBB","2025-09-17T18:55:00Z","2025-09-18T12:26:00Z",340,0,340
"SUAA","EBCI","2025-09-17T21:33:00Z","2025-09-18T12:26:00Z",360,0,360
"VIDP","LDZA","2025-09-18T03:22:00Z","2025-09-18T12:26:00Z",300,0,300
"EHAM","OMDB","2025-09-18T04:54:00Z","2025-09-18T12:27:00Z",340,0,340
"SBBR","SVMI","2025-09-18T06:05:00Z","2025-09-18T12:27:00Z",320,0,320
"UBBB","OPKC","2025-09-18T07:27:00Z","2025-09-18T12:27:00Z",320,0,320
"LDZA","EDDI","2025-09-18T09:27:00Z","2025-09-18T12:28:00Z",320,0,320
"LDZA","SPIM","2025-09-17T20:24:00Z","2025-09-18T12:28:00Z",300,0,300
"VIDP","UBBB","2025-09-18T07:57:00Z","2025-09-18T12:28:00Z",320,0,320
"SUAA","LATI","2025-09-17T20:15:00Z","2025-09-18T12:29:00Z",340,0,340
"LOWW","SPIM","2025-09-17T20:25:00Z","2025-09-18T12:31:00Z",300,0,300
"SBBR","OJAI","2025-09-17T22:47:00Z","2025-09-18T12:31:00Z",300,0,300
"SKBO","SCEL","2025-09-18T05:20:00Z","2025-09-18T12:32:00Z",360,0,360
"VIDP","SVMI","2025-09-17T17:40:00Z","2025-09-18T12:32:00Z",340,0,340
"OMDB","SCEL","2025-09-17T16:08:00Z","2025-09-18T12:34:00Z",320,0,320
"SUAA","OPKC","2025-09-17T16:25:00Z","2025-09-18T12:34:00Z",340,0,340
"SBBR","LATI","2025-09-17T23:01:00Z","2025-09-18T12:35:00Z",300,0,300
"VIDP","LATI","2025-09-18T04:47:00Z","2025-09-18T12:35:00Z",340,0,340
"LKPR","EBCI","2025-09-18T10:43:00Z","2025-09-18T12:36:00Z",340,0,340
"OOMS","VIDP","2025-09-18T08:07:00Z","2025-09-18T12:36:00Z",300,0,300
"SVMI","EKCH","2025-09-18T00:07:00Z","2025-09-18T12:36:00Z",360,0,360
"SBBR","SKBO","2025-09-18T06:02:00Z","2025-09-18T12:37:00Z",320,0,320
"OERK","VIDP","2025-09-18T07:43:00Z","2025-09-18T12:38:00Z",360,0,360
"OMDB","EKCH","2025-09-18T04:34:00Z","2025-09-18T12:38:00Z",300,0,300
"SVMI","OJAI","2025-09-17T21:28:00Z","2025-09-18T12:38:00Z",320,0,320
"OYSN","SCEL","2025-09-17T18:08:00Z","2025-09-18T12:39:00Z",300,0,300
"LKPR","OYSN","2025-09-18T05:44:00Z","2025-09-18T12:41:00Z",300,0,300
"OJAI","LBSF","2025-09-18T08:40:00Z","2025-09-18T12:42:00Z",320,0,320
"SUAA","LOWW","2025-09-17T20:08:00Z","2025-09-18T12:42:00Z",300,0,300
"SUAA","VIDP","2025-09-17T15:10:00Z","2025-09-18T12:42:00Z",340,0,340
"EDDI","LDZA","2025-09-18T09:42:00Z","2025-09-18T12:43:00Z",360,0,360
"UBBB","VIDP","2025-09-18T07:12:00Z","2025-09-18T12:43:00Z",320,0,320
"OOMS","OMDB","2025-09-18T10:16:00Z","2025-09-18T12:44:00Z",320,0,320
"SEQM","OERK","2025-09-17T18:51:00Z","2025-09-18T12:44:00Z",340,0,340
"SGAS","OAKB","2025-09-17T16:11:00Z","2025-09-18T12:44:00Z",360,0,360
"OERK","SEQM","2025-09-17T18:52:00Z","2025-09-18T12:45:00Z",340,0,340
"SKBO","OAKB","2025-09-17T17:47:00Z","2025-09-18T12:45:00Z",300,0,300
"UMMS","UBBB","2025-09-18T08:59:00Z","2025-09-18T12:45:00Z",320,0,320
"EHAM","OAKB","2025-09-18T04:55:00Z","2025-09-18T12:46:00Z",320,0,320
"EKCH","SPIM","2025-09-17T21:53:00Z","2025-09-18T12:46:00Z",360,0,360
"SCEL","EKCH","2025-09-17T19:04:00Z","2025-09-18T12:46:00Z",360,0,360
"SABE","UBBB","2025-09-17T17:29:00Z","2025-09-18T12:47:00Z",300,0,300
"SKBO","VIDP","2025-09-17T15:33:00Z","2025-09-18T12:47:00Z",300,0,300
"EBCI","SUAA","2025-09-17T21:55:00Z","2025-09-18T12:48:00Z",320,0,320
"LATI","UBBB","2025-09-18T07:31:00Z","2025-09-18T12:48:00Z",340,0,340
"LBSF","SBBR","2025-09-17T22:48:00Z","2025-09-18T12:48:00Z",360,0,360
"LDZA","OMDB","2025-09-18T05:36:00Z","2025-09-18T12:48:00Z",300,0,300
"LATI","SKBO","2025-09-17T22:17:00Z","2025-09-18T12:49:00Z",360,0,360
"OPKC","SUAA","2025-09-17T16:40:00Z","2025-09-18T12:49:00Z",360,0,360
"UBBB","OSDI","2025-09-18T09:58:00Z","2025-09-18T12:49:00Z",360,0,360
"SBBR","UBBB","2025-09-17T20:10:00Z","2025-09-18T12:50:00Z",360,0,360
"LATI","OOMS","2025-09-18T05:40:00Z","2025-09-18T12:52:00Z",320,0,320
"OMDB","SPIM","2025-09-17T16:17:00Z","2025-09-18T12:52:00Z",300,0,300
"OPKC","LDZA","2025-09-18T04:27:00Z","2025-09-18T12:53:00Z",320,0,320
"SLLP","SPIM","2025-09-18T09:33:00Z","2025-09-18T12:53:00Z",340,0,340
"EBCI","SCEL","2025-09-17T20:08:00Z","2025-09-18T12:54:00Z",300,0,300
"EBCI","SKBO","2025-09-17T23:49:00Z","2025-09-18T12:54:00Z",360,0,360
"UBBB","LOWW","2025-09-18T07:20:00Z","2025-09-18T12:54:00Z",320,0,320
"UMMS","LBSF","2025-09-18T09:19:00Z","2025-09-18T12:55:00Z",320,0,320
"EBCI","SGAS","2025-09-17T22:01:00Z","2025-09-18T12:56:00Z",340,0,340
"SVMI","OERK","2025-09-17T20:11:00Z","2025-09-18T12:56:00Z",340,0,340
"SGAS","SEQM","2025-09-18T06:27:00Z","2025-09-18T12:57:00Z",300,0,300
"EBCI","LDZA","2025-09-18T09:39:00Z","2025-09-18T12:58:00Z",300,0,300
"OPKC","OJAI","2025-09-18T06:54:00Z","2025-09-18T12:58:00Z",340,0,340
"SCEL","OSDI","2025-09-17T18:16:00Z","2025-09-18T12:58:00Z",340,0,340
"SEQM","SVMI","2025-09-18T08:48:00Z","2025-09-18T12:58:00Z",360,0,360
"UMMS","EBCI","2025-09-18T08:51:00Z","2025-09-18T12:58:00Z",300,0,300
"OPKC","VIDP","2025-09-18T09:37:00Z","2025-09-18T12:59:00Z",320,0,320
"SBBR","SEQM","2025-09-18T06:13:00Z","2025-09-18T12:59:00Z",320,0,320
"OERK","EDDI","2025-09-18T06:45:00Z","2025-09-18T13:00:00Z",320,0,320
"SABE","EHAM","2025-09-17T21:48:00Z","2025-09-18T13:00:00Z",300,0,300
"LKPR","EKCH","2025-09-18T11:19:00Z","2025-09-18T13:02:00Z",340,0,340
"OOMS","SABE","2025-09-17T18:45:00Z","2025-09-18T13:02:00Z",320,0,320
"SCEL","SPIM","2025-09-18T08:58:00Z","2025-09-18T13:02:00Z",360,0,360
"EDDI","LBSF","2025-09-18T10:22:00Z","2025-09-18T13:03:00Z",300,0,300
"EKCH","LBSF","2025-09-18T09:59:00Z","2025-09-18T13:03:00Z",360,0,360
"OJAI","OAKB","2025-09-18T07:03:00Z","2025-09-18T13:03:00Z",320,0,320
"LKPR","OOMS","2025-09-18T05:59:00Z","2025-09-18T13:04:00Z",340,0,340
"LBSF","OPKC","2025-09-18T06:26:00Z","2025-09-18T13:05:00Z",360,0,360
"LKPR","SLLP","2025-09-17T22:30:00Z","2025-09-18T13:05:00Z",300,0,300
"OSDI","SCEL","2025-09-17T19:23:00Z","2025-09-18T13:05:00Z",320,0,320
"SGAS","OMDB","2025-09-17T19:27:00Z","2025-09-18T13:06:00Z",300,0,300
"SLLP","LOWW","2025-09-17T22:26:00Z","2025-09-18T13:07:00Z",340,0,340
"OMDB","UBBB","2025-09-18T09:58:00Z","2025-09-18T13:08:00Z",340,0,340
"OAKB","SVMI","2025-09-17T19:33:00Z","2025-09-18T13:09:00Z",340,0,340
"EDDI","OMDB","2025-09-18T06:21:00Z","2025-09-18T13:10:00Z",320,0,320
"OAKB","SBBR","2025-09-17T19:26:00Z","2025-09-18T13:11:00Z",320,0,320
"OMDB","VIDP","2025-09-18T09:26:00Z","2025-09-18T13:12:00Z",320,0,320
"SVMI","OOMS","2025-09-17T19:58:00Z","2025-09-18T13:12:00Z",300,0,300
"UBBB","SCEL","2025-09-17T17:43:00Z","2025-09-18T13:12:00Z",320,0,320
"LATI","EKCH","2025-09-18T09:10:00Z","2025-09-18T13:13:00Z",360,0,360
"UBBB","SEQM","2025-09-17T19:42:00Z","2025-09-18T13:13:00Z",300,0,300
"LBSF","OAKB","2025-09-18T06:07:00Z","2025-09-18T13:14:00Z",300,0,300
"OERK","SABE","2025-09-17T20:16:00Z","2025-09-18T13:15:00Z",300,0,300
"OSDI","SABE","2025-09-17T20:46:00Z","2025-09-18T13:15:00Z",300,0,300
"SPIM","SCEL","2025-09-18T08:11:00Z","2025-09-18T13:15:00Z",340,0,340
"EHAM","SBBR","2025-09-18T00:03:00Z","2025-09-18T13:16:00Z",320,0,320
"EHAM","LATI","2025-09-18T09:11:00Z","2025-09-18T13:17:00Z",320,0,320
"LOWW","OERK","2025-09-18T07:34:00Z","2025-09-18T13:17:00Z",340,0,340
"SLLP","OOMS","2025-09-17T17:16:00Z","2025-09-18T13:17:00Z",300,0,300
"EDDI","SCEL","2025-09-17T20:43:00Z","2025-09-18T13:18:00Z",360,0,360
"SBBR","UBBB","2025-09-17T21:38:00Z","2025-09-18T13:18:00Z",360,0,360
"SGAS","SVMI","2025-09-18T06:16:00Z","2025-09-18T13:18:00Z",360,0,360
"UBBB","SBBR","2025-09-17T21:38:00Z","2025-09-18T13:18:00Z",300,0,300
"EBCI","LKPR","2025-09-18T11:26:00Z","2025-09-18T13:19:00Z",300,0,300
"EHAM","SLLP","2025-09-17T23:27:00Z","2025-09-18T13:19:00Z",320,0,320
"SCEL","LBSF","2025-09-17T20:28:00Z","2025-09-18T13:19:00Z",300,0,300
"OOMS","OJAI","2025-09-18T08:16:00Z","2025-09-18T13:20:00Z",360,0,360
"SLLP","SUAA","2025-09-18T09:25:00Z","2025-09-18T13:21:00Z",300,0,300
"UBBB","EDDI","2025-09-18T08:28:00Z","2025-09-18T13:22:00Z",340,0,340
"EBCI","LATI","2025-09-18T10:28:00Z","2025-09-18T13:23:00Z",320,0,320
"OERK","LDZA","2025-09-18T07:54:00Z","2025-09-18T13:23:00Z",360,0,360
"OYSN","VIDP","2025-09-18T07:45:00Z","2025-09-18T13:23:00Z",340,0,340
"OAKB","SEQM","2025-09-17T17:39:00Z","2025-09-18T13:24:00Z",360,0,360
"OOMS","SCEL","2025-09-17T17:45:00Z","2025-09-18T13:25:00Z",300,0,300
"OYSN","SVMI","2025-09-17T21:33:00Z","2025-09-18T13:25:00Z",300,0,300
"EKCH","OAKB","2025-09-18T05:16:00Z","2025-09-18T13:26:00Z",320,0,320
"OOMS","EKCH","2025-09-18T05:55:00Z","2025-09-18T13:26:00Z",360,0,360
"EKCH","SVMI","2025-09-18T01:00:00Z","2025-09-18T13:29:00Z",340,0,340
"SLLP","SVMI","2025-09-18T08:51:00Z","2025-09-18T13:29:00Z",340,0,340
"EBCI","LOWW","2025-09-18T10:22:00Z","2025-09-18T13:30:00Z",320,0,320
"EKCH","EDDI","2025-09-18T11:05:00Z","2025-09-18T13:30:00Z",360,0,360
"LBSF","LATI","2025-09-18T11:04:00Z","2025-09-18T13:30:00Z",360,0,360
"LDZA","LATI","2025-09-18T11:52:00Z","2025-09-18T13:30:00Z",340,0,340
"OMDB","SUAA","2025-09-17T19:40:00Z","2025-09-18T13:30:00Z",340,0,340
"OSDI","SKBO","2025-09-17T21:54:00Z","2025-09-18T13:30:00Z",300,0,300
"SBBR","SLLP","2025-09-18T09:40:00Z","2025-09-18T13:30:00Z",360,0,360
"OAKB","OSDI","2025-09-18T08:41:00Z","2025-09-18T13:31:00Z",300,0,300
"SBBR","OERK","2025-09-17T22:43:00Z","2025-09-18T13:31:00Z",360,0,360
"SUAA","OYSN","2025-09-17T21:38:00Z","2025-09-18T13:31:00Z",320,0,320
"EKCH","SLLP","2025-09-17T22:54:00Z","2025-09-18T13:32:00Z",320,0,320
"OPKC","OMDB","2025-09-18T10:00:00Z","2025-09-18T13:32:00Z",320,0,320
"SBBR","EDDI","2025-09-18T00:42:00Z","2025-09-18T13:32:00Z",340,0,340
"LBSF","SABE","2025-09-17T21:43:00Z","2025-09-18T13:33:00Z",320,0,320
"OAKB","LATI","2025-09-18T06:01:00Z","2025-09-18T13:34:00Z",300,0,300
"OAKB","SCEL","2025-09-17T15:09:00Z","2025-09-18T13:34:00Z",320,0,320
"OPKC","OOMS","2025-09-18T10:25:00Z","2025-09-18T13:34:00Z",300,0,300
"SABE","OSDI","2025-09-17T20:06:00Z","2025-09-18T13:35:00Z",340,0,340
"SKBO","LATI","2025-09-17T23:04:00Z","2025-09-18T13:36:00Z",320,0,320
"OERK","SVMI","2025-09-17T21:52:00Z","2025-09-18T13:37:00Z",320,0,320
"SUAA","LOWW","2025-09-17T21:03:00Z","2025-09-18T13:37:00Z",320,0,320
"SCEL","SABE","2025-09-18T10:14:00Z","2025-09-18T13:38:00Z",340,0,340
"SPIM","OYSN","2025-09-17T18:28:00Z","2025-09-18T13:38:00Z",340,0,340
"UMMS","VIDP","2025-09-18T05:32:00Z","2025-09-18T13:38:00Z",340,0,340
"EHAM","SKBO","2025-09-18T00:32:00Z","2025-09-18T13:39:00Z",320,0,320
"LDZA","SKBO","2025-09-17T23:28:00Z","2025-09-18T13:39:00Z",320,0,320
"LDZA","LKPR","2025-09-18T11:57:00Z","2025-09-18T13:40:00Z",360,0,360
"LOWW","EDDI","2025-09-18T11:04:00Z","2025-09-18T13:41:00Z",340,0,340
"OMDB","OOMS","2025-09-18T11:13:00Z","2025-09-18T13:41:00Z",340,0,340
"SGAS","EDDI","2025-09-17T22:57:00Z","2025-09-18T13:41:00Z",360,0,360
"EHAM","LBSF","2025-09-18T09:26:00Z","2025-09-18T13:42:00Z",300,0,300
"OAKB","VIDP","2025-09-18T10:26:00Z","2025-09-18T13:42:00Z",340,0,340
"LDZA","SEQM","2025-09-17T23:44:00Z","2025-09-18T13:43:00Z",320,0,320
"OERK","LOWW","2025-09-18T07:00:00Z","2025-09-18T13:43:00Z",340,0,340
"OSDI","SEQM","2025-09-17T20:21:00Z","2025-09-18T13:43:00Z",300,0,300
"SGAS","SCEL","2025-09-18T10:47:00Z","2025-09-18T13:43:00Z",320,0,320
"OAKB","UBBB","2025-09-18T09:28:00Z","2025-09-18T13:44:00Z",360,0,360
"LOWW","LKPR","2025-09-18T11:25:00Z","2025-09-18T13:45:00Z",340,0,340
"OERK","EKCH","2025-09-18T06:11:00Z","2025-09-18T13:45:00Z",360,0,360
"OMDB","OPKC","2025-09-18T10:13:00Z","2025-09-18T13:45:00Z",340,0,340
"SLLP","OMDB","2025-09-17T18:07:00Z","2025-09-18T13:46:00Z",300,0,300
"LKPR","LOWW","2025-09-18T11:27:00Z","2025-09-18T13:47:00Z",360,0,360
"LOWW","OSDI","2025-09-18T09:49:00Z","2025-09-18T13:47:00Z",360,0,360
"SLLP","OJAI","2025-09-17T20:33:00Z","2025-09-18T13:48:00Z",360,0,360
"LKPR","SKBO","2025-09-18T00:50:00Z","2025-09-18T13:49:00Z",320,0,320
"SABE","LBSF","2025-09-17T21:59:00Z","2025-09-18T13:49:00Z",360,0,360
"SABE","SEQM","2025-09-18T06:24:00Z","2025-09-18T13:49:00Z",320,0,320
"OAKB","LKPR","2025-09-18T06:51:00Z","2025-09-18T13:50:00Z",340,0,340
"EHAM","OOMS","2025-09-18T04:51:00Z","2025-09-18T13:51:00Z",300,0,300
"SGAS","SKBO","2025-09-18T07:11:00Z","2025-09-18T13:51:00Z",320,0,320
"SPIM","SKBO","2025-09-18T09:35:00Z","2025-09-18T13:51:00Z",340,0,340
"EHAM","VIDP","2025-09-18T03:45:00Z","2025-09-18T13:52:00Z",360,0,360
"LKPR","OJAI","2025-09-18T08:26:00Z","2025-09-18T13:52:00Z",340,0,340
"OOMS","OERK","2025-09-18T10:21:00Z","2025-09-18T13:53:00Z",320,0,320
"OYSN","LATI","2025-09-18T07:09:00Z","2025-09-18T13:53:00Z",360,0,360
"EBCI","SUAA","2025-09-17T22:02:00Z","2025-09-18T13:55:00Z",340,0,340
"OSDI","SVMI","2025-09-17T22:43:00Z","2025-09-18T13:55:00Z",320,0,320
"SKBO","OYSN","2025-09-17T19:44:00Z","2025-09-18T13:55:00Z",300,0,300
"SVMI","SKBO","2025-09-18T10:33:00Z","2025-09-18T13:56:00Z",340,0,340
"EBCI","LBSF","2025-09-18T09:48:00Z","2025-09-18T13:57:00Z",320,0,320
"LATI","SVMI","2025-09-18T00:48:00Z","2025-09-18T13:57:00Z",340,0,340
"UBBB","LKPR","2025-09-18T08:11:00Z","2025-09-18T13:57:00Z",320,0,320
"OERK","EBCI","2025-09-18T06:10:00Z","2025-09-18T13:59:00Z",360,0,360
"OJAI","LDZA","2025-09-18T09:08:00Z","2025-09-18T13:59:00Z",320,0,320
"SPIM","OJAI","2025-09-17T20:56:00Z","2025-09-18T14:00:00Z",360,0,360
"OMDB","LDZA","2025-09-18T07:51:00Z","2025-09-18T14:03:00Z",300,0,300
"OMDB","SUAA","2025-09-17T20:13:00Z","2025-09-18T14:03:00Z",300,0,300
"UMMS","OSDI","2025-09-18T10:09:00Z","2025-09-18T14:03:00Z",360,0,360
"EKCH","SBBR","2025-09-18T00:04:00Z","2025-09-18T14:04:00Z",320,0,320
"OSDI","EDDI","2025-09-18T09:33:00Z","2025-09-18T14:04:00Z",340,0,340
"SCEL","UBBB","2025-09-17T18:36:00Z","2025-09-18T14:05:00Z",360,0,360
"SKBO","OJAI","2025-09-17T22:32:00Z","2025-09-18T14:05:00Z",360,0,360
"OOMS","OPKC","2025-09-18T11:57:00Z","2025-09-18T14:06:00Z",340,0,340
"OYSN","LDZA","2025-09-18T07:46:00Z","2025-09-18T14:06:00Z",300,0,300
"SCEL","OYSN","2025-09-17T20:35:00Z","2025-09-18T14:06:00Z",300,0,300
"LBSF","OSDI","2025-09-18T11:13:00Z","2025-09-18T14:07:00Z",300,0,300
"OERK","UMMS","2025-09-18T08:40:00Z","2025-09-18T14:08:00Z",320,0,320
"SBBR","VIDP","2025-09-17T19:24:00Z","2025-09-18T14:08:00Z",360,0,360
"SCEL","SKBO","2025-09-18T07:56:00Z","2025-09-18T14:08:00Z",300,0,300
"VIDP","LOWW","2025-09-18T05:04:00Z","2025-09-18T14:08:00Z",360,0,360
"SABE","OMDB","2025-09-17T19:05:00Z","2025-09-18T14:09:00Z",340,0,340
"LKPR","LATI","2025-09-18T11:49:00Z","2025-09-18T14:10:00Z",360,0,360
"OJAI","LBSF","2025-09-18T10:09:00Z","2025-09-18T14:11:00Z",320,0,320
"SABE","LATI","2025-09-17T22:46:00Z","2025-09-18T14:11:00Z",300,0,300
"SEQM","VIDP","2025-09-17T16:10:00Z","2025-09-18T14:11:00Z",300,0,300
"EBCI","EHAM","2025-09-18T12:56:00Z","2025-09-18T14:12:00Z",320,0,320
"UMMS","UBBB","2025-09-18T10:26:00Z","2025-09-18T14:12:00Z",320,0,320
"VIDP","EHAM","2025-09-18T04:05:00Z","2025-09-18T14:12:00Z",320,0,320
"SEQM","OJAI","2025-09-17T21:54:00Z","2025-09-18T14:13:00Z",320,0,320
"UMMS","OAKB","2025-09-18T08:23:00Z","2025-09-18T14:13:00Z",320,0,320
"SEQM","LDZA","2025-09-18T00:15:00Z","2025-09-18T14:14:00Z",320,0,320
"SPIM","EHAM","2025-09-17T23:05:00Z","2025-09-18T14:14:00Z",300,0,300
"SUAA","SGAS","2025-09-18T11:59:00Z","2025-09-18T14:14:00Z",340,0,340
"VIDP","LBSF","2025-09-18T06:53:00Z","2025-09-18T14:15:00Z",340,0,340
"SGAS","EBCI","2025-09-18T00:21:00Z","2025-09-18T14:16:00Z",360,0,360
"EBCI","OYSN","2025-09-18T06:38:00Z","2025-09-18T14:17:00Z",320,0,320
"EKCH","SCEL","2025-09-17T21:35:00Z","2025-09-18T14:17:00Z",320,0,320
"LATI","OPKC","2025-09-18T06:14:00Z","2025-09-18T14:17:00Z",320,0,320
"OPKC","SCEL","2025-09-17T17:30:00Z","2025-09-18T14:17:00Z",300,0,300
"SUAA","SABE","2025-09-18T12:04:00Z","2025-09-18T14:17:00Z",320,0,320
"UMMS","EBCI","2025-09-18T10:10:00Z","2025-09-18T14:17:00Z",360,0,360
"VIDP","SUAA","2025-09-17T17:45:00Z","2025-09-18T14:17:00Z",340,0,340
"SEQM","SUAA","2025-09-18T07:45:00Z","2025-09-18T14:18:00Z",300,0,300
"SKBO","OERK","2025-09-17T20:11:00Z","2025-09-18T14:18:00Z",340,0,340
"OYSN","OJAI","2025-09-18T10:48:00Z","2025-09-18T14:19:00Z",300,0,300
"SKBO","EKCH","2025-09-18T01:31:00Z","2025-09-18T14:19:00Z",320,0,320
"SKBO","EHAM","2025-09-18T01:13:00Z","2025-09-18T14:20:00Z",360,0,360
"EDDI","LOWW","2025-09-18T12:44:00Z","2025-09-18T14:21:00Z",340,0,340
"SLLP","LKPR","2025-09-17T23:47:00Z","2025-09-18T14:22:00Z",360,0,360
"VIDP","EDDI","2025-09-18T05:01:00Z","2025-09-18T14:22:00Z",300,0,300
"LATI","OYSN","2025-09-18T08:39:00Z","2025-09-18T14:23:00Z",300,0,300
"SGAS","SBBR","2025-09-18T11:28:00Z","2025-09-18T14:23:00Z",360,0,360
"LOWW","OMDB","2025-09-18T07:03:00Z","2025-09-18T14:24:00Z",360,0,360
"OERK","UBBB","2025-09-18T10:07:00Z","2025-09-18T14:24:00Z",300,0,300
"LKPR","SCEL","2025-09-17T21:52:00Z","2025-09-18T14:25:00Z",320,0,320
"SUAA","LKPR","2025-09-17T22:50:00Z","2025-09-18T14:25:00Z",300,0,300
"UBBB","SKBO","2025-09-17T21:41:00Z","2025-09-18T14:25:00Z",320,0,320
"VIDP","SKBO","2025-09-17T17:11:00Z","2025-09-18T14:25:00Z",320,0,320
"OOMS","OYSN","2025-09-18T10:17:00Z","2025-09-18T14:26:00Z",340,0,340
"OSDI","SABE","2025-09-17T21:57:00Z","2025-09-18T14:26:00Z",360,0,360
"OERK","OAKB","2025-09-18T09:20:00Z","2025-09-18T14:27:00Z",340,0,340
"OERK","SKBO","2025-09-17T20:20:00Z","2025-09-18T14:27:00Z",340,0,340
"SVMI","OAKB","2025-09-17T20:51:00Z","2025-09-18T14:27:00Z",340,0,340
"EKCH","LOWW","2025-09-18T11:26:00Z","2025-09-18T14:28:00Z",340,0,340
"SABE","EBCI","2025-09-17T22:27:00Z","2025-09-18T14:28:00Z",340,0,340
"LOWW","SCEL","2025-09-17T21:54:00Z","2025-09-18T14:29:00Z",360,0,360
"OOMS","SEQM","2025-09-17T18:06:00Z","2025-09-18T14:29:00Z",320,0,320
"SUAA","OMDB","2025-09-17T20:39:00Z","2025-09-18T14:29:00Z",300,0,300
"UBBB","SBBR","2025-09-17T22:49:00Z","2025-09-18T14:29:00Z",340,0,340
"SUAA","EKCH","2025-09-17T22:39:00Z","2025-09-18T14:30:00Z",340,0,340
"EHAM","VIDP","2025-09-18T04:24:00Z","2025-09-18T14:31:00Z",300,0,300
"OSDI","SEQM","2025-09-17T21:09:00Z","2025-09-18T14:31:00Z",340,0,340
"SGAS","OMDB","2025-09-17T20:52:00Z","2025-09-18T14:31:00Z",340,0,340
"LBSF","LKPR","2025-09-18T11:07:00Z","2025-09-18T14:32:00Z",300,0,300
"LKPR","OSDI","2025-09-18T09:15:00Z","2025-09-18T14:32:00Z",320,0,320
"SABE","OOMS","2025-09-17T19:15:00Z","2025-09-18T14:32:00Z",340,0,340
"UBBB","SUAA","2025-09-17T19:28:00Z","2025-09-18T14:34:00Z",360,0,360
"OERK","LKPR","2025-09-18T07:34:00Z","2025-09-18T14:35:00Z",320,0,320
"OERK","OOMS","2025-09-18T11:03:00Z","2025-09-18T14:35:00Z",340,0,340
"UBBB","EBCI","2025-09-18T08:55:00Z","2025-09-18T14:35:00Z",320,0,320
"OAKB","SVMI","2025-09-17T20:00:00Z","2025-09-18T14:36:00Z",320,0,320
"OSDI","LBSF","2025-09-18T11:42:00Z","2025-09-18T14:36:00Z",300,0,300
"SKBO","OPKC","2025-09-17T18:01:00Z","2025-09-18T14:36:00Z",300,0,300
"UBBB","OAKB","2025-09-18T10:23:00Z","2025-09-18T14:39:00Z",300,0,300
"LDZA","SPIM","2025-09-17T22:36:00Z","2025-09-18T14:40:00Z",320,0,320
"OYSN","EDDI","2025-09-18T06:27:00Z","2025-09-18T14:40:00Z",300,0,300
"OMDB","OSDI","2025-09-18T10:07:00Z","2025-09-18T14:41:00Z",340,0,340
"SGAS","LDZA","2025-09-17T23:13:00Z","2025-09-18T14:42:00Z",360,0,360
"LKPR","SUAA","2025-09-17T22:08:00Z","2025-09-18T14:43:00Z",300,0,300
"SEQM","OSDI","2025-09-17T21:21:00Z","2025-09-18T14:43:00Z",300,0,300
"UBBB","SGAS","2025-09-17T20:10:00Z","2025-09-18T14:43:00Z",300,0,300
"VIDP","EKCH","2025-09-18T05:17:00Z","2025-09-18T14:43:00Z",360,0,360
"SLLP","OAKB","2025-09-17T17:31:00Z","2025-09-18T14:45:00Z",300,0,300
"EHAM","SPIM","2025-09-17T23:37:00Z","2025-09-18T14:46:00Z",340,0,340
"OYSN","SLLP","2025-09-17T20:43:00Z","2025-09-18T14:46:00Z",320,0,320
"SUAA","OSDI","2025-09-17T21:31:00Z","2025-09-18T14:47:00Z",300,0,300
"OAKB","SUAA","2025-09-17T18:55:00Z","2025-09-18T14:48:00Z",300,0,300
"EBCI","LBSF","2025-09-18T10:40:00Z","2025-09-18T14:49:00Z",340,0,340
"LATI","EHAM","2025-09-18T10:43:00Z","2025-09-18T14:49:00Z",300,0,300
"SKBO","OSDI","2025-09-17T22:13:00Z","2025-09-18T14:49:00Z",300,0,300
"LATI","LKPR","2025-09-18T11:29:00Z","2025-09-18T14:50:00Z",300,0,300
"OAKB","OOMS","2025-09-18T10:48:00Z","2025-09-18T14:50:00Z",300,0,300
"OERK","OJAI","2025-09-18T11:10:00Z","2025-09-18T14:50:00Z",360,0,360
"SGAS","SLLP","2025-09-18T11:56:00Z","2025-09-18T14:50:00Z",340,0,340
"UMMS","SVMI","2025-09-18T01:02:00Z","2025-09-18T14:50:00Z",300,0,300
"VIDP","OAKB","2025-09-18T11:34:00Z","2025-09-18T14:50:00Z",340,0,340
"LDZA","EKCH","2025-09-18T11:25:00Z","2025-09-18T14:51:00Z",300,0,300
"SUAA","SVMI","2025-09-18T06:34:00Z","2025-09-18T14:51:00Z",300,0,300
"OAKB","EHAM","2025-09-18T06:02:00Z","2025-09-18T14:53:00Z",360,0,360
"OERK","OPKC","2025-09-18T10:13:00Z","2025-09-18T14:53:00Z",300,0,300
"OMDB","OJAI","2025-09-18T10:17:00Z","2025-09-18T14:53:00Z",340,0,340
"OPKC","EDDI","2025-09-18T06:59:00Z","2025-09-18T14:53:00Z",300,0,300
"OPKC","OERK","2025-09-18T10:13:00Z","2025-09-18T14:53:00Z",360,0,360
"OYSN","SPIM","2025-09-17T19:44:00Z","2025-09-18T14:54:00Z",300,0,300
"OMDB","EDDI","2025-09-18T07:06:00Z","2025-09-18T14:55:00Z",360,0,360
"OAKB","OMDB","2025-09-18T10:50:00Z","2025-09-18T14:56:00Z",360,0,360
"OJAI","SLLP","2025-09-17T21:42:00Z","2025-09-18T14:57:00Z",340,0,340
"OOMS","EBCI","2025-09-18T06:00:00Z","2025-09-18T14:57:00Z",340,0,340
"SKBO","LBSF","2025-09-18T00:01:00Z","2025-09-18T14:57:00Z",300,0,300
"VIDP","OYSN","2025-09-18T08:20:00Z","2025-09-18T14:58:00Z",320,0,320
"LDZA","OSDI","2025-09-18T10:15:00Z","2025-09-18T14:59:00Z",320,0,320
"OSDI","LATI","2025-09-18T10:48:00Z","2025-09-18T14:59:00Z",300,0,300
"UBBB","UMMS","2025-09-18T11:15:00Z","2025-09-18T15:01:00Z",300,0,300
"SUAA","OJAI","2025-09-17T22:00:00Z","2025-09-18T15:02:00Z",340,0,340
"OERK","SLLP","2025-09-17T21:33:00Z","2025-09-18T15:03:00Z",340,0,340
"EHAM","SABE","2025-09-17T23:52:00Z","2025-09-18T15:04:00Z",340,0,340
"LKPR","SBBR","2025-09-18T02:18:00Z","2025-09-18T15:04:00Z",300,0,300
"OPKC","UMMS","2025-09-18T08:18:00Z","2025-09-18T15:04:00Z",360,0,360
"UMMS","EKCH","2025-09-18T12:44:00Z","2025-09-18T15:04:00Z",300,0,300
"EHAM","SCEL","2025-09-17T23:10:00Z","2025-09-18T15:05:00Z",340,0,340
"LDZA","OYSN","2025-09-18T08:45:00Z","2025-09-18T15:05:00Z",360,0,360
"OERK","LBSF","2025-09-18T10:25:00Z","2025-09-18T15:05:00Z",340,0,340
"SEQM","SBBR","2025-09-18T09:19:00Z","2025-09-18T15:05:00Z",340,0,340
"LKPR","SPIM","2025-09-18T00:10:00Z","2025-09-18T15:07:00Z",360,0,360
"SBBR","LKPR","2025-09-18T02:21:00Z","2025-09-18T15:07:00Z",320,0,320
"SBBR","OAKB","2025-09-17T21:22:00Z","2025-09-18T15:07:00Z",340,0,340
"UMMS","OPKC","2025-09-18T08:21:00Z","2025-09-18T15:07:00Z",340,0,340
"LBSF","LDZA","2025-09-18T13:19:00Z","2025-09-18T15:08:00Z",320,0,320
"OYSN","SCEL","2025-09-17T21:37:00Z","2025-09-18T15:08:00Z",320,0,320
"SKBO","LDZA","2025-09-18T01:58:00Z","2025-09-18T15:09:00Z",360,0,360
"SVMI","SGAS","2025-09-18T08:07:00Z","2025-09-18T15:09:00Z",340,0,340
"OMDB","EHAM","2025-09-18T07:37:00Z","2025-09-18T15:10:00Z",340,0,340
"OYSN","OMDB","2025-09-18T11:10:00Z","2025-09-18T15:10:00Z",340,0,340
"LATI","LDZA","2025-09-18T13:33:00Z","2025-09-18T15:11:00Z",360,0,360
"LOWW","EBCI","2025-09-18T12:04:00Z","2025-09-18T15:12:00Z",360,0,360
"SCEL","OAKB","2025-09-17T17:48:00Z","2025-09-18T15:13:00Z",300,0,300
"SUAA","OAKB","2025-09-17T19:20:00Z","2025-09-18T15:13:00Z",360,0,360
"UMMS","OMDB","2025-09-18T09:23:00Z","2025-09-18T15:13:00Z",300,0,300
"SPIM","SABE","2025-09-18T10:20:00Z","2025-09-18T15:14:00Z",300,0,300
"OOMS","LBSF","2025-09-18T09:24:00Z","2025-09-18T15:15:00Z",360,0,360
"SABE","LKPR","2025-09-17T23:32:00Z","2025-09-18T15:15:00Z",320,0,320
"UMMS","LDZA","2025-09-18T12:42:00Z","2025-09-18T15:15:00Z",360,0,360
"OERK","LATI","2025-09-18T10:20:00Z","2025-09-18T15:16:00Z",340,0,340
"LDZA","EHAM","2025-09-18T12:49:00Z","2025-09-18T15:17:00Z",340,0,340
"OYSN","LKPR","2025-09-18T08:20:00Z","2025-09-18T15:17:00Z",300,0,300
"SBBR","UMMS","2025-09-18T00:15:00Z","2025-09-18T15:17:00Z",340,0,340
"SUAA","OERK","2025-09-17T22:33:00Z","2025-09-18T15:18:00Z",300,0,300
"LKPR","EHAM","2025-09-18T13:24:00Z","2025-09-18T15:19:00Z",320,0,320
"OSDI","OOMS","2025-09-18T10:17:00Z","2025-09-18T15:19:00Z",340,0,340
"OYSN","SUAA","2025-09-17T23:26:00Z","2025-09-18T15:19:00Z",360,0,360
"SUAA","UMMS","2025-09-17T22:29:00Z","2025-09-18T15:19:00Z",300,0,300
"LBSF","SUAA","2025-09-17T23:40:00Z","2025-09-18T15:20:00Z",340,0,340
"OOMS","SKBO","2025-09-17T20:43:00Z","2025-09-18T15:20:00Z",340,0,340
"OSDI","OAKB","2025-09-18T10:30:00Z","2025-09-18T15:20:00Z",320,0,320
"LATI","EBCI","2025-09-18T12:26:00Z","2025-09-18T15:21:00Z",340,0,340
"SCEL","OJAI","2025-09-17T21:53:00Z","2025-09-18T15:21:00Z",340,0,340
"SPIM","EDDI","2025-09-18T00:27:00Z","2025-09-18T15:21:00Z",360,0,360
"SUAA","LATI","2025-09-17T23:09:00Z","2025-09-18T15:23:00Z",300,0,300
"VIDP","LATI","2025-09-18T07:35:00Z","2025-09-18T15:23:00Z",360,0,360
"EKCH","UBBB","2025-09-18T09:19:00Z","2025-09-18T15:24:00Z",340,0,340
"LDZA","LOWW","2025-09-18T13:59:00Z","2025-09-18T15:24:00Z",340,0,340
"SBBR","OOMS","2025-09-17T22:07:00Z","2025-09-18T15:24:00Z",360,0,360
"UBBB","SABE","2025-09-17T20:06:00Z","2025-09-18T15:24:00Z",320,0,320
"EHAM","OJAI","2025-09-18T09:06:00Z","2025-09-18T15:25:00Z",320,0,320
"EKCH","EHAM","2025-09-18T13:38:00Z","2025-09-18T15:25:00Z",360,0,360
"OYSN","SBBR","2025-09-18T00:10:00Z","2025-09-18T15:25:00Z",340,0,340
"VIDP","OPKC","2025-09-18T12:03:00Z","2025-09-18T15:25:00Z",360,0,360
"EBCI","SLLP","2025-09-18T01:41:00Z","2025-09-18T15:26:00Z",320,0,320
"LATI","SLLP","2025-09-18T00:42:00Z","2025-09-18T15:26:00Z",360,0,360
"LATI","VIDP","2025-09-18T07:38:00Z","2025-09-18T15:26:00Z",320,0,320
"SVMI","SUAA","2025-09-18T07:09:00Z","2025-09-18T15:26:00Z",320,0,320
"SABE","SKBO","2025-09-18T08:44:00Z","2025-09-18T15:27:00Z",340,0,340
"SBBR","SVMI","2025-09-18T09:06:00Z","2025-09-18T15:28:00Z",300,0,300
"EKCH","SCEL","2025-09-17T22:47:00Z","2025-09-18T15:29:00Z",320,0,320
"OMDB","SGAS","2025-09-17T21:51:00Z","2025-09-18T15:30:00Z",360,0,360
"SCEL","LOWW","2025-09-17T22:55:00Z","2025-09-18T15:30:00Z",320,0,320
"LDZA","SABE","2025-09-17T23:02:00Z","2025-09-18T15:31:00Z",300,0,300
"OMDB","LBSF","2025-09-18T09:09:00Z","2025-09-18T15:32:00Z",300,0,300
"SEQM","LBSF","2025-09-18T00:49:00Z","2025-09-18T15:32:00Z",300,0,300
"EKCH","OMDB","2025-09-18T07:29:00Z","2025-09-18T15:33:00Z",300,0,300
"OJAI","OYSN","2025-09-18T11:02:00Z","2025-09-18T15:33:00Z",300,0,300
"UBBB","LKPR","2025-09-18T10:47:00Z","2025-09-18T15:33:00Z",320,0,320
"EHAM","EKCH","2025-09-18T13:47:00Z","2025-09-18T15:34:00Z",340,0,340
"OSDI","LDZA","2025-09-18T11:50:00Z","2025-09-18T15:34:00Z",360,0,360
"UMMS","LOWW","2025-09-18T12:18:00Z","2025-09-18T15:34:00Z",320,0,320
"VIDP","OERK","2025-09-18T10:39:00Z","2025-09-18T15:34:00Z",320,0,320
"SABE","EDDI","2025-09-17T23:46:00Z","2025-09-18T15:35:00Z",320,0,320
"SUAA","SLLP","2025-09-18T11:39:00Z","2025-09-18T15:35:00Z",340,0,340
"SVMI","LOWW","2025-09-18T03:47:00Z","2025-09-18T15:35:00Z",320,0,320
"EHAM","OYSN","2025-09-18T07:47:00Z","2025-09-18T15:36:00Z",300,0,300
"SCEL","OPKC","2025-09-17T18:49:00Z","2025-09-18T15:36:00Z",300,0,300
"SUAA","UBBB","2025-09-17T20:30:00Z","2025-09-18T15:36:00Z",320,0,320
"LKPR","SCEL","2025-09-17T22:04:00Z","2025-09-18T15:37:00Z",320,0,320
"OYSN","OOMS","2025-09-18T11:28:00Z","2025-09-18T15:37:00Z",300,0,300
"EDDI","VIDP","2025-09-18T06:17:00Z","2025-09-18T15:38:00Z",300,0,300
"OJAI","EBCI","2025-09-18T09:28:00Z","2025-09-18T15:39:00Z",300,0,300
"SKBO","LOWW","2025-09-18T01:29:00Z","2025-09-18T15:39:00Z",340,0,340
"SVMI","SCEL","2025-09-18T07:37:00Z","2025-09-18T15:39:00Z",360,0,360
"SABE","SGAS","2025-09-18T12:25:00Z","2025-09-18T15:40:00Z",360,0,360
"SVMI","EBCI","2025-09-18T04:58:00Z","2025-09-18T15:41:00Z",360,0,360
"LOWW","LDZA","2025-09-18T13:17:00Z","2025-09-18T15:42:00Z",300,0,300
"OERK","SGAS","2025-09-17T22:13:00Z","2025-09-18T15:44:00Z",340,0,340
"OMDB","OYSN","2025-09-18T11:44:00Z","2025-09-18T15:44:00Z",360,0,360
"OMDB","OERK","2025-09-18T12:36:00Z","2025-09-18T15:45:00Z",360,0,360
"SABE","OPKC","2025-09-17T19:22:00Z","2025-09-18T15:45:00Z",360,0,360
"OJAI","UMMS","2025-09-18T10:37:00Z","2025-09-18T15:46:00Z",300,0,300
"OMDB","SEQM","2025-09-17T20:50:00Z","2025-09-18T15:46:00Z",300,0,300
"EBCI","SEQM","2025-09-18T02:55:00Z","2025-09-18T15:47:00Z",320,0,320
"EHAM","UBBB","2025-09-18T09:06:00Z","2025-09-18T15:47:00Z",360,0,360
"LKPR","OAKB","2025-09-18T08:48:00Z","2025-09-18T15:47:00Z",320,0,320
"OAKB","UMMS","2025-09-18T09:57:00Z","2025-09-18T15:47:00Z",300,0,300
"SKBO","SVMI","2025-09-18T12:24:00Z","2025-09-18T15:47:00Z",300,0,300
"OSDI","EHAM","2025-09-18T09:38:00Z","2025-09-18T15:48:00Z",360,0,360
"OYSN","UBBB","2025-09-18T10:14:00Z","2025-09-18T15:48:00Z",300,0,300
"EHAM","LDZA","2025-09-18T12:21:00Z","2025-09-18T15:49:00Z",320,0,320
"EKCH","LBSF","2025-09-18T11:45:00Z","2025-09-18T15:49:00Z",340,0,340
"LDZA","SGAS","2025-09-18T00:20:00Z","2025-09-18T15:49:00Z",360,0,360
"SEQM","EHAM","2025-09-18T02:55:00Z","2025-09-18T15:49:00Z",340,0,340
"SEQM","LOWW","2025-09-18T01:52:00Z","2025-09-18T15:49:00Z",320,0,320
"OPKC","EBCI","2025-09-18T06:11:00Z","2025-09-18T15:50:00Z",360,0,360
"SPIM","SVMI","2025-09-18T10:24:00Z","2025-09-18T15:50:00Z",320,0,320
"EBCI","EKCH","2025-09-18T13:54:00Z","2025-09-18T15:52:00Z",360,0,360
"SBBR","EBCI","2025-09-18T02:50:00Z","2025-09-18T15:52:00Z",340,0,340
"SEQM","SKBO","2025-09-18T13:05:00Z","2025-09-18T15:52:00Z",320,0,320
"SGAS","EKCH","2025-09-18T00:00:00Z","2025-09-18T15:52:00Z",340,0,340
"LKPR","OERK","2025-09-18T08:52:00Z","2025-09-18T15:53:00Z",320,0,320
"OPKC","SKBO","2025-09-17T19:18:00Z","2025-09-18T15:53:00Z",360,0,360
"SLLP","EBCI","2025-09-18T01:08:00Z","2025-09-18T15:53:00Z",320,0,320
"LATI","LBSF","2025-09-18T13:28:00Z","2025-09-18T15:54:00Z",340,0,340
"SUAA","LDZA","2025-09-17T23:35:00Z","2025-09-18T15:54:00Z",300,0,300
"EBCI","SBBR","2025-09-18T02:53:00Z","2025-09-18T15:55:00Z",320,0,320
"EDDI","OYSN","2025-09-18T07:42:00Z","2025-09-18T15:55:00Z",320,0,320
"LATI","SABE","2025-09-17T23:30:00Z","2025-09-18T15:55:00Z",340,0,340
"OMDB","SBBR","2025-09-17T23:59:00Z","2025-09-18T15:56:00Z",320,0,320
"SKBO","LKPR","2025-09-18T02:57:00Z","2025-09-18T15:56:00Z",320,0,320
"EKCH","OYSN","2025-09-18T07:23:00Z","2025-09-18T15:57:00Z",300,0,300
"LKPR","SVMI","2025-09-18T03:20:00Z","2025-09-18T15:57:00Z",360,0,360
"SLLP","SVMI","2025-09-18T10:19:00Z","2025-09-18T15:57:00Z",300,0,300
"OPKC","EKCH","2025-09-18T06:53:00Z","2025-09-18T15:58:00Z",300,0,300
"VIDP","SLLP","2025-09-17T17:37:00Z","2025-09-18T15:58:00Z",360,0,360
"LATI","EDDI","2025-09-18T12:21:00Z","2025-09-18T15:59:00Z",320,0,320
"SGAS","SPIM","2025-09-18T10:47:00Z","2025-09-18T15:59:00Z",320,0,320
"UBBB","LBSF","2025-09-18T12:09:00Z","2025-09-18T16:00:00Z",300,0,300
"UBBB","SGAS","2025-09-17T22:27:00Z","2025-09-18T16:00:00Z",340,0,340
"EHAM","OPKC","2025-09-18T07:21:00Z","2025-09-18T16:01:00Z",320,0,320
"OERK","OMDB","2025-09-18T13:52:00Z","2025-09-18T16:01:00Z",340,0,340
"OJAI","SCEL","2025-09-17T22:33:00Z","2025-09-18T16:01:00Z",340,0,340
"SPIM","LKPR","2025-09-18T01:04:00Z","2025-09-18T16:01:00Z",320,0,320
"UMMS","SBBR","2025-09-18T01:59:00Z","2025-09-18T16:01:00Z",300,0,300
"EHAM","LOWW","2025-09-18T13:50:00Z","2025-09-18T16:02:00Z",320,0,320
"OPKC","OYSN","2025-09-18T11:46:00Z","2025-09-18T16:02:00Z",300,0,300
"SCEL","OMDB","2025-09-17T20:37:00Z","2025-09-18T16:03:00Z",360,0,360
"OSDI","SUAA","2025-09-17T23:48:00Z","2025-09-18T16:04:00Z",360,0,360
"OSDI","UMMS","2025-09-18T12:10:00Z","2025-09-18T16:04:00Z",300,0,300
"OOMS","LKPR","2025-09-18T08:00:00Z","2025-09-18T16:05:00Z",340,0,340
"LKPR","OPKC","2025-09-18T08:22:00Z","2025-09-18T16:07:00Z",340,0,340
"OSDI","LOWW","2025-09-18T12:09:00Z","2025-09-18T16:07:00Z",300,0,300
"SVMI","OSDI","2025-09-18T01:55:00Z","2025-09-18T16:07:00Z",320,0,320
"SEQM","OSDI","2025-09-17T23:46:00Z","2025-09-18T16:08:00Z",300,0,300
"OSDI","OMDB","2025-09-18T12:35:00Z","2025-09-18T16:09:00Z",320,0,320
"SCEL","OERK","2025-09-17T21:50:00Z","2025-09-18T16:09:00Z",300,0,300
"UBBB","SKBO","2025-09-17T23:25:00Z","2025-09-18T16:09:00Z",300,0,300
"EKCH","OPKC","2025-09-18T07:06:00Z","2025-09-18T16:11:00Z",340,0,340
"OERK","SKBO","2025-09-17T22:04:00Z","2025-09-18T16:11:00Z",300,0,300
"OYSN","SABE","2025-09-17T23:04:00Z","2025-09-18T16:11:00Z",300,0,300
"SBBR","SPIM","2025-09-18T10:06:00Z","2025-09-18T16:11:00Z",340,0,340
"SEQM","SABE","2025-09-18T09:47:00Z","2025-09-18T16:12:00Z",360,0,360
"EKCH","UMMS","2025-09-18T13:53:00Z","2025-09-18T16:13:00Z",300,0,300
"LATI","OOMS","2025-09-18T09:01:00Z","2025-09-18T16:13:00Z",340,0,340
"LOWW","SGAS","2025-09-18T01:33:00Z","2025-09-18T16:14:00Z",340,0,340
"OJAI","OMDB","2025-09-18T12:38:00Z","2025-09-18T16:14:00Z",320,0,320
"SCEL","EBCI","2025-09-18T00:28:00Z","2025-09-18T16:14:00Z",340,0,340
"SPIM","OAKB","2025-09-17T19:22:00Z","2025-09-18T16:14:00Z",320,0,320
"SLLP","EDDI","2025-09-18T01:40:00Z","2025-09-18T16:15:00Z",360,0,360
"LBSF","SEQM","2025-09-18T01:33:00Z","2025-09-18T16:16:00Z",300,0,300
"OOMS","SLLP","2025-09-17T20:15:00Z","2025-09-18T16:16:00Z",300,0,300
"VIDP","SEQM","2025-09-17T18:15:00Z","2025-09-18T16:16:00Z",320,0,320
"LBSF","UBBB","2025-09-18T12:26:00Z","2025-09-18T16:17:00Z",340,0,340
"UBBB","SEQM","2025-09-17T22:46:00Z","2025-09-18T16:17:00Z",340,0,340
"UMMS","OOMS","2025-09-18T09:01:00Z","2025-09-18T16:17:00Z",320,0,320
"EKCH","VIDP","2025-09-18T07:53:00Z","2025-09-18T16:19:00Z",340,0,340
"LDZA","EDDI","2025-09-18T13:18:00Z","2025-09-18T16:19:00Z",340,0,340
"LOWW","EHAM","2025-09-18T13:07:00Z","2025-09-18T16:19:00Z",320,0,320
"SLLP","EKCH","2025-09-18T01:41:00Z","2025-09-18T16:19:00Z",340,0,340
"SABE","SBBR","2025-09-18T12:22:00Z","2025-09-18T16:21:00Z",320,0,320
"LOWW","VIDP","2025-09-18T07:18:00Z","2025-09-18T16:22:00Z",320,0,320
"OPKC","SABE","2025-09-17T20:59:00Z","2025-09-18T16:22:00Z",320,0,320
"SBBR","SEQM","2025-09-18T10:36:00Z","2025-09-18T16:22:00Z",340,0,340
"EHAM","UBBB","2025-09-18T10:42:00Z","2025-09-18T16:23:00Z",300,0,300
"EKCH","SUAA","2025-09-18T00:33:00Z","2025-09-18T16:24:00Z",360,0,360
"OPKC","SVMI","2025-09-17T21:13:00Z","2025-09-18T16:24:00Z",360,0,360
"OPKC","LOWW","2025-09-18T08:54:00Z","2025-09-18T16:25:00Z",340,0,340
"OYSN","OSDI","2025-09-18T12:44:00Z","2025-09-18T16:26:00Z",340,0,340
"UMMS","SCEL","2025-09-17T22:36:00Z","2025-09-18T16:26:00Z",340,0,340
"SBBR","LBSF","2025-09-18T02:27:00Z","2025-09-18T16:27:00Z",360,0,360
"UBBB","OMDB","2025-09-18T12:17:00Z","2025-09-18T16:27:00Z",300,0,300
"SPIM","OSDI","2025-09-17T22:18:00Z","2025-09-18T16:29:00Z",360,0,360
"SPIM","SABE","2025-09-18T11:35:00Z","2025-09-18T16:29:00Z",360,0,360
"EHAM","LATI","2025-09-18T12:24:00Z","2025-09-18T16:30:00Z",320,0,320
"SEQM","OMDB","2025-09-17T21:34:00Z","2025-09-18T16:30:00Z",300,0,300
"SEQM","OPKC","2025-09-17T19:09:00Z","2025-09-18T16:31:00Z",320,0,320
"LBSF","EHAM","2025-09-18T12:17:00Z","2025-09-18T16:33:00Z",360,0,360
"UMMS","SABE","2025-09-17T23:34:00Z","2025-09-18T16:33:00Z",340,0,340
"EDDI","SUAA","2025-09-18T00:55:00Z","2025-09-18T16:35:00Z",320,0,320
"EHAM","SGAS","2025-09-18T01:30:00Z","2025-09-18T16:35:00Z",360,0,360
"SEQM","LKPR","2025-09-18T02:49:00Z","2025-09-18T16:35:00Z",300,0,300
"SVMI","VIDP","2025-09-17T21:44:00Z","2025-09-18T16:36:00Z",300,0,300
"SUAA","EDDI","2025-09-18T00:57:00Z","2025-09-18T16:37:00Z",300,0,300
"EBCI","SVMI","2025-09-18T05:55:00Z","2025-09-18T16:38:00Z",360,0,360
"LDZA","SUAA","2025-09-18T00:20:00Z","2025-09-18T16:39:00Z",300,0,300
"EDDI","LDZA","2025-09-18T13:39:00Z","2025-09-18T16:40:00Z",320,0,320
"LBSF","SPIM","2025-09-18T00:56:00Z","2025-09-18T16:40:00Z",360,0,360
"OJAI","EDDI","2025-09-18T11:58:00Z","2025-09-18T16:40:00Z",360,0,360
"SLLP","SGAS","2025-09-18T13:46:00Z","2025-09-18T16:40:00Z",300,0,300
"EBCI","OOMS","2025-09-18T08:45:00Z","2025-09-18T16:42:00Z",340,0,340
"LOWW","SLLP","2025-09-18T01:01:00Z","2025-09-18T16:42:00Z",300,0,300
"LOWW","SUAA","2025-09-18T00:08:00Z","2025-09-18T16:42:00Z",340,0,340
"SPIM","OERK","2025-09-17T21:15:00Z","2025-09-18T16:42:00Z",320,0,320
"VIDP","OSDI","2025-09-18T10:45:00Z","2025-09-18T16:42:00Z",340,0,340
"OSDI","UBBB","2025-09-18T13:52:00Z","2025-09-18T16:43:00Z",340,0,340
"SABE","UMMS","2025-09-17T23:44:00Z","2025-09-18T16:43:00Z",340,0,340
"OJAI","LOWW","2025-09-18T11:37:00Z","2025-09-18T16:44:00Z",300,0,300
"SUAA","OOMS","2025-09-17T21:41:00Z","2025-09-18T16:44:00Z",300,0,300
"EBCI","OERK","2025-09-18T09:56:00Z","2025-09-18T16:45:00Z",320,0,320
"LATI","SUAA","2025-09-18T00:32:00Z","2025-09-18T16:46:00Z",320,0,320
"LKPR","LDZA","2025-09-18T14:03:00Z","2025-09-18T16:46:00Z",360,0,360
"SGAS","EHAM","2025-09-18T01:41:00Z","2025-09-18T16:46:00Z",320,0,320
"EKCH","SVMI","2025-09-18T04:18:00Z","2025-09-18T16:47:00Z",340,0,340
"SCEL","SVMI","2025-09-18T08:45:00Z","2025-09-18T16:47:00Z",340,0,340
"OYSN","SPIM","2025-09-17T21:38:00Z","2025-09-18T16:48:00Z",300,0,300
"SGAS","LBSF","2025-09-18T01:53:00Z","2025-09-18T16:48:00Z",360,0,360
"OMDB","LOWW","2025-09-18T09:29:00Z","2025-09-18T16:50:00Z",360,0,360
"LATI","SBBR","2025-09-18T03:17:00Z","2025-09-18T16:51:00Z",360,0,360
"OPKC","SCEL","2025-09-17T19:04:00Z","2025-09-18T16:51:00Z",320,0,320
"SPIM","SEQM","2025-09-18T13:10:00Z","2025-09-18T16:51:00Z",300,0,300
"OJAI","OOMS","2025-09-18T11:49:00Z","2025-09-18T16:53:00Z",340,0,340
"OOMS","UBBB","2025-09-18T12:20:00Z","2025-09-18T16:53:00Z",340,0,340
"SUAA","SBBR","2025-09-18T12:00:00Z","2025-09-18T16:53:00Z",340,0,340
"SVMI","LKPR","2025-09-18T04:17:00Z","2025-09-18T16:54:00Z",340,0,340
"SVMI","LOWW","2025-09-18T04:06:00Z","2025-09-18T16:54:00Z",300,0,300
"LOWW","OJAI","2025-09-18T11:48:00Z","2025-09-18T16:55:00Z",300,0,300
"OOMS","SGAS","2025-09-17T22:58:00Z","2025-09-18T16:55:00Z",340,0,340
"LDZA","SBBR","2025-09-18T03:22:00Z","2025-09-18T16:56:00Z",360,0,360
"SBBR","SABE","2025-09-18T12:57:00Z","2025-09-18T16:56:00Z",360,0,360
"EHAM","LBSF","2025-09-18T12:41:00Z","2025-09-18T16:57:00Z",360,0,360
"SEQM","SCEL","2025-09-18T10:14:00Z","2025-09-18T16:58:00Z",360,0,360
"EBCI","LDZA","2025-09-18T13:40:00Z","2025-09-18T16:59:00Z",360,0,360
"EDDI","SPIM","2025-09-18T01:05:00Z","2025-09-18T16:59:00Z",360,0,360
"SCEL","OYSN","2025-09-17T22:28:00Z","2025-09-18T16:59:00Z",340,0,340
"SUAA","SVMI","2025-09-18T09:43:00Z","2025-09-18T17:00:00Z",360,0,360
"OMDB","LATI","2025-09-18T11:17:00Z","2025-09-18T17:01:00Z",300,0,300
"SCEL","OMDB","2025-09-17T21:36:00Z","2025-09-18T17:02:00Z",360,0,360
"SKBO","SPIM","2025-09-18T13:46:00Z","2025-09-18T17:02:00Z",300,0,300
"UBBB","OERK","2025-09-18T13:46:00Z","2025-09-18T17:03:00Z",340,0,340
"SCEL","EHAM","2025-09-18T01:09:00Z","2025-09-18T17:04:00Z",360,0,360
"SEQM","EDDI","2025-09-18T03:24:00Z","2025-09-18T17:04:00Z",340,0,340
"LKPR","SABE","2025-09-18T01:22:00Z","2025-09-18T17:05:00Z",300,0,300
"SBBR","SUAA","2025-09-18T13:12:00Z","2025-09-18T17:05:00Z",360,0,360
"SCEL","SEQM","2025-09-18T11:21:00Z","2025-09-18T17:05:00Z",360,0,360
"LOWW","SKBO","2025-09-18T03:56:00Z","2025-09-18T17:06:00Z",360,0,360
"OMDB","SABE","2025-09-17T22:02:00Z","2025-09-18T17:06:00Z",300,0,300
"SVMI","OAKB","2025-09-17T23:30:00Z","2025-09-18T17:06:00Z",320,0,320
"OERK","EHAM","2025-09-18T10:12:00Z","2025-09-18T17:07:00Z",300,0,300
"SPIM","LBSF","2025-09-18T01:23:00Z","2025-09-18T17:07:00Z",360,0,360
"UBBB","EHAM","2025-09-18T11:27:00Z","2025-09-18T17:08:00Z",340,0,340
"OJAI","SKBO","2025-09-18T01:36:00Z","2025-09-18T17:09:00Z",320,0,320
"LKPR","SEQM","2025-09-18T03:24:00Z","2025-09-18T17:10:00Z",300,0,300
"SBBR","OYSN","2025-09-18T02:56:00Z","2025-09-18T17:11:00Z",300,0,300
"SPIM","VIDP","2025-09-17T18:05:00Z","2025-09-18T17:11:00Z",320,0,320
"OPKC","UBBB","2025-09-18T12:12:00Z","2025-09-18T17:12:00Z",360,0,360
"OYSN","SGAS","2025-09-18T01:22:00Z","2025-09-18T17:12:00Z",300,0,300
"LOWW","SEQM","2025-09-18T03:16:00Z","2025-09-18T17:13:00Z",360,0,360
"OYSN","LOWW","2025-09-18T10:35:00Z","2025-09-18T17:13:00Z",300,0,300
"SKBO","EBCI","2025-09-18T04:08:00Z","2025-09-18T17:13:00Z",340,0,340
"SLLP","SCEL","2025-09-18T13:52:00Z","2025-09-18T17:15:00Z",320,0,320
"EDDI","UMMS","2025-09-18T14:00:00Z","2025-09-18T17:16:00Z",320,0,320
"OMDB","SPIM","2025-09-17T21:41:00Z","2025-09-18T17:16:00Z",360,0,360
"UBBB","SLLP","2025-09-17T22:16:00Z","2025-09-18T17:16:00Z",320,0,320
"LATI","UBBB","2025-09-18T12:01:00Z","2025-09-18T17:18:00Z",360,0,360
"OAKB","LKPR","2025-09-18T10:19:00Z","2025-09-18T17:18:00Z",320,0,320
"SPIM","SKBO","2025-09-18T13:02:00Z","2025-09-18T17:18:00Z",300,0,300
"OYSN","SEQM","2025-09-17T23:27:00Z","2025-09-18T17:20:00Z",340,0,340
"UBBB","VIDP","2025-09-18T12:49:00Z","2025-09-18T17:20:00Z",320,0,320
"EBCI","UMMS","2025-09-18T13:14:00Z","2025-09-18T17:21:00Z",340,0,340
"LKPR","SGAS","2025-09-18T02:41:00Z","2025-09-18T17:21:00Z",340,0,340
"LOWW","SBBR","2025-09-18T04:35:00Z","2025-09-18T17:21:00Z",320,0,320
"LKPR","OAKB","2025-09-18T10:23:00Z","2025-09-18T17:22:00Z",360,0,360
"LATI","SGAS","2025-09-18T02:54:00Z","2025-09-18T17:23:00Z",320,0,320
"SABE","OAKB","2025-09-17T20:17:00Z","2025-09-18T17:23:00Z",360,0,360
"OSDI","OYSN","2025-09-18T13:42:00Z","2025-09-18T17:24:00Z",340,0,340
"SGAS","OERK","2025-09-18T00:53:00Z","2025-09-18T17:24:00Z",360,0,360
"SPIM","EBCI","2025-09-18T02:20:00Z","2025-09-18T17:24:00Z",320,0,320
"UBBB","OJAI","2025-09-18T13:17:00Z","2025-09-18T17:24:00Z",300,0,300
"UMMS","SUAA","2025-09-18T00:36:00Z","2025-09-18T17:26:00Z",320,0,320
"OAKB","SBBR","2025-09-17T23:42:00Z","2025-09-18T17:27:00Z",360,0,360
"EDDI","OMDB","2025-09-18T10:39:00Z","2025-09-18T17:28:00Z",340,0,340
"OAKB","OYSN","2025-09-18T11:21:00Z","2025-09-18T17:28:00Z",340,0,340
"OOMS","LOWW","2025-09-18T10:39:00Z","2025-09-18T17:28:00Z",300,0,300
"VIDP","SVMI","2025-09-17T22:36:00Z","2025-09-18T17:28:00Z",300,0,300
"OPKC","OSDI","2025-09-18T12:30:00Z","2025-09-18T17:29:00Z",360,0,360
"SABE","VIDP","2025-09-17T20:44:00Z","2025-09-18T17:29:00Z",300,0,300
"SCEL","UBBB","2025-09-17T21:00:00Z","2025-09-18T17:29:00Z",360,0,360
"VIDP","SABE","2025-09-17T20:45:00Z","2025-09-18T17:30:00Z",360,0,360
"LBSF","SKBO","2025-09-18T03:35:00Z","2025-09-18T17:31:00Z",320,0,320
"UBBB","EDDI","2025-09-18T12:37:00Z","2025-09-18T17:31:00Z",320,0,320
"VIDP","UMMS","2025-09-18T09:25:00Z","2025-09-18T17:31:00Z",320,0,320
"EDDI","SLLP","2025-09-18T02:57:00Z","2025-09-18T17:32:00Z",300,0,300
"OOMS","LDZA","2025-09-18T10:52:00Z","2025-09-18T17:32:00Z",300,0,300
"SGAS","UMMS","2025-09-18T01:35:00Z","2025-09-18T17:32:00Z",300,0,300
"LDZA","OPKC","2025-09-18T09:07:00Z","2025-09-18T17:33:00Z",300,0,300
"SVMI","OERK","2025-09-18T01:49:00Z","2025-09-18T17:34:00Z",360,0,360
"OAKB","OJAI","2025-09-18T11:37:00Z","2025-09-18T17:37:00Z",320,0,320
"OJAI","SGAS","2025-09-18T01:03:00Z","2025-09-18T17:37:00Z",320,0,320
"OMDB","LKPR","2025-09-18T10:00:00Z","2025-09-18T17:37:00Z",300,0,300
"SABE","OMDB","2025-09-17T22:33:00Z","2025-09-18T17:37:00Z",320,0,320
"SEQM","LATI","2025-09-18T02:18:00Z","2025-09-18T17:37:00Z",340,0,340
"OJAI","LATI","2025-09-18T13:22:00Z","2025-09-18T17:38:00Z",360,0,360
"SPIM","OMDB","2025-09-17T21:03:00Z","2025-09-18T17:38:00Z",320,0,320
"EBCI","OMDB","2025-09-18T09:10:00Z","2025-09-18T17:39:00Z",340,0,340
"OJAI","LKPR","2025-09-18T12:13:00Z","2025-09-18T17:39:00Z",320,0,320
"LBSF","OOMS","2025-09-18T11:49:00Z","2025-09-18T17:40:00Z",340,0,340
"OMDB","LDZA","2025-09-18T10:28:00Z","2025-09-18T17:40:00Z",300,0,300
"OPKC","SLLP","2025-09-17T20:29:00Z","2025-09-18T17:40:00Z",360,0,360
"OSDI","SGAS","2025-09-18T01:54:00Z","2025-09-18T17:40:00Z",300,0,300
"SGAS","LATI","2025-09-18T02:11:00Z","2025-09-18T17:40:00Z",320,0,320
"SABE","OSDI","2025-09-18T00:12:00Z","2025-09-18T17:41:00Z",320,0,320
"SLLP","SEQM","2025-09-18T13:04:00Z","2025-09-18T17:41:00Z",360,0,360
"SPIM","LDZA","2025-09-18T01:37:00Z","2025-09-18T17:41:00Z",320,0,320
"EBCI","SPIM","2025-09-18T02:38:00Z","2025-09-18T17:42:00Z",320,0,320
"OMDB","OJAI","2025-09-18T13:06:00Z","2025-09-18T17:42:00Z",300,0,300
"SVMI","EKCH","2025-09-18T05:13:00Z","2025-09-18T17:42:00Z",320,0,320
"LDZA","VIDP","2025-09-18T08:39:00Z","2025-09-18T17:43:00Z",300,0,300
"SBBR","EBCI","2025-09-18T04:41:00Z","2025-09-18T17:43:00Z",320,0,320
"SLLP","OERK","2025-09-17T23:13:00Z","2025-09-18T17:43:00Z",360,0,360
"SPIM","UBBB","2025-09-17T22:08:00Z","2025-09-18T17:43:00Z",340,0,340
"EDDI","UBBB","2025-09-18T12:51:00Z","2025-09-18T17:45:00Z",360,0,360
"VIDP","LKPR","2025-09-18T08:30:00Z","2025-09-18T17:45:00Z",300,0,300
"LOWW","OOMS","2025-09-18T10:57:00Z","2025-09-18T17:46:00Z",340,0,340
"UMMS","SKBO","2025-09-18T02:38:00Z","2025-09-18T17:46:00Z",320,0,320
"LBSF","OJAI","2025-09-18T13:45:00Z","2025-09-18T17:47:00Z",300,0,300
"UBBB","OYSN","2025-09-18T12:13:00Z","2025-09-18T17:47:00Z",340,0,340
"OJAI","SEQM","2025-09-18T00:30:00Z","2025-09-18T17:49:00Z",320,0,320
"LBSF","OMDB","2025-09-18T11:27:00Z","2025-09-18T17:50:00Z",360,0,360
"LBSF","VIDP","2025-09-18T09:28:00Z","2025-09-18T17:50:00Z",300,0,300
"OPKC","SEQM","2025-09-17T20:28:00Z","2025-09-18T17:50:00Z",300,0,300
"SKBO","SGAS","2025-09-18T11:10:00Z","2025-09-18T17:50:00Z",360,0,360
"EBCI","SCEL","2025-09-18T01:05:00Z","2025-09-18T17:51:00Z",300,0,300
"SEQM","OYSN","2025-09-17T23:00:00Z","2025-09-18T17:53:00Z",340,0,340
"SVMI","UBBB","2025-09-18T01:32:00Z","2025-09-18T17:53:00Z",300,0,300
"SLLP","UBBB","2025-09-17T22:54:00Z","2025-09-18T17:54:00Z",300,0,300
"VIDP","SLLP","2025-09-17T19:33:00Z","2025-09-18T17:54:00Z",320,0,320
"EKCH","SGAS","2025-09-18T02:03:00Z","2025-09-18T17:55:00Z",360,0,360
"LBSF","SGAS","2025-09-18T02:00:00Z","2025-09-18T17:55:00Z",320,0,320
"UMMS","EHAM","2025-09-18T13:53:00Z","2025-09-18T17:55:00Z",320,0,320
"EBCI","OERK","2025-09-18T10:07:00Z","2025-09-18T17:56:00Z",360,0,360
"EHAM","UMMS","2025-09-18T13:56:00Z","2025-09-18T17:58:00Z",300,0,300
"EKCH","LATI","2025-09-18T13:55:00Z","2025-09-18T17:58:00Z",360,0,360
"SKBO","SBBR","2025-09-18T11:23:00Z","2025-09-18T17:58:00Z",320,0,320
"UBBB","LOWW","2025-09-18T12:24:00Z","2025-09-18T17:58:00Z",340,0,340
"EDDI","OOMS","2025-09-18T09:43:00Z","2025-09-18T17:59:00Z",340,0,340
"SLLP","OPKC","2025-09-17T20:48:00Z","2025-09-18T17:59:00Z",300,0,300
"EKCH","OSDI","2025-09-18T13:08:00Z","2025-09-18T18:00:00Z",320,0,320
"OPKC","OJAI","2025-09-18T12:56:00Z","2025-09-18T18:00:00Z",340,0,340
"OAKB","SCEL","2025-09-17T20:36:00Z","2025-09-18T18:01:00Z",340,0,340
"OOMS","SVMI","2025-09-18T00:47:00Z","2025-09-18T18:01:00Z",340,0,340
"SEQM","OOMS","2025-09-17T22:38:00Z","2025-09-18T18:01:00Z",300,0,300
"UMMS","VIDP","2025-09-18T10:55:00Z","2025-09-18T18:01:00Z",360,0,360
"EBCI","OYSN","2025-09-18T10:24:00Z","2025-09-18T18:03:00Z",360,0,360
"EDDI","OJAI","2025-09-18T13:21:00Z","2025-09-18T18:03:00Z",340,0,340
"LATI","OERK","2025-09-18T13:07:00Z","2025-09-18T18:03:00Z",360,0,360
"SPIM","SCEL","2025-09-18T13:59:00Z","2025-09-18T18:03:00Z",340,0,340
"OERK","SABE","2025-09-18T01:05:00Z","2025-09-18T18:04:00Z",300,0,300
"UMMS","OAKB","2025-09-18T12:14:00Z","2025-09-18T18:04:00Z",360,0,360
"VIDP","SKBO","2025-09-17T21:50:00Z","2025-09-18T18:04:00Z",320,0,320
"OSDI","EDDI","2025-09-18T13:35:00Z","2025-09-18T18:06:00Z",300,0,300
"SBBR","OERK","2025-09-18T03:19:00Z","2025-09-18T18:07:00Z",320,0,320
"OERK","EKCH","2025-09-18T11:34:00Z","2025-09-18T18:08:00Z",360,0,360
"OJAI","SVMI","2025-09-18T03:58:00Z","2025-09-18T18:08:00Z",340,0,340
"OSDI","SPIM","2025-09-18T00:57:00Z","2025-09-18T18:08:00Z",340,0,340
"OOMS","SEQM","2025-09-17T22:46:00Z","2025-09-18T18:09:00Z",340,0,340
"SABE","OERK","2025-09-18T01:10:00Z","2025-09-18T18:09:00Z",320,0,320
"SCEL","UMMS","2025-09-18T00:19:00Z","2025-09-18T18:09:00Z",360,0,360
"LBSF","EBCI","2025-09-18T14:01:00Z","2025-09-18T18:10:00Z",340,0,340
"SVMI","LATI","2025-09-18T05:01:00Z","2025-09-18T18:10:00Z",360,0,360
"SGAS","LOWW","2025-09-18T03:30:00Z","2025-09-18T18:11:00Z",360,0,360
"EBCI","UBBB","2025-09-18T12:32:00Z","2025-09-18T18:12:00Z",340,0,340
"SUAA","LBSF","2025-09-18T02:32:00Z","2025-09-18T18:12:00Z",340,0,340
"SPIM","SUAA","2025-09-18T12:09:00Z","2025-09-18T18:13:00Z",300,0,300
"SEQM","UMMS","2025-09-18T03:21:00Z","2025-09-18T18:16:00Z",320,0,320
"EDDI","OYSN","2025-09-18T10:06:00Z","2025-09-18T18:19:00Z",340,0,340
"SCEL","SBBR","2025-09-18T13:28:00Z","2025-09-18T18:19:00Z",320,0,320
"OERK","SBBR","2025-09-18T03:32:00Z","2025-09-18T18:20:00Z",320,0,320
"OJAI","VIDP","2025-09-18T11:14:00Z","2025-09-18T18:20:00Z",360,0,360
"OAKB","OERK","2025-09-18T13:14:00Z","2025-09-18T18:21:00Z",300,0,300
"OERK","SUAA","2025-09-18T01:37:00Z","2025-09-18T18:22:00Z",320,0,320
"SABE","UBBB","2025-09-17T23:04:00Z","2025-09-18T18:22:00Z",320,0,320
"SCEL","SLLP","2025-09-18T14:00:00Z","2025-09-18T18:23:00Z",300,0,300
"LKPR","VIDP","2025-09-18T09:09:00Z","2025-09-18T18:24:00Z",320,0,320
"OYSN","EBCI","2025-09-18T10:45:00Z","2025-09-18T18:24:00Z",300,0,300
"LDZA","OMDB","2025-09-18T11:13:00Z","2025-09-18T18:25:00Z",300,0,300
"OOMS","SUAA","2025-09-17T23:24:00Z","2025-09-18T18:27:00Z",340,0,340
"OMDB","EBCI","2025-09-18T10:59:00Z","2025-09-18T18:28:00Z",320,0,320
"OSDI","SVMI","2025-09-18T03:16:00Z","2025-09-18T18:28:00Z",340,0,340
"SCEL","LDZA","2025-09-18T01:04:00Z","2025-09-18T18:28:00Z",320,0,320
"SCEL","LKPR","2025-09-18T01:55:00Z","2025-09-18T18:28:00Z",360,0,360
"SGAS","UBBB","2025-09-18T00:56:00Z","2025-09-18T18:29:00Z",320,0,320
"SKBO","EBCI","2025-09-18T05:24:00Z","2025-09-18T18:29:00Z",340,0,340
"EDDI","OOMS","2025-09-18T10:14:00Z","2025-09-18T18:30:00Z",320,0,320
"SUAA","OPKC","2025-09-17T22:21:00Z","2025-09-18T18:30:00Z",300,0,300
"UBBB","OPKC","2025-09-18T13:30:00Z","2025-09-18T18:30:00Z",320,0,320
"LOWW","SVMI","2025-09-18T06:43:00Z","2025-09-18T18:31:00Z",340,0,340
"OOMS","SBBR","2025-09-18T01:14:00Z","2025-09-18T18:31:00Z",340,0,340
"EDDI","SBBR","2025-09-18T05:42:00Z","2025-09-18T18:32:00Z",340,0,340
"SABE","LDZA","2025-09-18T02:03:00Z","2025-09-18T18:32:00Z",300,0,300
"SABE","SPIM","2025-09-18T13:38:00Z","2025-09-18T18:32:00Z",360,0,360
"SEQM","SUAA","2025-09-18T11:01:00Z","2025-09-18T18:34:00Z",300,0,300
"SBBR","OMDB","2025-09-18T02:38:00Z","2025-09-18T18:35:00Z",360,0,360
"OMDB","OSDI","2025-09-18T14:02:00Z","2025-09-18T18:36:00Z",360,0,360
"EBCI","SABE","2025-09-18T02:36:00Z","2025-09-18T18:37:00Z",340,0,340
"OAKB","SLLP","2025-09-17T21:23:00Z","2025-09-18T18:37:00Z",360,0,360
"EDDI","OSDI","2025-09-18T13:07:00Z","2025-09-18T18:38:00Z",360,0,360
"SGAS","LKPR","2025-09-18T03:01:00Z","2025-09-18T18:41:00Z",340,0,340
"OYSN","SLLP","2025-09-18T00:39:00Z","2025-09-18T18:42:00Z",300,0,300
"SBBR","EHAM","2025-09-18T05:29:00Z","2025-09-18T18:42:00Z",360,0,360
"SUAA","VIDP","2025-09-17T21:10:00Z","2025-09-18T18:42:00Z",360,0,360
"LOWW","UBBB","2025-09-18T13:09:00Z","2025-09-18T18:43:00Z",340,0,340
"SABE","EKCH","2025-09-18T02:44:00Z","2025-09-18T18:43:00Z",320,0,320
"EKCH","OAKB","2025-09-18T10:34:00Z","2025-09-18T18:44:00Z",300,0,300
"EDDI","SEQM","2025-09-18T04:05:00Z","2025-09-18T18:45:00Z",320,0,320
"LOWW","SCEL","2025-09-18T01:10:00Z","2025-09-18T18:45:00Z",320,0,320
"OYSN","LDZA","2025-09-18T11:26:00Z","2025-09-18T18:46:00Z",320,0,320
"UBBB","LATI","2025-09-18T13:29:00Z","2025-09-18T18:46:00Z",360,0,360
"EHAM","SUAA","2025-09-18T02:43:00Z","2025-09-18T18:48:00Z",360,0,360
"SBBR","LATI","2025-09-18T05:14:00Z","2025-09-18T18:48:00Z",300,0,300
"SVMI","SUAA","2025-09-18T10:31:00Z","2025-09-18T18:48:00Z",300,0,300
"SBBR","LDZA","2025-09-18T05:15:00Z","2025-09-18T18:49:00Z",300,0,300
"SUAA","SKBO","2025-09-18T11:00:00Z","2025-09-18T18:49:00Z",340,0,340
"UMMS","SEQM","2025-09-18T03:54:00Z","2025-09-18T18:49:00Z",300,0,300
"LDZA","UBBB","2025-09-18T13:18:00Z","2025-09-18T18:50:00Z",320,0,320
"UMMS","SPIM","2025-09-18T01:39:00Z","2025-09-18T18:50:00Z",300,0,300
"OYSN","OAKB","2025-09-18T12:44:00Z","2025-09-18T18:51:00Z",300,0,300
"SKBO","SCEL","2025-09-18T11:39:00Z","2025-09-18T18:51:00Z",320,0,320
"SEQM","SGAS","2025-09-18T12:22:00Z","2025-09-18T18:52:00Z",300,0,300
"SCEL","SKBO","2025-09-18T11:43:00Z","2025-09-18T18:55:00Z",340,0,340
"SVMI","SBBR","2025-09-18T12:34:00Z","2025-09-18T18:56:00Z",300,0,300
"OERK","SEQM","2025-09-18T00:04:00Z","2025-09-18T18:57:00Z",360,0,360
"SUAA","EHAM","2025-09-18T02:52:00Z","2025-09-18T18:57:00Z",320,0,320
"OERK","LATI","2025-09-18T13:02:00Z","2025-09-18T18:58:00Z",300,0,300
"OYSN","SKBO","2025-09-18T00:47:00Z","2025-09-18T18:58:00Z",300,0,300
"SKBO","UMMS","2025-09-18T03:51:00Z","2025-09-18T18:59:00Z",300,0,300
"EDDI","SABE","2025-09-18T03:11:00Z","2025-09-18T19:00:00Z",320,0,320
"EDDI","SKBO","2025-09-18T06:07:00Z","2025-09-18T19:00:00Z",300,0,300
"OERK","UMMS","2025-09-18T13:32:00Z","2025-09-18T19:00:00Z",320,0,320
"SKBO","OPKC","2025-09-17T23:25:00Z","2025-09-18T19:00:00Z",300,0,300
"LKPR","SLLP","2025-09-18T04:26:00Z","2025-09-18T19:01:00Z",320,0,320
"SEQM","VIDP","2025-09-17T21:00:00Z","2025-09-18T19:01:00Z",340,0,340
"SLLP","OYSN","2025-09-18T01:58:00Z","2025-09-18T19:01:00Z",300,0,300
"EBCI","OSDI","2025-09-18T13:59:00Z","2025-09-18T19:02:00Z",360,0,360
"EKCH","SPIM","2025-09-18T04:09:00Z","2025-09-18T19:02:00Z",360,0,360
"SABE","EDDI","2025-09-18T03:13:00Z","2025-09-18T19:02:00Z",300,0,300
"UBBB","SVMI","2025-09-18T03:41:00Z","2025-09-18T19:02:00Z",360,0,360
"SCEL","EHAM","2025-09-18T03:10:00Z","2025-09-18T19:05:00Z",320,0,320
"SGAS","SEQM","2025-09-18T13:35:00Z","2025-09-18T19:05:00Z",300,0,300
"EDDI","SGAS","2025-09-18T04:22:00Z","2025-09-18T19:06:00Z",320,0,320
"OJAI","EKCH","2025-09-18T13:07:00Z","2025-09-18T19:10:00Z",360,0,360
"VIDP","OJAI","2025-09-18T12:04:00Z","2025-09-18T19:10:00Z",300,0,300
"OPKC","SUAA","2025-09-17T23:03:00Z","2025-09-18T19:12:00Z",360,0,360
"OERK","EBCI","2025-09-18T12:25:00Z","2025-09-18T19:14:00Z",320,0,320
"OSDI","SLLP","2025-09-18T02:50:00Z","2025-09-18T19:15:00Z",300,0,300
"SGAS","OYSN","2025-09-18T03:27:00Z","2025-09-18T19:17:00Z",360,0,360
"EKCH","SABE","2025-09-18T03:19:00Z","2025-09-18T19:18:00Z",320,0,320
"SBBR","EKCH","2025-09-18T05:19:00Z","2025-09-18T19:19:00Z",360,0,360
"SKBO","EHAM","2025-09-18T06:12:00Z","2025-09-18T19:19:00Z",320,0,320
"LBSF","OOMS","2025-09-18T13:29:00Z","2025-09-18T19:20:00Z",320,0,320
"SKBO","UBBB","2025-09-18T02:36:00Z","2025-09-18T19:20:00Z",360,0,360
"SEQM","SBBR","2025-09-18T13:36:00Z","2025-09-18T19:22:00Z",320,0,320
"SGAS","EBCI","2025-09-18T05:28:00Z","2025-09-18T19:23:00Z",360,0,360
"SCEL","OPKC","2025-09-17T22:37:00Z","2025-09-18T19:24:00Z",300,0,300
"SGAS","LATI","2025-09-18T04:55:00Z","2025-09-18T19:24:00Z",340,0,340
"SGAS","LOWW","2025-09-18T04:43:00Z","2025-09-18T19:24:00Z",300,0,300
"OJAI","SPIM","2025-09-18T01:21:00Z","2025-09-18T19:25:00Z",360,0,360
"OPKC","SGAS","2025-09-17T23:19:00Z","2025-09-18T19:25:00Z",340,0,340
"SLLP","LBSF","2025-09-18T03:15:00Z","2025-09-18T19:25:00Z",320,0,320
"UMMS","OYSN","2025-09-18T12:49:00Z","2025-09-18T19:25:00Z",300,0,300
"LKPR","OYSN","2025-09-18T12:29:00Z","2025-09-18T19:26:00Z",360,0,360
"EBCI","SUAA","2025-09-18T04:34:00Z","2025-09-18T19:27:00Z",360,0,360
"EHAM","OMDB","2025-09-18T11:54:00Z","2025-09-18T19:27:00Z",340,0,340
"OJAI","EHAM","2025-09-18T13:08:00Z","2025-09-18T19:27:00Z",340,0,340
"LDZA","OERK","2025-09-18T13:59:00Z","2025-09-18T19:28:00Z",360,0,360
"OMDB","EKCH","2025-09-18T11:25:00Z","2025-09-18T19:29:00Z",320,0,320
"EKCH","OPKC","2025-09-18T10:25:00Z","2025-09-18T19:30:00Z",300,0,300
"OAKB","SABE","2025-09-17T22:25:00Z","2025-09-18T19:31:00Z",320,0,320
"SEQM","SABE","2025-09-18T12:06:00Z","2025-09-18T19:31:00Z",360,0,360
"OPKC","OJAI","2025-09-18T13:32:00Z","2025-09-18T19:36:00Z",320,0,320
"SEQM","OJAI","2025-09-18T02:17:00Z","2025-09-18T19:36:00Z",360,0,360
"LBSF","SCEL","2025-09-18T02:46:00Z","2025-09-18T19:37:00Z",360,0,360
"LBSF","SKBO","2025-09-18T05:41:00Z","2025-09-18T19:37:00Z",340,0,340
"SKBO","EKCH","2025-09-18T06:49:00Z","2025-09-18T19:37:00Z",340,0,340
"OMDB","EDDI","2025-09-18T12:49:00Z","2025-09-18T19:38:00Z",340,0,340
"OAKB","SGAS","2025-09-17T23:06:00Z","2025-09-18T19:39:00Z",360,0,360
"SVMI","OYSN","2025-09-18T03:47:00Z","2025-09-18T19:39:00Z",360,0,360
"SVMI","VIDP","2025-09-18T00:47:00Z","2025-09-18T19:39:00Z",320,0,320
"SABE","SKBO","2025-09-18T12:57:00Z","2025-09-18T19:40:00Z",340,0,340
"EKCH","OERK","2025-09-18T12:07:00Z","2025-09-18T19:41:00Z",300,0,300
"SUAA","OMDB","2025-09-18T01:52:00Z","2025-09-18T19:42:00Z",360,0,360
"SGAS","SKBO","2025-09-18T13:03:00Z","2025-09-18T19:43:00Z",320,0,320
"LATI","OPKC","2025-09-18T11:41:00Z","2025-09-18T19:44:00Z",320,0,320
"EBCI","VIDP","2025-09-18T09:36:00Z","2025-09-18T19:45:00Z",300,0,300
"SUAA","SEQM","2025-09-18T12:12:00Z","2025-09-18T19:45:00Z",300,0,300
"EKCH","UBBB","2025-09-18T13:41:00Z","2025-09-18T19:46:00Z",320,0,320
"LKPR","SBBR","2025-09-18T06:01:00Z","2025-09-18T19:47:00Z",340,0,340
"LOWW","OPKC","2025-09-18T11:16:00Z","2025-09-18T19:47:00Z",320,0,320
"SGAS","EDDI","2025-09-18T04:03:00Z","2025-09-18T19:47:00Z",300,0,300
"SKBO","OERK","2025-09-18T01:40:00Z","2025-09-18T19:47:00Z",320,0,320
"SGAS","EKCH","2025-09-18T04:56:00Z","2025-09-18T19:48:00Z",340,0,340
"SPIM","OYSN","2025-09-18T00:38:00Z","2025-09-18T19:48:00Z",360,0,360
"OAKB","SUAA","2025-09-17T23:56:00Z","2025-09-18T19:49:00Z",340,0,340
"OOMS","EDDI","2025-09-18T11:33:00Z","2025-09-18T19:49:00Z",340,0,340
"OPKC","LDZA","2025-09-18T11:23:00Z","2025-09-18T19:49:00Z",320,0,320
"SABE","VIDP","2025-09-17T22:05:00Z","2025-09-18T19:50:00Z",320,0,320
"UMMS","OERK","2025-09-18T13:24:00Z","2025-09-18T19:52:00Z",300,0,300
"EDDI","OPKC","2025-09-18T11:59:00Z","2025-09-18T19:53:00Z",340,0,340
"OOMS","SABE","2025-09-18T00:36:00Z","2025-09-18T19:53:00Z",360,0,360
"SGAS","OJAI","2025-09-18T03:19:00Z","2025-09-18T19:53:00Z",300,0,300
"SGAS","SVMI","2025-09-18T12:51:00Z","2025-09-18T19:53:00Z",360,0,360
"SPIM","EKCH","2025-09-18T04:00:00Z","2025-09-18T19:53:00Z",340,0,340
"SLLP","VIDP","2025-09-17T21:33:00Z","2025-09-18T19:54:00Z",300,0,300
"SKBO","SBBR","2025-09-18T13:21:00Z","2025-09-18T19:56:00Z",300,0,300
"UBBB","EKCH","2025-09-18T13:52:00Z","2025-09-18T19:57:00Z",360,0,360
"LDZA","OAKB","2025-09-18T12:11:00Z","2025-09-18T19:59:00Z",360,0,360
"OMDB","LKPR","2025-09-18T13:23:00Z","2025-09-18T20:00:00Z",340,0,340
"VIDP","SUAA","2025-09-17T23:28:00Z","2025-09-18T20:00:00Z",340,0,340
"SCEL","OSDI","2025-09-18T02:20:00Z","2025-09-18T20:02:00Z",320,0,320
"SPIM","EBCI","2025-09-18T05:58:00Z","2025-09-18T20:02:00Z",360,0,360
"LKPR","OOMS","2025-09-18T12:58:00Z","2025-09-18T20:03:00Z",340,0,340
"OAKB","EBCI","2025-09-18T12:11:00Z","2025-09-18T20:03:00Z",320,0,320
"EKCH","OJAI","2025-09-18T14:01:00Z","2025-09-18T20:04:00Z",340,0,340
"EKCH","SKBO","2025-09-18T07:16:00Z","2025-09-18T20:04:00Z",320,0,320
"OERK","SCEL","2025-09-18T01:45:00Z","2025-09-18T20:04:00Z",300,0,300
"SEQM","LBSF","2025-09-18T05:22:00Z","2025-09-18T20:05:00Z",320,0,320
"SBBR","EDDI","2025-09-18T07:16:00Z","2025-09-18T20:06:00Z",360,0,360
"LOWW","SABE","2025-09-18T04:24:00Z","2025-09-18T20:07:00Z",300,0,300
"OMDB","SLLP","2025-09-18T01:28:00Z","2025-09-18T20:07:00Z",300,0,300
"SABE","OOMS","2025-09-18T01:50:00Z","2025-09-18T20:07:00Z",300,0,300
"LKPR","SKBO","2025-09-18T07:09:00Z","2025-09-18T20:08:00Z",360,0,360
"OAKB","LOWW","2025-09-18T13:20:00Z","2025-09-18T20:08:00Z",340,0,340
"OJAI","OPKC","2025-09-18T14:04:00Z","2025-09-18T20:08:00Z",300,0,300
"OPKC","LKPR","2025-09-18T12:25:00Z","2025-09-18T20:10:00Z",340,0,340
"OYSN","EDDI","2025-09-18T12:57:00Z","2025-09-18T20:10:00Z",300,0,300
"EKCH","OOMS","2025-09-18T12:41:00Z","2025-09-18T20:12:00Z",340,0,340
"LDZA","SBBR","2025-09-18T07:38:00Z","2025-09-18T20:12:00Z",340,0,340
"LATI","SPIM","2025-09-18T04:54:00Z","2025-09-18T20:13:00Z",340,0,340
"VIDP","LBSF","2025-09-18T12:52:00Z","2025-09-18T20:14:00Z",300,0,300
"OMDB","SCEL","2025-09-18T00:49:00Z","2025-09-18T20:15:00Z",300,0,300
"SCEL","LKPR","2025-09-18T03:42:00Z","2025-09-18T20:15:00Z",340,0,340
"LBSF","SEQM","2025-09-18T05:33:00Z","2025-09-18T20:16:00Z",360,0,360
"OYSN","EHAM","2025-09-18T12:27:00Z","2025-09-18T20:16:00Z",320,0,320
"OPKC","EKCH","2025-09-18T11:12:00Z","2025-09-18T20:17:00Z",320,0,320
"SKBO","OSDI","2025-09-18T04:42:00Z","2025-09-18T20:18:00Z",360,0,360
"OAKB","SPIM","2025-09-17T23:28:00Z","2025-09-18T20:20:00Z",340,0,340
"OMDB","SVMI","2025-09-18T03:35:00Z","2025-09-18T20:21:00Z",320,0,320
"OYSN","SUAA","2025-09-18T04:28:00Z","2025-09-18T20:21:00Z",360,0,360
"EDDI","OERK","2025-09-18T13:07:00Z","2025-09-18T20:22:00Z",320,0,320
"LATI","SKBO","2025-09-18T06:50:00Z","2025-09-18T20:22:00Z",300,0,300
"OMDB","EHAM","2025-09-18T12:49:00Z","2025-09-18T20:22:00Z",360,0,360
"SPIM","LATI","2025-09-18T04:03:00Z","2025-09-18T20:22:00Z",300,0,300
"SPIM","OJAI","2025-09-18T02:18:00Z","2025-09-18T20:22:00Z",360,0,360
"LOWW","OYSN","2025-09-18T13:46:00Z","2025-09-18T20:24:00Z",300,0,300
"SUAA","OAKB","2025-09-18T00:32:00Z","2025-09-18T20:25:00Z",320,0,320
"EKCH","SLLP","2025-09-18T05:48:00Z","2025-09-18T20:26:00Z",320,0,320
"SVMI","OYSN","2025-09-18T04:34:00Z","2025-09-18T20:26:00Z",320,0,320
"LKPR","OMDB","2025-09-18T13:50:00Z","2025-09-18T20:27:00Z",300,0,300
"OAKB","EKCH","2025-09-18T12:17:00Z","2025-09-18T20:27:00Z",300,0,300
"VIDP","LDZA","2025-09-18T11:23:00Z","2025-09-18T20:27:00Z",360,0,360
"LKPR","OPKC","2025-09-18T12:44:00Z","2025-09-18T20:29:00Z",360,0,360
"SGAS","OAKB","2025-09-18T00:56:00Z","2025-09-18T20:29:00Z",320,0,320
"SABE","LBSF","2025-09-18T04:40:00Z","2025-09-18T20:30:00Z",300,0,300
"OAKB","LBSF","2025-09-18T13:24:00Z","2025-09-18T20:31:00Z",360,0,360
"SABE","LKPR","2025-09-18T04:49:00Z","2025-09-18T20:32:00Z",360,0,360
"OPKC","LATI","2025-09-18T12:30:00Z","2025-09-18T20:33:00Z",360,0,360
"SVMI","OOMS","2025-09-18T02:19:00Z","2025-09-18T20:33:00Z",340,0,340
"SUAA","OERK","2025-09-18T03:49:00Z","2025-09-18T20:34:00Z",320,0,320
"EBCI","OPKC","2025-09-18T11:56:00Z","2025-09-18T20:35:00Z",340,0,340
"SGAS","OOMS","2025-09-18T02:38:00Z","2025-09-18T20:35:00Z",300,0,300
"SLLP","LKPR","2025-09-18T05:00:00Z","2025-09-18T20:35:00Z",360,0,360
"SCEL","OOMS","2025-09-18T00:56:00Z","2025-09-18T20:36:00Z",320,0,320
"SEQM","UMMS","2025-09-18T05:41:00Z","2025-09-18T20:36:00Z",300,0,300
"LDZA","SVMI","2025-09-18T08:49:00Z","2025-09-18T20:37:00Z",360,0,360
"EHAM","OERK","2025-09-18T13:44:00Z","2025-09-18T20:39:00Z",320,0,320
"EBCI","SPIM","2025-09-18T05:36:00Z","2025-09-18T20:40:00Z",340,0,340
"LBSF","SLLP","2025-09-18T04:30:00Z","2025-09-18T20:40:00Z",360,0,360
"OMDB","SKBO","2025-09-18T01:31:00Z","2025-09-18T20:40:00Z",300,0,300
"OJAI","SABE","2025-09-18T03:27:00Z","2025-09-18T20:41:00Z",300,0,300
"EKCH","OMDB","2025-09-18T12:38:00Z","2025-09-18T20:42:00Z",300,0,300
"OERK","EHAM","2025-09-18T13:48:00Z","2025-09-18T20:43:00Z",300,0,300
"SKBO","LOWW","2025-09-18T06:34:00Z","2025-09-18T20:44:00Z",360,0,360
"EBCI","SBBR","2025-09-18T07:43:00Z","2025-09-18T20:45:00Z",340,0,340
"OSDI","SCEL","2025-09-18T02:06:00Z","2025-09-18T20:48:00Z",320,0,320
"OAKB","SKBO","2025-09-18T01:52:00Z","2025-09-18T20:50:00Z",360,0,360
"LKPR","SABE","2025-09-18T04:09:00Z","2025-09-18T20:52:00Z",300,0,300
"OJAI","SBBR","2025-09-18T06:08:00Z","2025-09-18T20:52:00Z",340,0,340
"SKBO","EDDI","2025-09-18T07:00:00Z","2025-09-18T20:53:00Z",360,0,360
"SPIM","OOMS","2025-09-17T23:54:00Z","2025-09-18T20:54:00Z",320,0,320
"SVMI","OSDI","2025-09-18T05:42:00Z","2025-09-18T20:54:00Z",340,0,340
"LATI","SEQM","2025-09-18T05:37:00Z","2025-09-18T20:56:00Z",360,0,360
"OPKC","LBSF","2025-09-18T13:18:00Z","2025-09-18T20:57:00Z",340,0,340
"OAKB","LKPR","2025-09-18T14:01:00Z","2025-09-18T21:00:00Z",360,0,360
"LDZA","SEQM","2025-09-18T07:02:00Z","2025-09-18T21:01:00Z",320,0,320
"EHAM","SGAS","2025-09-18T06:57:00Z","2025-09-18T21:02:00Z",320,0,320
"SABE","OJAI","2025-09-18T04:48:00Z","2025-09-18T21:02:00Z",320,0,320
"SBBR","OYSN","2025-09-18T06:48:00Z","2025-09-18T21:03:00Z",300,0,300
"UMMS","SBBR","2025-09-18T06:01:00Z","2025-09-18T21:03:00Z",360,0,360
"SPIM","LDZA","2025-09-18T05:00:00Z","2025-09-18T21:04:00Z",360,0,360
"LBSF","SBBR","2025-09-18T07:05:00Z","2025-09-18T21:05:00Z",320,0,320
"EKCH","OYSN","2025-09-18T13:32:00Z","2025-09-18T21:06:00Z",340,0,340
"LOWW","VIDP","2025-09-18T12:03:00Z","2025-09-18T21:07:00Z",340,0,340
"VIDP","SEQM","2025-09-17T23:09:00Z","2025-09-18T21:10:00Z",300,0,300
"OERK","SABE","2025-09-18T04:12:00Z","2025-09-18T21:11:00Z",300,0,300
"SGAS","EHAM","2025-09-18T06:06:00Z","2025-09-18T21:11:00Z",320,0,320
"EDDI","SCEL","2025-09-18T04:37:00Z","2025-09-18T21:12:00Z",360,0,360
"VIDP","EDDI","2025-09-18T12:51:00Z","2025-09-18T21:12:00Z",320,0,320
"EHAM","SKBO","2025-09-18T08:06:00Z","2025-09-18T21:13:00Z",320,0,320
"EKCH","SABE","2025-09-18T05:16:00Z","2025-09-18T21:15:00Z",300,0,300
"SUAA","EBCI","2025-09-18T06:22:00Z","2025-09-18T21:15:00Z",320,0,320
"EDDI","VIDP","2025-09-18T12:57:00Z","2025-09-18T21:18:00Z",300,0,300
"SVMI","OERK","2025-09-18T05:33:00Z","2025-09-18T21:18:00Z",360,0,360
"SKBO","VIDP","2025-09-18T00:05:00Z","2025-09-18T21:19:00Z",340,0,340
"SPIM","UMMS","2025-09-18T04:08:00Z","2025-09-18T21:19:00Z",320,0,320
"VIDP","LATI","2025-09-18T13:31:00Z","2025-09-18T21:19:00Z",320,0,320
"LDZA","OYSN","2025-09-18T14:01:00Z","2025-09-18T21:21:00Z",360,0,360
"SEQM","LKPR","2025-09-18T07:35:00Z","2025-09-18T21:21:00Z",360,0,360
"UBBB","SKBO","2025-09-18T04:37:00Z","2025-09-18T21:21:00Z",360,0,360
"VIDP","EHAM","2025-09-18T11:14:00Z","2025-09-18T21:21:00Z",320,0,320
"LDZA","OPKC","2025-09-18T13:57:00Z","2025-09-18T21:23:00Z",360,0,360
"OSDI","SKBO","2025-09-18T05:47:00Z","2025-09-18T21:23:00Z",340,0,340
"SABE","OPKC","2025-09-18T01:00:00Z","2025-09-18T21:23:00Z",300,0,300
"SBBR","LKPR","2025-09-18T08:37:00Z","2025-09-18T21:23:00Z",300,0,300
"SCEL","SVMI","2025-09-18T13:21:00Z","2025-09-18T21:23:00Z",300,0,300
"SVMI","OJAI","2025-09-18T06:13:00Z","2025-09-18T21:23:00Z",300,0,300
"SGAS","LKPR","2025-09-18T06:45:00Z","2025-09-18T21:25:00Z",300,0,300
"SLLP","UMMS","2025-09-18T05:36:00Z","2025-09-18T21:28:00Z",320,0,320
"LDZA","SPIM","2025-09-18T05:27:00Z","2025-09-18T21:31:00Z",320,0,320
"UBBB","SUAA","2025-09-18T02:25:00Z","2025-09-18T21:31:00Z",300,0,300
"LKPR","SUAA","2025-09-18T05:59:00Z","2025-09-18T21:34:00Z",360,0,360
"SVMI","EDDI","2025-09-18T09:02:00Z","2025-09-18T21:34:00Z",340,0,340
"EKCH","SUAA","2025-09-18T05:44:00Z","2025-09-18T21:35:00Z",360,0,360
"SLLP","VIDP","2025-09-17T23:14:00Z","2025-09-18T21:35:00Z",360,0,360
"LKPR","SVMI","2025-09-18T09:59:00Z","2025-09-18T21:36:00Z",360,0,360
"UBBB","SPIM","2025-09-18T02:01:00Z","2025-09-18T21:36:00Z",340,0,340
"LBSF","SGAS","2025-09-18T06:42:00Z","2025-09-18T21:37:00Z",360,0,360
"LBSF","SABE","2025-09-18T05:50:00Z","2025-09-18T21:40:00Z",360,0,360
"SKBO","OYSN","2025-09-18T03:29:00Z","2025-09-18T21:40:00Z",340,0,340
"OOMS","SVMI","2025-09-18T03:27:00Z","2025-09-18T21:41:00Z",360,0,360
"SKBO","OOMS","2025-09-18T02:04:00Z","2025-09-18T21:41:00Z",300,0,300
"SUAA","EDDI","2025-09-18T05:02:00Z","2025-09-18T21:42:00Z",300,0,300
"SCEL","OAKB","2025-09-17T23:19:00Z","2025-09-18T21:44:00Z",300,0,300
"SCEL","EBCI","2025-09-18T05:59:00Z","2025-09-18T21:45:00Z",340,0,340
"SLLP","OJAI","2025-09-18T04:30:00Z","2025-09-18T21:45:00Z",320,0,320
"VIDP","LOWW","2025-09-18T12:42:00Z","2025-09-18T21:46:00Z",360,0,360
"OOMS","SABE","2025-09-18T02:31:00Z","2025-09-18T21:48:00Z",340,0,340
"SABE","OSDI","2025-09-18T04:19:00Z","2025-09-18T21:48:00Z",300,0,300
"OJAI","SUAA","2025-09-18T04:51:00Z","2025-09-18T21:53:00Z",320,0,320
"SCEL","LOWW","2025-09-18T04:18:00Z","2025-09-18T21:53:00Z",340,0,340
"UBBB","SBBR","2025-09-18T05:13:00Z","2025-09-18T21:53:00Z",340,0,340
"EHAM","OAKB","2025-09-18T13:03:00Z","2025-09-18T21:54:00Z",340,0,340
"OERK","SEQM","2025-09-18T03:01:00Z","2025-09-18T21:54:00Z",340,0,340
"SUAA","LBSF","2025-09-18T05:16:00Z","2025-09-18T21:56:00Z",340,0,340
"VIDP","SBBR","2025-09-18T02:14:00Z","2025-09-18T21:58:00Z",300,0,300
"SLLP","OMDB","2025-09-18T02:20:00Z","2025-09-18T21:59:00Z",340,0,340
"EBCI","SGAS","2025-09-18T08:05:00Z","2025-09-18T22:00:00Z",340,0,340
"OOMS","EBCI","2025-09-18T14:03:00Z","2025-09-18T22:00:00Z",300,0,300
"SEQM","OERK","2025-09-18T04:07:00Z","2025-09-18T22:00:00Z",300,0,300
"UMMS","SKBO","2025-09-18T07:52:00Z","2025-09-18T22:00:00Z",360,0,360
"VIDP","SABE","2025-09-18T01:16:00Z","2025-09-18T22:01:00Z",340,0,340
"LOWW","SVMI","2025-09-18T10:14:00Z","2025-09-18T22:02:00Z",340,0,340
"SEQM","OPKC","2025-09-18T01:40:00Z","2025-09-18T22:02:00Z",360,0,360
"UBBB","SABE","2025-09-18T03:47:00Z","2025-09-18T22:05:00Z",300,0,300
"LKPR","SEQM","2025-09-18T08:21:00Z","2025-09-18T22:07:00Z",300,0,300
"SABE","EBCI","2025-09-18T06:06:00Z","2025-09-18T22:07:00Z",360,0,360
"EHAM","SCEL","2025-09-18T06:13:00Z","2025-09-18T22:08:00Z",340,0,340
"EHAM","SUAA","2025-09-18T06:03:00Z","2025-09-18T22:08:00Z",300,0,300
"UBBB","SCEL","2025-09-18T02:39:00Z","2025-09-18T22:08:00Z",320,0,320
"LATI","SBBR","2025-09-18T09:35:00Z","2025-09-18T22:09:00Z",320,0,320
"EDDI","SGAS","2025-09-18T07:26:00Z","2025-09-18T22:10:00Z",340,0,340
"SVMI","UBBB","2025-09-18T06:50:00Z","2025-09-18T22:11:00Z",360,0,360
"SPIM","UMMS","2025-09-18T05:01:00Z","2025-09-18T22:12:00Z",320,0,320
"OYSN","SABE","2025-09-18T05:06:00Z","2025-09-18T22:13:00Z",340,0,340
"LDZA","SCEL","2025-09-18T05:50:00Z","2025-09-18T22:14:00Z",360,0,360
"SABE","UMMS","2025-09-18T05:15:00Z","2025-09-18T22:14:00Z",340,0,340
"OMDB","SBBR","2025-09-18T06:18:00Z","2025-09-18T22:15:00Z",320,0,320
"SEQM","UBBB","2025-09-18T04:44:00Z","2025-09-18T22:15:00Z",320,0,320
"SPIM","OSDI","2025-09-18T04:04:00Z","2025-09-18T22:15:00Z",320,0,320
"SUAA","LOWW","2025-09-18T06:41:00Z","2025-09-18T22:15:00Z",360,0,360
"OERK","SVMI","2025-09-18T06:31:00Z","2025-09-18T22:16:00Z",340,0,340
"OERK","SUAA","2025-09-18T05:32:00Z","2025-09-18T22:17:00Z",360,0,360
"SVMI","LKPR","2025-09-18T10:40:00Z","2025-09-18T22:17:00Z",320,0,320
"OPKC","SUAA","2025-09-18T02:09:00Z","2025-09-18T22:18:00Z",320,0,320
"OERK","SKBO","2025-09-18T04:12:00Z","2025-09-18T22:19:00Z",320,0,320
"SEQM","EKCH","2025-09-18T08:44:00Z","2025-09-18T22:19:00Z",360,0,360
"SLLP","OPKC","2025-09-18T01:08:00Z","2025-09-18T22:19:00Z",320,0,320
"SUAA","OYSN","2025-09-18T06:29:00Z","2025-09-18T22:22:00Z",340,0,340
"OYSN","SGAS","2025-09-18T06:34:00Z","2025-09-18T22:24:00Z",300,0,300
"SABE","OERK","2025-09-18T05:25:00Z","2025-09-18T22:24:00Z",340,0,340
"SBBR","UMMS","2025-09-18T07:23:00Z","2025-09-18T22:25:00Z",340,0,340
"OPKC","SLLP","2025-09-18T01:15:00Z","2025-09-18T22:26:00Z",360,0,360
"SBBR","OJAI","2025-09-18T08:42:00Z","2025-09-18T22:26:00Z",340,0,340
"LDZA","VIDP","2025-09-18T13:23:00Z","2025-09-18T22:27:00Z",340,0,340
"OPKC","LDZA","2025-09-18T14:01:00Z","2025-09-18T22:27:00Z",340,0,340
"UMMS","SEQM","2025-09-18T07:35:00Z","2025-09-18T22:30:00Z",360,0,360
"OYSN","SVMI","2025-09-18T06:42:00Z","2025-09-18T22:34:00Z",320,0,320
"SVMI","OPKC","2025-09-18T03:23:00Z","2025-09-18T22:34:00Z",320,0,320
"VIDP","EBCI","2025-09-18T12:25:00Z","2025-09-18T22:34:00Z",300,0,300
"OOMS","SLLP","2025-09-18T02:34:00Z","2025-09-18T22:35:00Z",360,0,360
"SLLP","OAKB","2025-09-18T01:21:00Z","2025-09-18T22:35:00Z",360,0,360
"SABE","OAKB","2025-09-18T01:32:00Z","2025-09-18T22:38:00Z",360,0,360
"SEQM","LOWW","2025-09-18T08:41:00Z","2025-09-18T22:38:00Z",300,0,300
"SKBO","OMDB","2025-09-18T03:31:00Z","2025-09-18T22:40:00Z",320,0,320
"LOWW","SUAA","2025-09-18T06:09:00Z","2025-09-18T22:43:00Z",320,0,320
"VIDP","LOWW","2025-09-18T13:39:00Z","2025-09-18T22:43:00Z",320,0,320
"SEQM","LDZA","2025-09-18T08:45:00Z","2025-09-18T22:44:00Z",300,0,300
"SKBO","OAKB","2025-09-18T03:46:00Z","2025-09-18T22:44:00Z",320,0,320
"EHAM","SPIM","2025-09-18T07:40:00Z","2025-09-18T22:49:00Z",320,0,320
"SKBO","UMMS","2025-09-18T07:41:00Z","2025-09-18T22:49:00Z",320,0,320
"SEQM","EDDI","2025-09-18T08:10:00Z","2025-09-18T22:50:00Z",360,0,360
"SBBR","OSDI","2025-09-18T08:58:00Z","2025-09-18T22:53:00Z",360,0,360
"SKBO","UBBB","2025-09-18T05:10:00Z","2025-09-18T22:54:00Z",300,0,300
"OPKC","EBCI","2025-09-18T13:16:00Z","2025-09-18T22:55:00Z",320,0,320
"VIDP","EDDI","2025-09-18T13:34:00Z","2025-09-18T22:55:00Z",340,0,340
"SBBR","LOWW","2025-09-18T09:10:00Z","2025-09-18T22:56:00Z",360,0,360
"SGAS","OMDB","2025-09-18T05:25:00Z","2025-09-18T23:04:00Z",300,0,300
"OERK","SCEL","2025-09-18T04:47:00Z","2025-09-18T23:06:00Z",340,0,340
"SGAS","LDZA","2025-09-18T08:37:00Z","2025-09-18T23:06:00Z",340,0,340
"SEQM","LATI","2025-09-18T08:48:00Z","2025-09-18T23:07:00Z",320,0,320
"SPIM","LOWW","2025-09-18T07:01:00Z","2025-09-18T23:07:00Z",300,0,300
"OAKB","SUAA","2025-09-18T03:17:00Z","2025-09-18T23:10:00Z",360,0,360
"SLLP","EKCH","2025-09-18T08:32:00Z","2025-09-18T23:10:00Z",340,0,340
"SUAA","LATI","2025-09-18T07:56:00Z","2025-09-18T23:10:00Z",340,0,340
"LBSF","SUAA","2025-09-18T07:31:00Z","2025-09-18T23:11:00Z",340,0,340
"SABE","OPKC","2025-09-18T03:48:00Z","2025-09-18T23:11:00Z",300,0,300
"OAKB","SVMI","2025-09-18T05:38:00Z","2025-09-18T23:14:00Z",340,0,340
"SBBR","LKPR","2025-09-18T10:28:00Z","2025-09-18T23:14:00Z",360,0,360
"EBCI","SABE","2025-09-18T07:14:00Z","2025-09-18T23:15:00Z",360,0,360
"SBBR","OMDB","2025-09-18T07:18:00Z","2025-09-18T23:15:00Z",360,0,360
"SGAS","OSDI","2025-09-18T07:31:00Z","2025-09-18T23:17:00Z",340,0,340
"SBBR","OJAI","2025-09-18T09:35:00Z","2025-09-18T23:19:00Z",320,0,320
"SCEL","OJAI","2025-09-18T05:54:00Z","2025-09-18T23:22:00Z",340,0,340
"SGAS","OYSN","2025-09-18T07:32:00Z","2025-09-18T23:22:00Z",360,0,360
"SVMI","OOMS","2025-09-18T05:12:00Z","2025-09-18T23:26:00Z",340,0,340
"SCEL","EDDI","2025-09-18T06:52:00Z","2025-09-18T23:27:00Z",300,0,300
"SPIM","VIDP","2025-09-18T00:22:00Z","2025-09-18T23:28:00Z",300,0,300
"UMMS","SCEL","2025-09-18T05:38:00Z","2025-09-18T23:28:00Z",340,0,340
"LKPR","SVMI","2025-09-18T11:52:00Z","2025-09-18T23:29:00Z",300,0,300
"LOWW","SEQM","2025-09-18T09:33:00Z","2025-09-18T23:30:00Z",300,0,300
"OJAI","SGAS","2025-09-18T07:56:00Z","2025-09-18T23:30:00Z",320,0,320
"SUAA","LDZA","2025-09-18T07:11:00Z","2025-09-18T23:30:00Z",300,0,300
"SKBO","LATI","2025-09-18T09:59:00Z","2025-09-18T23:31:00Z",300,0,300
"SKBO","LKPR","2025-09-18T10:32:00Z","2025-09-18T23:31:00Z",360,0,360
"SUAA","UMMS","2025-09-18T06:41:00Z","2025-09-18T23:31:00Z",300,0,300
"OPKC","SKBO","2025-09-18T03:57:00Z","2025-09-18T23:32:00Z",320,0,320
"SUAA","EHAM","2025-09-18T07:27:00Z","2025-09-18T23:32:00Z",320,0,320
"OJAI","SUAA","2025-09-18T06:31:00Z","2025-09-18T23:33:00Z",340,0,340
"OYSN","SLLP","2025-09-18T05:30:00Z","2025-09-18T23:33:00Z",340,0,340
"OMDB","SUAA","2025-09-18T05:44:00Z","2025-09-18T23:34:00Z",340,0,340
"VIDP","SVMI","2025-09-18T04:42:00Z","2025-09-18T23:34:00Z",300,0,300
"OOMS","SCEL","2025-09-18T03:57:00Z","2025-09-18T23:37:00Z",360,0,360
"SLLP","EBCI","2025-09-18T09:52:00Z","2025-09-18T23:37:00Z",360,0,360
"SABE","LOWW","2025-09-18T07:56:00Z","2025-09-18T23:39:00Z",360,0,360
"SUAA","OSDI","2025-09-18T06:25:00Z","2025-09-18T23:41:00Z",320,0,320
"EDDI","SPIM","2025-09-18T08:49:00Z","2025-09-18T23:43:00Z",360,0,360
"SABE","OOMS","2025-09-18T04:27:00Z","2025-09-18T23:44:00Z",320,0,320
"LBSF","SPIM","2025-09-18T07:01:00Z","2025-09-18T23:45:00Z",320,0,320
"LDZA","SLLP","2025-09-18T08:10:00Z","2025-09-18T23:45:00Z",340,0,340
"SLLP","OOMS","2025-09-18T03:44:00Z","2025-09-18T23:45:00Z",300,0,300
"OPKC","SBBR","2025-09-18T05:19:00Z","2025-09-18T23:46:00Z",360,0,360
"OOMS","SGAS","2025-09-18T05:51:00Z","2025-09-18T23:48:00Z",300,0,300
"OSDI","SEQM","2025-09-18T06:27:00Z","2025-09-18T23:49:00Z",360,0,360
"OSDI","SBBR","2025-09-18T09:55:00Z","2025-09-18T23:50:00Z",320,0,320
"LKPR","SPIM","2025-09-18T08:55:00Z","2025-09-18T23:52:00Z",340,0,340
"SGAS","OOMS","2025-09-18T05:55:00Z","2025-09-18T23:52:00Z",360,0,360
"LBSF","SVMI","2025-09-18T10:20:00Z","2025-09-18T23:53:00Z",300,0,300
"LOWW","SGAS","2025-09-18T08:12:00Z","2025-09-18T23:53:00Z",340,0,340
"OPKC","SPIM","2025-09-18T01:47:00Z","2025-09-18T23:54:00Z",340,0,340
"SGAS","OPKC","2025-09-18T03:48:00Z","2025-09-18T23:54:00Z",360,0,360
"OOMS","SBBR","2025-09-18T06:38:00Z","2025-09-18T23:55:00Z",360,0,360
"EBCI","SLLP","2025-09-18T09:11:00Z","2025-09-18T23:56:00Z",360,0,360
"SUAA","EKCH","2025-09-18T07:05:00Z","2025-09-18T23:56:00Z",320,0,320
"LATI","SCEL","2025-09-18T07:35:00Z","2025-09-19T00:00:00Z",320,0,320
"LATI","SPIM","2025-09-18T08:42:00Z","2025-09-19T00:01:00Z",320,0,320
"SVMI","LOWW","2025-09-18T12:13:00Z","2025-09-19T00:01:00Z",340,0,340
"EBCI","SVMI","2025-09-18T13:20:00Z","2025-09-19T00:03:00Z",300,0,300
"SABE","OYSN","2025-09-18T07:57:00Z","2025-09-19T00:04:00Z",340,0,340
"VIDP","SEQM","2025-09-18T02:03:00Z","2025-09-19T00:04:00Z",300,0,300
"OSDI","SCEL","2025-09-18T06:23:00Z","2025-09-19T00:05:00Z",340,0,340
"SUAA","LKPR","2025-09-18T08:30:00Z","2025-09-19T00:05:00Z",360,0,360
"SVMI","UMMS","2025-09-18T11:17:00Z","2025-09-19T00:05:00Z",300,0,300
"SCEL","OYSN","2025-09-18T06:35:00Z","2025-09-19T00:06:00Z",320,0,320
"UBBB","SABE","2025-09-18T05:48:00Z","2025-09-19T00:06:00Z",360,0,360
"SKBO","LDZA","2025-09-18T10:56:00Z","2025-09-19T00:07:00Z",300,0,300
"SKBO","EHAM","2025-09-18T11:01:00Z","2025-09-19T00:08:00Z",340,0,340
"SPIM","OMDB","2025-09-18T04:35:00Z","2025-09-19T00:10:00Z",360,0,360
"LBSF","SEQM","2025-09-18T09:28:00Z","2025-09-19T00:11:00Z",320,0,320
"UBBB","SGAS","2025-09-18T06:38:00Z","2025-09-19T00:11:00Z",320,0,320
"SBBR","UBBB","2025-09-18T08:35:00Z","2025-09-19T00:15:00Z",300,0,300
"OMDB","SCEL","2025-09-18T04:50:00Z","2025-09-19T00:16:00Z",300,0,300
"SBBR","LBSF","2025-09-18T10:16:00Z","2025-09-19T00:16:00Z",360,0,360
"OJAI","SCEL","2025-09-18T06:49:00Z","2025-09-19T00:17:00Z",300,0,300
"SEQM","OAKB","2025-09-18T04:32:00Z","2025-09-19T00:17:00Z",340,0,340
"EKCH","SGAS","2025-09-18T09:26:00Z","2025-09-19T00:18:00Z",340,0,340
"EBCI","SLLP","2025-09-18T10:35:00Z","2025-09-19T00:20:00Z",300,0,300
"SLLP","LATI","2025-09-18T09:36:00Z","2025-09-19T00:20:00Z",360,0,360
"UMMS","SGAS","2025-09-18T08:25:00Z","2025-09-19T00:22:00Z",340,0,340
"SPIM","EHAM","2025-09-18T09:14:00Z","2025-09-19T00:23:00Z",340,0,340
"OSDI","SUAA","2025-09-18T07:09:00Z","2025-09-19T00:25:00Z",340,0,340
"SBBR","OOMS","2025-09-18T07:09:00Z","2025-09-19T00:26:00Z",360,0,360
"LDZA","SEQM","2025-09-18T10:28:00Z","2025-09-19T00:27:00Z",360,0,360
"OJAI","SVMI","2025-09-18T09:17:00Z","2025-09-19T00:27:00Z",340,0,340
"SLLP","EDDI","2025-09-18T09:53:00Z","2025-09-19T00:28:00Z",360,0,360
"SPIM","LKPR","2025-09-18T09:31:00Z","2025-09-19T00:28:00Z",360,0,360
"EBCI","SBBR","2025-09-18T11:29:00Z","2025-09-19T00:31:00Z",300,0,300
"OPKC","SABE","2025-09-18T04:09:00Z","2025-09-19T00:32:00Z",360,0,360
"SABE","EKCH","2025-09-18T08:34:00Z","2025-09-19T00:33:00Z",340,0,340
"OYSN","SCEL","2025-09-18T06:03:00Z","2025-09-19T00:34:00Z",340,0,340
"SBBR","LATI","2025-09-18T11:00:00Z","2025-09-19T00:34:00Z",340,0,340
"SGAS","OPKC","2025-09-18T04:28:00Z","2025-09-19T00:34:00Z",360,0,360
"EDDI","SVMI","2025-09-18T12:03:00Z","2025-09-19T00:35:00Z",360,0,360
"VIDP","SLLP","2025-09-18T02:15:00Z","2025-09-19T00:36:00Z",320,0,320
"SLLP","LOWW","2025-09-18T09:57:00Z","2025-09-19T00:38:00Z",320,0,320
"OYSN","SPIM","2025-09-18T05:29:00Z","2025-09-19T00:39:00Z",360,0,360
"UMMS","SLLP","2025-09-18T08:47:00Z","2025-09-19T00:39:00Z",340,0,340
"SVMI","LBSF","2025-09-18T11:08:00Z","2025-09-19T00:41:00Z",360,0,360
"LATI","SUAA","2025-09-18T08:28:00Z","2025-09-19T00:42:00Z",340,0,340
"SLLP","EBCI","2025-09-18T10:58:00Z","2025-09-19T00:43:00Z",300,0,300
"LOWW","SLLP","2025-09-18T09:03:00Z","2025-09-19T00:44:00Z",340,0,340
"SLLP","OYSN","2025-09-18T06:41:00Z","2025-09-19T00:44:00Z",300,0,300
"EDDI","SLLP","2025-09-18T09:14:00Z","2025-09-19T00:49:00Z",360,0,360
"LATI","SKBO","2025-09-18T10:21:00Z","2025-09-19T00:53:00Z",360,0,360
"OAKB","SGAS","2025-09-18T04:21:00Z","2025-09-19T00:54:00Z",320,0,320
"LKPR","SGAS","2025-09-18T09:16:00Z","2025-09-19T00:56:00Z",320,0,320
"OJAI","SEQM","2025-09-18T07:37:00Z","2025-09-19T00:56:00Z",320,0,320
"UMMS","SVMI","2025-09-18T11:08:00Z","2025-09-19T00:56:00Z",360,0,360
"EBCI","SPIM","2025-09-18T10:56:00Z","2025-09-19T01:00:00Z",320,0,320
"SEQM","OMDB","2025-09-18T06:04:00Z","2025-09-19T01:00:00Z",320,0,320
"UBBB","SPIM","2025-09-18T06:26:00Z","2025-09-19T01:01:00Z",320,0,320
"VIDP","SPIM","2025-09-18T02:55:00Z","2025-09-19T01:01:00Z",340,0,340
"OERK","SGAS","2025-09-18T08:33:00Z","2025-09-19T01:04:00Z",360,0,360
"SCEL","OAKB","2025-09-18T03:39:00Z","2025-09-19T01:04:00Z",340,0,340
"LKPR","SLLP","2025-09-18T10:30:00Z","2025-09-19T01:05:00Z",360,0,360
"EBCI","SUAA","2025-09-18T10:13:00Z","2025-09-19T01:06:00Z",360,0,360
"SPIM","OJAI","2025-09-18T07:02:00Z","2025-09-19T01:06:00Z",300,0,300
"LOWW","SCEL","2025-09-18T08:36:00Z","2025-09-19T01:11:00Z",340,0,340
"OYSN","SUAA","2025-09-18T09:18:00Z","2025-09-19T01:11:00Z",300,0,300
"SLLP","LBSF","2025-09-18T09:01:00Z","2025-09-19T01:11:00Z",340,0,340
"LDZA","SKBO","2025-09-18T11:01:00Z","2025-09-19T01:12:00Z",320,0,320
"OAKB","SKBO","2025-09-18T06:17:00Z","2025-09-19T01:15:00Z",360,0,360
"SPIM","EDDI","2025-09-18T10:21:00Z","2025-09-19T01:15:00Z",340,0,340
"SVMI","VIDP","2025-09-18T06:23:00Z","2025-09-19T01:15:00Z",300,0,300
"SGAS","OJAI","2025-09-18T09:42:00Z","2025-09-19T01:16:00Z",360,0,360
"SCEL","VIDP","2025-09-18T02:08:00Z","2025-09-19T01:17:00Z",320,0,320
"SPIM","OAKB","2025-09-18T04:25:00Z","2025-09-19T01:17:00Z",320,0,320
"EBCI","SCEL","2025-09-18T09:32:00Z","2025-09-19T01:18:00Z",320,0,320
"SBBR","OERK","2025-09-18T10:30:00Z","2025-09-19T01:18:00Z",360,0,360
"SKBO","LBSF","2025-09-18T11:22:00Z","2025-09-19T01:18:00Z",320,0,320
"OPKC","SCEL","2025-09-18T04:32:00Z","2025-09-19T01:19:00Z",360,0,360
"OSDI","SPIM","2025-09-18T07:09:00Z","2025-09-19T01:20:00Z",340,0,340
"LATI","SEQM","2025-09-18T10:02:00Z","2025-09-19T01:21:00Z",300,0,300
"SPIM","EKCH","2025-09-18T10:28:00Z","2025-09-19T01:21:00Z",340,0,340
"SUAA","OYSN","2025-09-18T09:29:00Z","2025-09-19T01:22:00Z",360,0,360
"SKBO","EKCH","2025-09-18T12:35:00Z","2025-09-19T01:23:00Z",340,0,340
"LKPR","SKBO","2025-09-18T12:25:00Z","2025-09-19T01:24:00Z",340,0,340
"SBBR","EBCI","2025-09-18T12:22:00Z","2025-09-19T01:24:00Z",300,0,300
"SBBR","UBBB","2025-09-18T09:45:00Z","2025-09-19T01:25:00Z",320,0,320
"OYSN","SBBR","2025-09-18T10:11:00Z","2025-09-19T01:26:00Z",360,0,360
"SEQM","EHAM","2025-09-18T12:32:00Z","2025-09-19T01:26:00Z",340,0,340
"SUAA","OMDB","2025-09-18T07:36:00Z","2025-09-19T01:26:00Z",320,0,320
"SGAS","UBBB","2025-09-18T07:54:00Z","2025-09-19T01:27:00Z",300,0,300
"OERK","SVMI","2025-09-18T09:44:00Z","2025-09-19T01:29:00Z",320,0,320
"OMDB","SKBO","2025-09-18T06:20:00Z","2025-09-19T01:29:00Z",360,0,360
"SUAA","EKCH","2025-09-18T09:38:00Z","2025-09-19T01:29:00Z",340,0,340
"LBSF","SCEL","2025-09-18T08:39:00Z","2025-09-19T01:30:00Z",320,0,320
"EHAM","SEQM","2025-09-18T12:40:00Z","2025-09-19T01:34:00Z",360,0,360
"LATI","SVMI","2025-09-18T12:29:00Z","2025-09-19T01:38:00Z",320,0,320
"SABE","VIDP","2025-09-18T04:53:00Z","2025-09-19T01:38:00Z",340,0,340
"SPIM","OSDI","2025-09-18T07:28:00Z","2025-09-19T01:39:00Z",320,0,320
"SLLP","EDDI","2025-09-18T10:06:00Z","2025-09-19T01:41:00Z",300,0,300
"OSDI","SVMI","2025-09-18T10:30:00Z","2025-09-19T01:42:00Z",320,0,320
"SBBR","OPKC","2025-09-18T07:15:00Z","2025-09-19T01:42:00Z",300,0,300
"OPKC","SVMI","2025-09-18T06:32:00Z","2025-09-19T01:43:00Z",300,0,300
"SCEL","OSDI","2025-09-18T07:02:00Z","2025-09-19T01:44:00Z",340,0,340
"SLLP","OPKC","2025-09-18T04:33:00Z","2025-09-19T01:44:00Z",340,0,340
"UMMS","SPIM","2025-09-18T08:33:00Z","2025-09-19T01:44:00Z",360,0,360
"OSDI","SABE","2025-09-18T08:17:00Z","2025-09-19T01:46:00Z",340,0,340
"SCEL","EKCH","2025-09-18T08:04:00Z","2025-09-19T01:46:00Z",300,0,300
"VIDP","SBBR","2025-09-18T06:02:00Z","2025-09-19T01:46:00Z",320,0,320
"LOWW","SGAS","2025-09-18T10:06:00Z","2025-09-19T01:47:00Z",300,0,300
"SGAS","LKPR","2025-09-18T10:08:00Z","2025-09-19T01:48:00Z",300,0,300
"SEQM","OJAI","2025-09-18T08:30:00Z","2025-09-19T01:49:00Z",320,0,320
"EKCH","SBBR","2025-09-18T11:50:00Z","2025-09-19T01:50:00Z",360,0,360
"SKBO","OSDI","2025-09-18T09:14:00Z","2025-09-19T01:50:00Z",340,0,340
"SUAA","VIDP","2025-09-18T04:19:00Z","2025-09-19T01:51:00Z",300,0,300
"UBBB","SVMI","2025-09-18T09:32:00Z","2025-09-19T01:53:00Z",320,0,320
"EHAM","SKBO","2025-09-18T12:49:00Z","2025-09-19T01:56:00Z",360,0,360
"EDDI","SUAA","2025-09-18T09:17:00Z","2025-09-19T01:57:00Z",340,0,340
"EKCH","SPIM","2025-09-18T10:05:00Z","2025-09-19T01:58:00Z",320,0,320
"OMDB","SGAS","2025-09-18T07:19:00Z","2025-09-19T01:58:00Z",360,0,360
"SABE","UBBB","2025-09-18T06:41:00Z","2025-09-19T01:59:00Z",300,0,300
"SUAA","OJAI","2025-09-18T08:57:00Z","2025-09-19T01:59:00Z",320,0,320
"SABE","LDZA","2025-09-18T10:31:00Z","2025-09-19T02:00:00Z",300,0,300
"SKBO","OYSN","2025-09-18T08:51:00Z","2025-09-19T02:02:00Z",320,0,320
"OOMS","SBBR","2025-09-18T09:47:00Z","2025-09-19T02:04:00Z",340,0,340
"SGAS","OERK","2025-09-18T09:33:00Z","2025-09-19T02:04:00Z",340,0,340
"OOMS","SGAS","2025-09-18T08:08:00Z","2025-09-19T02:05:00Z",340,0,340
"SUAA","LBSF","2025-09-18T10:25:00Z","2025-09-19T02:05:00Z",300,0,300
"LOWW","SABE","2025-09-18T10:23:00Z","2025-09-19T02:06:00Z",360,0,360
"UMMS","SUAA","2025-09-18T09:16:00Z","2025-09-19T02:06:00Z",360,0,360
"SEQM","VIDP","2025-09-18T04:07:00Z","2025-09-19T02:08:00Z",300,0,300
"SEQM","LBSF","2025-09-18T11:28:00Z","2025-09-19T02:11:00Z",340,0,340
"SCEL","LATI","2025-09-18T09:48:00Z","2025-09-19T02:13:00Z",340,0,340
"LBSF","SLLP","2025-09-18T10:04:00Z","2025-09-19T02:14:00Z",360,0,360
"OSDI","SLLP","2025-09-18T09:49:00Z","2025-09-19T02:14:00Z",300,0,300
"SEQM","OERK","2025-09-18T08:22:00Z","2025-09-19T02:15:00Z",320,0,320
"VIDP","SKBO","2025-09-18T05:02:00Z","2025-09-19T02:16:00Z",340,0,340
"EBCI","SABE","2025-09-18T10:16:00Z","2025-09-19T02:17:00Z",340,0,340
"SBBR","VIDP","2025-09-18T07:33:00Z","2025-09-19T02:17:00Z",320,0,320
"UMMS","SKBO","2025-09-18T11:11:00Z","2025-09-19T02:19:00Z",300,0,300
"SABE","EKCH","2025-09-18T10:22:00Z","2025-09-19T02:21:00Z",320,0,320
"SPIM","LBSF","2025-09-18T10:38:00Z","2025-09-19T02:22:00Z",360,0,360
"SUAA","LKPR","2025-09-18T10:49:00Z","2025-09-19T02:24:00Z",340,0,340
"SPIM","EHAM","2025-09-18T11:16:00Z","2025-09-19T02:25:00Z",360,0,360
"OMDB","SABE","2025-09-18T07:22:00Z","2025-09-19T02:26:00Z",300,0,300
"OMDB","SLLP","2025-09-18T07:47:00Z","2025-09-19T02:26:00Z",300,0,300
"SCEL","EHAM","2025-09-18T10:34:00Z","2025-09-19T02:29:00Z",320,0,320
"SBBR","LBSF","2025-09-18T12:30:00Z","2025-09-19T02:30:00Z",320,0,320
"LOWW","SLLP","2025-09-18T11:50:00Z","2025-09-19T02:31:00Z",300,0,300
"SPIM","LATI","2025-09-18T10:13:00Z","2025-09-19T02:32:00Z",320,0,320
"UBBB","SLLP","2025-09-18T07:33:00Z","2025-09-19T02:33:00Z",300,0,300
"SUAA","OERK","2025-09-18T09:49:00Z","2025-09-19T02:34:00Z",340,0,340
"UBBB","SEQM","2025-09-18T08:03:00Z","2025-09-19T02:34:00Z",360,0,360
"OMDB","SUAA","2025-09-18T08:47:00Z","2025-09-19T02:37:00Z",340,0,340
"SGAS","EHAM","2025-09-18T11:33:00Z","2025-09-19T02:38:00Z",320,0,320
"OERK","SGAS","2025-09-18T09:10:00Z","2025-09-19T02:41:00Z",320,0,320
"OOMS","SUAA","2025-09-18T07:38:00Z","2025-09-19T02:41:00Z",300,0,300
"SGAS","OAKB","2025-09-18T06:09:00Z","2025-09-19T02:42:00Z",360,0,360
"SGAS","LBSF","2025-09-18T11:49:00Z","2025-09-19T02:44:00Z",320,0,320
"SUAA","OOMS","2025-09-18T07:41:00Z","2025-09-19T02:44:00Z",320,0,320
"LKPR","SEQM","2025-09-18T12:00:00Z","2025-09-19T02:46:00Z",360,0,360
"SBBR","OSDI","2025-09-18T12:51:00Z","2025-09-19T02:46:00Z",300,0,300
"VIDP","SUAA","2025-09-18T05:14:00Z","2025-09-19T02:46:00Z",320,0,320
"OJAI","SPIM","2025-09-18T08:43:00Z","2025-09-19T02:47:00Z",340,0,340
"SBBR","OAKB","2025-09-18T08:02:00Z","2025-09-19T02:47:00Z",320,0,320
"EBCI","SKBO","2025-09-18T13:43:00Z","2025-09-19T02:48:00Z",340,0,340
"EKCH","SABE","2025-09-18T10:50:00Z","2025-09-19T02:49:00Z",360,0,360
"EKCH","SUAA","2025-09-18T10:58:00Z","2025-09-19T02:49:00Z",340,0,340
"SVMI","OPKC","2025-09-18T07:38:00Z","2025-09-19T02:49:00Z",340,0,340
"OJAI","SEQM","2025-09-18T09:31:00Z","2025-09-19T02:50:00Z",360,0,360
"SKBO","UMMS","2025-09-18T11:42:00Z","2025-09-19T02:50:00Z",340,0,340
"OPKC","SVMI","2025-09-18T07:41:00Z","2025-09-19T02:52:00Z",360,0,360
"SKBO","OJAI","2025-09-18T10:19:00Z","2025-09-19T02:52:00Z",360,0,360
"SKBO","LATI","2025-09-18T12:21:00Z","2025-09-19T02:53:00Z",360,0,360
"VIDP","SGAS","2025-09-18T05:29:00Z","2025-09-19T02:55:00Z",360,0,360
"LATI","SGAS","2025-09-18T11:27:00Z","2025-09-19T02:56:00Z",340,0,340
"SABE","EBCI","2025-09-18T10:58:00Z","2025-09-19T02:59:00Z",360,0,360
"EDDI","SLLP","2025-09-18T12:26:00Z","2025-09-19T03:01:00Z",300,0,300
"OJAI","SBBR","2025-09-18T13:18:00Z","2025-09-19T03:02:00Z",320,0,320
"SCEL","OERK","2025-09-18T08:45:00Z","2025-09-19T03:04:00Z",360,0,360
"OAKB","SPIM","2025-09-18T06:13:00Z","2025-09-19T03:05:00Z",340,0,340
"SPIM","OPKC","2025-09-18T05:58:00Z","2025-09-19T03:05:00Z",360,0,360
"SABE","LOWW","2025-09-18T11:24:00Z","2025-09-19T03:07:00Z",300,0,300
"SGAS","LDZA","2025-09-18T12:38:00Z","2025-09-19T03:07:00Z",340,0,340
"SLLP","EKCH","2025-09-18T12:29:00Z","2025-09-19T03:07:00Z",360,0,360
"SUAA","EBCI","2025-09-18T12:14:00Z","2025-09-19T03:07:00Z",340,0,340
"OJAI","SABE","2025-09-18T10:55:00Z","2025-09-19T03:09:00Z",360,0,360
"SPIM","UBBB","2025-09-18T08:34:00Z","2025-09-19T03:09:00Z",340,0,340
"LDZA","SCEL","2025-09-18T10:46:00Z","2025-09-19T03:10:00Z",300,0,300
"OMDB","SPIM","2025-09-18T07:37:00Z","2025-09-19T03:12:00Z",360,0,360
"SABE","OERK","2025-09-18T10:13:00Z","2025-09-19T03:12:00Z",300,0,300
"OSDI","SBBR","2025-09-18T13:20:00Z","2025-09-19T03:15:00Z",360,0,360
"SUAA","OAKB","2025-09-18T07:22:00Z","2025-09-19T03:15:00Z",360,0,360
"OAKB","SABE","2025-09-18T06:12:00Z","2025-09-19T03:18:00Z",360,0,360
"SABE","OMDB","2025-09-18T08:14:00Z","2025-09-19T03:18:00Z",340,0,340
"SUAA","EDDI","2025-09-18T11:39:00Z","2025-09-19T03:19:00Z",300,0,300
"OERK","SEQM","2025-09-18T09:28:00Z","2025-09-19T03:21:00Z",340,0,340
"OOMS","SVMI","2025-09-18T09:07:00Z","2025-09-19T03:21:00Z",340,0,340
"EDDI","SUAA","2025-09-18T11:42:00Z","2025-09-19T03:22:00Z",320,0,320
"LDZA","SABE","2025-09-18T11:53:00Z","2025-09-19T03:22:00Z",360,0,360
"OERK","SUAA","2025-09-18T10:37:00Z","2025-09-19T03:22:00Z",300,0,300
"UBBB","SBBR","2025-09-18T11:42:00Z","2025-09-19T03:22:00Z",360,0,360
"OAKB","SEQM","2025-09-18T07:38:00Z","2025-09-19T03:23:00Z",300,0,300
"OYSN","SCEL","2025-09-18T09:53:00Z","2025-09-19T03:24:00Z",340,0,340
"SUAA","OPKC","2025-09-18T07:15:00Z","2025-09-19T03:24:00Z",300,0,300
"LKPR","SGAS","2025-09-18T12:46:00Z","2025-09-19T03:26:00Z",300,0,300
"SKBO","OOMS","2025-09-18T08:49:00Z","2025-09-19T03:26:00Z",300,0,300
"OJAI","SKBO","2025-09-18T11:54:00Z","2025-09-19T03:27:00Z",320,0,320
"SCEL","LOWW","2025-09-18T10:53:00Z","2025-09-19T03:28:00Z",300,0,300
"VIDP","SVMI","2025-09-18T08:36:00Z","2025-09-19T03:28:00Z",340,0,340
"LDZA","SUAA","2025-09-18T11:10:00Z","2025-09-19T03:29:00Z",300,0,300
"SLLP","UBBB","2025-09-18T08:30:00Z","2025-09-19T03:30:00Z",320,0,320
"SLLP","LKPR","2025-09-18T12:57:00Z","2025-09-19T03:32:00Z",300,0,300
"SCEL","EBCI","2025-09-18T11:47:00Z","2025-09-19T03:33:00Z",320,0,320
"SCEL","UMMS","2025-09-18T09:43:00Z","2025-09-19T03:33:00Z",360,0,360
"SABE","LATI","2025-09-18T11:09:00Z","2025-09-19T03:34:00Z",340,0,340
"SCEL","OPKC","2025-09-18T06:47:00Z","2025-09-19T03:34:00Z",320,0,320
"OSDI","SUAA","2025-09-18T10:19:00Z","2025-09-19T03:35:00Z",340,0,340
"SCEL","LBSF","2025-09-18T10:46:00Z","2025-09-19T03:37:00Z",320,0,320
"OAKB","SBBR","2025-09-18T09:53:00Z","2025-09-19T03:38:00Z",300,0,300
"SCEL","OMDB","2025-09-18T07:12:00Z","2025-09-19T03:38:00Z",300,0,300
"SPIM","OMDB","2025-09-18T07:04:00Z","2025-09-19T03:39:00Z",340,0,340
"LOWW","SCEL","2025-09-18T10:05:00Z","2025-09-19T03:40:00Z",300,0,300
"SUAA","LOWW","2025-09-18T11:11:00Z","2025-09-19T03:45:00Z",300,0,300
"SCEL","UBBB","2025-09-18T07:17:00Z","2025-09-19T03:46:00Z",320,0,320
"SABE","LDZA","2025-09-18T11:19:00Z","2025-09-19T03:48:00Z",360,0,360
"UBBB","SVMI","2025-09-18T11:27:00Z","2025-09-19T03:48:00Z",360,0,360
"OJAI","SCEL","2025-09-18T09:22:00Z","2025-09-19T03:50:00Z",320,0,320
"SEQM","OSDI","2025-09-18T10:30:00Z","2025-09-19T03:52:00Z",320,0,320
"OOMS","SKBO","2025-09-18T08:17:00Z","2025-09-19T03:54:00Z",360,0,360
"OYSN","SKBO","2025-09-18T09:43:00Z","2025-09-19T03:54:00Z",360,0,360
"EKCH","SGAS","2025-09-18T12:04:00Z","2025-09-19T03:56:00Z",320,0,320
"EBCI","SCEL","2025-09-18T11:13:00Z","2025-09-19T03:59:00Z",360,0,360
"OSDI","SKBO","2025-09-18T11:23:00Z","2025-09-19T03:59:00Z",300,0,300
"SVMI","OAKB","2025-09-18T09:23:00Z","2025-09-19T03:59:00Z",320,0,320
"OMDB","SEQM","2025-09-18T09:08:00Z","2025-09-19T04:04:00Z",360,0,360
"SGAS","OYSN","2025-09-18T12:14:00Z","2025-09-19T04:04:00Z",360,0,360
"SKBO","OMDB","2025-09-18T09:55:00Z","2025-09-19T04:04:00Z",300,0,300
"SUAA","UBBB","2025-09-18T09:58:00Z","2025-09-19T04:04:00Z",320,0,320
"SVMI","UBBB","2025-09-18T12:43:00Z","2025-09-19T04:04:00Z",320,0,320
"OMDB","SKBO","2025-09-18T09:56:00Z","2025-09-19T04:05:00Z",340,0,340
"OAKB","SGAS","2025-09-18T08:34:00Z","2025-09-19T04:07:00Z",360,0,360
"SGAS","LOWW","2025-09-18T13:26:00Z","2025-09-19T04:07:00Z",300,0,300
"OAKB","SLLP","2025-09-18T07:54:00Z","2025-09-19T04:08:00Z",320,0,320
"OSDI","SCEL","2025-09-18T10:26:00Z","2025-09-19T04:08:00Z",320,0,320
"SPIM","OYSN","2025-09-18T09:58:00Z","2025-09-19T04:08:00Z",320,0,320
"SPIM","EBCI","2025-09-18T13:07:00Z","2025-09-19T04:11:00Z",320,0,320
"SEQM","VIDP","2025-09-18T06:12:00Z","2025-09-19T04:13:00Z",320,0,320
"SVMI","OERK","2025-09-18T12:28:00Z","2025-09-19T04:13:00Z",320,0,320
"EDDI","SABE","2025-09-18T12:25:00Z","2025-09-19T04:14:00Z",340,0,340
"OAKB","SKBO","2025-09-18T09:18:00Z","2025-09-19T04:16:00Z",320,0,320
"SLLP","VIDP","2025-09-18T06:55:00Z","2025-09-19T04:16:00Z",320,0,320
"LDZA","SPIM","2025-09-18T12:15:00Z","2025-09-19T04:19:00Z",300,0,300
"UMMS","SPIM","2025-09-18T11:08:00Z","2025-09-19T04:19:00Z",340,0,340
"SKBO","OAKB","2025-09-18T09:24:00Z","2025-09-19T04:22:00Z",300,0,300
"SABE","OAKB","2025-09-18T07:27:00Z","2025-09-19T04:33:00Z",360,0,360
"LKPR","SUAA","2025-09-18T12:59:00Z","2025-09-19T04:34:00Z",360,0,360
"EKCH","SCEL","2025-09-18T11:53:00Z","2025-09-19T04:35:00Z",340,0,340
"OMDB","SLLP","2025-09-18T09:57:00Z","2025-09-19T04:36:00Z",340,0,340
"SPIM","LKPR","2025-09-18T13:39:00Z","2025-09-19T04:36:00Z",340,0,340
"UMMS","SABE","2025-09-18T11:39:00Z","2025-09-19T04:38:00Z",300,0,300
"SLLP","OERK","2025-09-18T10:09:00Z","2025-09-19T04:39:00Z",300,0,300
"OSDI","SGAS","2025-09-18T12:55:00Z","2025-09-19T04:41:00Z",300,0,300
"SKBO","UBBB","2025-09-18T11:57:00Z","2025-09-19T04:41:00Z",320,0,320
"SUAA","UMMS","2025-09-18T11:52:00Z","2025-09-19T04:42:00Z",360,0,360
"EDDI","SEQM","2025-09-18T14:03:00Z","2025-09-19T04:43:00Z",320,0,320
"OERK","SPIM","2025-09-18T09:16:00Z","2025-09-19T04:43:00Z",360,0,360
"SBBR","OMDB","2025-09-18T12:46:00Z","2025-09-19T04:43:00Z",300,0,300
"SEQM","UBBB","2025-09-18T10:14:00Z","2025-09-19T04:45:00Z",340,0,340
"SLLP","OMDB","2025-09-18T09:06:00Z","2025-09-19T04:45:00Z",300,0,300
"VIDP","SPIM","2025-09-18T05:39:00Z","2025-09-19T04:45:00Z",300,0,300
"EDDI","SPIM","2025-09-18T13:55:00Z","2025-09-19T04:49:00Z",360,0,360
"LDZA","SGAS","2025-09-18T13:20:00Z","2025-09-19T04:49:00Z",360,0,360
"OYSN","SPIM","2025-09-18T09:42:00Z","2025-09-19T04:52:00Z",300,0,300
"SKBO","OERK","2025-09-18T10:45:00Z","2025-09-19T04:52:00Z",360,0,360
"LBSF","SUAA","2025-09-18T12:13:00Z","2025-09-19T04:53:00Z",300,0,300
"SABE","OSDI","2025-09-18T11:24:00Z","2025-09-19T04:53:00Z",340,0,340
"SEQM","UMMS","2025-09-18T13:58:00Z","2025-09-19T04:53:00Z",360,0,360
"SABE","OMDB","2025-09-18T09:50:00Z","2025-09-19T04:54:00Z",340,0,340
"LOWW","SUAA","2025-09-18T12:22:00Z","2025-09-19T04:56:00Z",320,0,320
"OJAI","SPIM","2025-09-18T10:52:00Z","2025-09-19T04:56:00Z",360,0,360
"OOMS","SPIM","2025-09-18T07:57:00Z","2025-09-19T04:57:00Z",300,0,300
"OSDI","SPIM","2025-09-18T10:46:00Z","2025-09-19T04:57:00Z",320,0,320
"EHAM","SUAA","2025-09-18T13:56:00Z","2025-09-19T05:01:00Z",340,0,340
"SABE","OOMS","2025-09-18T10:44:00Z","2025-09-19T05:01:00Z",340,0,340
"SUAA","OSDI","2025-09-18T12:57:00Z","2025-09-19T05:13:00Z",340,0,340
"SLLP","OSDI","2025-09-18T12:52:00Z","2025-09-19T05:17:00Z",320,0,320
"SCEL","OYSN","2025-09-18T11:48:00Z","2025-09-19T05:19:00Z",320,0,320
"OPKC","SEQM","2025-09-18T08:58:00Z","2025-09-19T05:20:00Z",300,0,300
"OYSN","SGAS","2025-09-18T13:30:00Z","2025-09-19T05:20:00Z",360,0,360
"SEQM","LATI","2025-09-18T14:01:00Z","2025-09-19T05:20:00Z",300,0,300
"LBSF","SLLP","2025-09-18T13:11:00Z","2025-09-19T05:21:00Z",320,0,320
"OAKB","SVMI","2025-09-18T11:45:00Z","2025-09-19T05:21:00Z",360,0,360
"OJAI","SLLP","2025-09-18T12:07:00Z","2025-09-19T05:22:00Z",360,0,360
"SCEL","OOMS","2025-09-18T09:46:00Z","2025-09-19T05:26:00Z",360,0,360
"SCEL","OSDI","2025-09-18T11:45:00Z","2025-09-19T05:27:00Z",340,0,340
"OERK","SKBO","2025-09-18T11:22:00Z","2025-09-19T05:29:00Z",340,0,340
"SLLP","OOMS","2025-09-18T09:30:00Z","2025-09-19T05:31:00Z",360,0,360
"OYSN","SEQM","2025-09-18T11:39:00Z","2025-09-19T05:32:00Z",300,0,300
"OPKC","SKBO","2025-09-18T09:00:00Z","2025-09-19T05:35:00Z",320,0,320
"OOMS","SUAA","2025-09-18T10:33:00Z","2025-09-19T05:36:00Z",320,0,320
"LKPR","SCEL","2025-09-18T12:04:00Z","2025-09-19T05:37:00Z",320,0,320
"SUAA","OPKC","2025-09-18T09:30:00Z","2025-09-19T05:39:00Z",360,0,360
"OPKC","SCEL","2025-09-18T08:53:00Z","2025-09-19T05:40:00Z",300,0,300
"UBBB","SKBO","2025-09-18T12:02:00Z","2025-09-19T05:46:00Z",300,0,300
"SUAA","EHAM","2025-09-18T13:46:00Z","2025-09-19T05:51:00Z",300,0,300
"UBBB","SLLP","2025-09-18T10:53:00Z","2025-09-19T05:53:00Z",300,0,300
"SABE","UBBB","2025-09-18T10:41:00Z","2025-09-19T05:59:00Z",360,0,360
"SGAS","UBBB","2025-09-18T12:31:00Z","2025-09-19T06:04:00Z",340,0,340
"SGAS","OERK","2025-09-18T13:37:00Z","2025-09-19T06:08:00Z",340,0,340
"SEQM","OJAI","2025-09-18T13:57:00Z","2025-09-19T06:16:00Z",340,0,340
"OJAI","SUAA","2025-09-18T13:16:00Z","2025-09-19T06:18:00Z",360,0,360
"OERK","SLLP","2025-09-18T12:54:00Z","2025-09-19T06:24:00Z",320,0,320
"OOMS","SCEL","2025-09-18T10:44:00Z","2025-09-19T06:24:00Z",320,0,320
"VIDP","SEQM","2025-09-18T08:25:00Z","2025-09-19T06:26:00Z",360,0,360
"OERK","SABE","2025-09-18T13:30:00Z","2025-09-19T06:29:00Z",360,0,360
"SPIM","VIDP","2025-09-18T07:23:00Z","2025-09-19T06:29:00Z",360,0,360
"UBBB","SUAA","2025-09-18T11:26:00Z","2025-09-19T06:32:00Z",300,0,300
"OMDB","SABE","2025-09-18T11:30:00Z","2025-09-19T06:34:00Z",340,0,340
"OAKB","SPIM","2025-09-18T09:44:00Z","2025-09-19T06:36:00Z",340,0,340
"SABE","VIDP","2025-09-18T09:52:00Z","2025-09-19T06:37:00Z",300,0,300
"OAKB","SABE","2025-09-18T09:33:00Z","2025-09-19T06:39:00Z",320,0,320
"VIDP","SABE","2025-09-18T09:54:00Z","2025-09-19T06:39:00Z",300,0,300
"OPKC","SABE","2025-09-18T10:17:00Z","2025-09-19T06:40:00Z",360,0,360
"SLLP","OOMS","2025-09-18T10:40:00Z","2025-09-19T06:41:00Z",300,0,300
"OYSN","SLLP","2025-09-18T12:43:00Z","2025-09-19T06:46:00Z",300,0,300
"UBBB","SCEL","2025-09-18T10:20:00Z","2025-09-19T06:49:00Z",300,0,300
"SEQM","OYSN","2025-09-18T12:58:00Z","2025-09-19T06:51:00Z",340,0,340
"SKBO","OPKC","2025-09-18T10:17:00Z","2025-09-19T06:52:00Z",360,0,360
"SCEL","OERK","2025-09-18T11:36:00Z","2025-09-19T06:55:00Z",360,0,360
"OSDI","SABE","2025-09-18T13:29:00Z","2025-09-19T06:58:00Z",320,0,320
"SEQM","OSDI","2025-09-18T13:36:00Z","2025-09-19T06:58:00Z",300,0,300
"SABE","OAKB","2025-09-18T09:53:00Z","2025-09-19T06:59:00Z",320,0,320
"SCEL","OMDB","2025-09-18T10:33:00Z","2025-09-19T06:59:00Z",320,0,320
"SABE","OPKC","2025-09-18T11:37:00Z","2025-09-19T07:00:00Z",300,0,300
"SEQM","OPKC","2025-09-18T10:38:00Z","2025-09-19T07:00:00Z",360,0,360
"SCEL","OJAI","2025-09-18T13:34:00Z","2025-09-19T07:02:00Z",300,0,300
"OMDB","SPIM","2025-09-18T11:32:00Z","2025-09-19T07:07:00Z",320,0,320
"OMDB","SGAS","2025-09-18T13:37:00Z","2025-09-19T07:16:00Z",360,0,360
"SLLP","OYSN","2025-09-18T13:15:00Z","2025-09-19T07:18:00Z",340,0,340
"UMMS","SCEL","2025-09-18T13:28:00Z","2025-09-19T07:18:00Z",360,0,360
"SUAA","VIDP","2025-09-18T10:47:00Z","2025-09-19T07:19:00Z",300,0,300
"SPIM","OYSN","2025-09-18T12:16:00Z","2025-09-19T07:26:00Z",300,0,300
"OPKC","SUAA","2025-09-18T11:18:00Z","2025-09-19T07:27:00Z",340,0,340
"VIDP","SCEL","2025-09-18T08:18:00Z","2025-09-19T07:27:00Z",360,0,360
"SCEL","UMMS","2025-09-18T13:41:00Z","2025-09-19T07:31:00Z",360,0,360
"SBBR","OAKB","2025-09-18T13:51:00Z","2025-09-19T07:36:00Z",300,0,300
"SCEL","LKPR","2025-09-18T14:04:00Z","2025-09-19T07:37:00Z",360,0,360
"SGAS","OOMS","2025-09-18T13:42:00Z","2025-09-19T07:39:00Z",360,0,360
"UBBB","SEQM","2025-09-18T13:08:00Z","2025-09-19T07:39:00Z",340,0,340
"SEQM","UBBB","2025-09-18T13:09:00Z","2025-09-19T07:40:00Z",360,0,360
"SUAA","OOMS","2025-09-18T12:37:00Z","2025-09-19T07:40:00Z",320,0,320
"SEQM","OOMS","2025-09-18T11:19:00Z","2025-09-19T07:42:00Z",300,0,300
"VIDP","SUAA","2025-09-18T10:15:00Z","2025-09-19T07:47:00Z",360,0,360
"OAKB","SCEL","2025-09-18T09:26:00Z","2025-09-19T07:51:00Z",320,0,320
"SPIM","OJAI","2025-09-18T13:47:00Z","2025-09-19T07:51:00Z",360,0,360
"VIDP","SLLP","2025-09-18T09:31:00Z","2025-09-19T07:52:00Z",340,0,340
"SPIM","OAKB","2025-09-18T10:01:00Z","2025-09-19T07:53:00Z",360,0,360
"SKBO","VIDP","2025-09-18T10:44:00Z","2025-09-19T07:58:00Z",320,0,320
"SCEL","OPKC","2025-09-18T10:12:00Z","2025-09-19T07:59:00Z",340,0,340
"OOMS","SLLP","2025-09-18T12:02:00Z","2025-09-19T08:03:00Z",360,0,360
"SLLP","OPKC","2025-09-18T11:57:00Z","2025-09-19T08:08:00Z",300,0,300
"SLLP","OAKB","2025-09-18T11:55:00Z","2025-09-19T08:09:00Z",340,0,340
"SVMI","OOMS","2025-09-18T14:01:00Z","2025-09-19T08:15:00Z",320,0,320
"UBBB","SABE","2025-09-18T13:06:00Z","2025-09-19T08:24:00Z",360,0,360
"OOMS","SABE","2025-09-18T13:17:00Z","2025-09-19T08:34:00Z",300,0,300
"SEQM","OAKB","2025-09-18T12:54:00Z","2025-09-19T08:39:00Z",340,0,340
"SCEL","OOMS","2025-09-18T12:11:00Z","2025-09-19T08:51:00Z",340,0,340
"SUAA","OMDB","2025-09-18T14:01:00Z","2025-09-19T08:51:00Z",360,0,360
"SPIM","OAKB","2025-09-18T11:04:00Z","2025-09-19T08:56:00Z",320,0,320
"OERK","SCEL","2025-09-18T13:39:00Z","2025-09-19T08:58:00Z",320,0,320
"OPKC","SLLP","2025-09-18T12:53:00Z","2025-09-19T09:04:00Z",360,0,360
"OPKC","SKBO","2025-09-18T13:31:00Z","2025-09-19T09:06:00Z",360,0,360
"OPKC","SGAS","2025-09-18T13:05:00Z","2025-09-19T09:11:00Z",340,0,340
"OAKB","SUAA","2025-09-18T13:46:00Z","2025-09-19T09:39:00Z",340,0,340
"OMDB","SCEL","2025-09-18T13:21:00Z","2025-09-19T09:47:00Z",320,0,320
"SLLP","VIDP","2025-09-18T11:34:00Z","2025-09-19T09:55:00Z",340,0,340
"OAKB","SLLP","2025-09-18T13:08:00Z","2025-09-19T10:22:00Z",300,0,300
"OPKC","SLLP","2025-09-18T13:11:00Z","2025-09-19T10:22:00Z",320,0,320
"VIDP","SPIM","2025-09-18T11:33:00Z","2025-09-19T10:39:00Z",340,0,340
